v4,shotgun,mouse,rfid,material,time,group,cage
214-532E-final,GC3-ISST_359595_S9,GC3-ISST,532E,Feces,Launch plus 9,Ground Control,214
214-6361-final,GC4-ISST_359594_S8,GC4-ISST,6361,Feces,Launch plus 9,Ground Control,214
214-7715-final,GC5-ISST_359590_S4,GC5-ISST,7715,Feces,Launch plus 9,Ground Control,214
214-0446-final,GC6-ISST_359591_S5,GC6-ISST,0446,Feces,Launch plus 9,Ground Control,214
214-3644-final,GC7-ISST_359589_S3,GC7-ISST,3644,Feces,Launch plus 9,Ground Control,214
214-665B-final,GC13-ISST_359592_S6,GC13-ISST,665B,Feces,Launch plus 9,Ground Control,214
214-7250-final,GC14-ISST_359588_S2,GC14-ISST,7250,Feces,Launch plus 9,Ground Control,214
214-5D46-final,GC15-ISST_359587_S1,GC15-ISST,5D46,Feces,Launch plus 9,Ground Control,214
214-7B6C-final,GC16-ISST_359593_S7,GC16-ISST,7B6C,Feces,Launch plus 9,Ground Control,214
214-7A4F-final,GC17-ISST_359596_S10,GC17-ISST,7A4F,Feces,Launch plus 9,Ground Control,214
217-5C41-final,F3-ISST_359605_S19,F3-ISST,5C41,Feces,Launch plus 9,Space Flight,217
217-1568-final,F4-ISST_359602_S16,F4-ISST,1568,Feces,Launch plus 9,Space Flight,217
217-5222-final,F5-ISST_359598_S12,F5-ISST,5222,Feces,Launch plus 9,Space Flight,217
217-6216-final,F6-ISST_359601_S15,F6-ISST,6216,Feces,Launch plus 9,Space Flight,217
217-4C21-final,F7-ISST_359606_S20,F7-ISST,4C21,Feces,Launch plus 9,Space Flight,217
217-7D73-final,F13-ISST_359604_S18,F13-ISST,7D73,Feces,Launch plus 9,Space Flight,217
217-277A-final,F14-ISST_359599_S13,F14-ISST,277A,Feces,Launch plus 9,Space Flight,217
217-5E1B-final,F15-ISST_359600_S14,F15-ISST,5E1B,Feces,Launch plus 9,Space Flight,217
217-6951-final,F16-ISST_359597_S11,F16-ISST,6951,Feces,Launch plus 9,Space Flight,217
217-1F0C-final,F17-ISST_359603_S17,F17-ISST,1F0C,Feces,Launch plus 9,Space Flight,217
