genus,v4_median_pct,shotgun_median_pct,median_paired_difference_pp,p,spearman,q
Blautia,2.1728342201113873,0.10455658378579545,-2.1095774677236823,1.9073486328125e-06,-0.14887218045112782,1.52587890625e-05
Marvinbryantia,0.33489408878757504,0.0,-0.33489408878757504,1.9073486328125e-06,0.3381787390082559,1.52587890625e-05
Lactococcus,0.07748227757917475,0.0044499753710140495,-0.06591703990110177,3.62396240234375e-05,-0.05714285714285714,0.00019327799479166666
Lachnoclostridium,0.8221569829280055,0.22890987819305975,-0.42235251317181355,0.0001049041748046875,-0.1413533834586466,0.00041961669921875
Holdemania,0.030442442261857633,0.09297602853906861,0.05508155293298666,0.000133514404296875,0.3984962406015037,0.00042724609375
Murimonas,0.0,0.006693203904761751,0.0039549930224305,0.0003270126629328652,-0.07208678119245666,0.0006540253258657304
Flavonifractor,0.06600747670807851,0.1406456184465612,0.06417822150386297,0.0003223419189453125,0.2556390977443609,0.0006540253258657304
Hungatella,0.028773072405806864,0.2482502205547476,0.16274891987634083,0.0003223419189453125,0.05716435154163982,0.0006540253258657304
Lactonifactor,0.009638933858114944,0.0016864123627494002,-0.009092083366527434,0.0019855499267578125,0.06564885496183206,0.0035298665364583335
Anaerostipes,0.011525753892140625,0.00036047097635635,-0.006751399344890947,0.006210256590449749,0.17658906323757942,0.009936410544719599
Erysipelatoclostridium,0.49876569805914467,0.3853713041220284,-0.28095433708728096,0.03276824951171875,0.2045112781954887,0.047662908380681816
Intestinimonas,0.05258021070512236,0.011334326730090698,-0.023599726333962213,0.058258056640625,-0.016566283847316874,0.07767740885416667
Mucispirillum,1.8645638989761535,1.6141659776527915,-0.5113778504046066,0.11398696899414062,0.11729323308270674,0.1402916541466346
Parabacteroides,51.68557516458405,48.9506104232199,-4.830737728783224,0.13272666931152344,0.2541353383458646,0.1516876220703125
Anaerofustis,0.0,0.0,0.0,0.34652171170610724,0.1681383712636754,0.36962315915318106
Acetatifactor,0.031246273021778067,0.042671821598973196,0.0051290691943743204,0.8408222198486328,-0.08421052631578946,0.8408222198486328
