#SampleID	SRR1745926	SRR1745927	SRR1745928	SRR1745929	SRR1745930	SRR1745931	SRR1745932	SRR1745933	SRR1745934	SRR1745935	SRR1745936	SRR1745937	SRR1745938	SRR1745939	SRR1745940	SRR1745941	SRR1745942	SRR1745943	SRR1745944	SRR1745945
sk__Archaea;k__;p__Euryarchaeota;c__Methanomicrobia;o__Methanosarcinales	0	0	0	0	0	0	0	0	0	0	0	0	0	0	0	1.0	0	0	0	0
sk__Bacteria	2557.0	551.0	316.0	4025.0	1648.0	676.0	186.0	850.0	449.0	407.0	2612.0	441.0	264.0	277.0	426.0	346.0	46.0	119.0	930.0	777.0
sk__Bacteria;k__;p__;c__;o__;f__;g__;s__Firmicutes_oral_clone_FM046	0	0	0	0	0	1.0	0	0	0	0	0	0	0	0	0	0	0	0	0	0
sk__Bacteria;k__;p__;c__;o__;f__;g__;s__SR1_bacterium_oral_taxon_875	0	0	0	17.0	1.0	6.0	0	0	0	0	0	0	0	0	0	0	0	0	0	0
sk__Bacteria;k__;p__;c__;o__;f__;g__;s__bacterium_enrichment_culture_clone_NCAAH_15N2	0	0	0	0	0	0	0	0	0	0	0	0	0	0	0	0	0	0	0	1.0
sk__Bacteria;k__;p__;c__;o__;f__;g__;s__bacterium_enrichment_culture_clone_R3-1	0	0	0	0	0	0	0	0	0	0	0	0	0	0	0	2.0	0	0	0	0
sk__Bacteria;k__;p__Actinobacteria	1.0	2.0	4.0	0	2.0	0	5.0	4.0	0	1.0	0	0	1.0	5.0	2.0	2.0	1.0	10.0	0	5.0
sk__Bacteria;k__;p__Actinobacteria;c__Acidimicrobiia;o__Acidimicrobiales	0	1.0	0	0	0	0	0	0	0	0	0	0	0	0	0	0	0	0	0	0
sk__Bacteria;k__;p__Actinobacteria;c__Acidimicrobiia;o__Acidimicrobiales;f__Acidimicrobiaceae	0	1.0	0	0	0	0	0	0	0	0	0	0	0	0	0	0	0	0	0	0
sk__Bacteria;k__;p__Actinobacteria;c__Actinobacteria	10.0	56.0	4.0	24.0	5.0	8.0	12.0	114.0	1.0	6.0	138.0	18.0	74.0	113.0	41.0	459.0	116.0	203.0	10.0	8.0
sk__Bacteria;k__;p__Actinobacteria;c__Actinobacteria;o__Actinomycetales	10.0	12.0	1.0	11.0	3.0	8.0	3.0	4.0	4.0	2.0	4.0	72.0	0	4.0	3.0	1.0	5.0	0	1.0	2.0
sk__Bacteria;k__;p__Actinobacteria;c__Actinobacteria;o__Actinomycetales;f__Actinomycetaceae	34.0	95.0	139.0	80.0	15.0	27.0	7.0	57.0	19.0	98.0	12.0	102.0	30.0	12.0	8.0	139.0	18.0	2.0	1.0	924.0
sk__Bacteria;k__;p__Actinobacteria;c__Actinobacteria;o__Actinomycetales;f__Actinomycetaceae;g__Actinobaculum	0	0	0	0	0	1.0	0	0	0	0	0	0	0	0	0	0	0	0	0	5.0
sk__Bacteria;k__;p__Actinobacteria;c__Actinobacteria;o__Actinomycetales;f__Actinomycetaceae;g__Actinobaculum;s__Actinobaculum_sp._oral_taxon_183	0	21.0	82.0	2.0	0	9.0	2.0	67.0	11.0	87.0	0	0	3.0	0	0	113.0	0	0	1.0	1222.0
sk__Bacteria;k__;p__Actinobacteria;c__Actinobacteria;o__Actinomycetales;f__Actinomycetaceae;g__Actinomyces	825.0	3398.0	2272.0	469.0	858.0	327.0	1873.0	1851.0	69.0	758.0	726.0	493.0	78.0	525.0	2304.0	759.0	1924.0	284.0	32.0	237.0
sk__Bacteria;k__;p__Actinobacteria;c__Actinobacteria;o__Actinomycetales;f__Actinomycetaceae;g__Actinomyces;s__Actinomyces_cardiffensis	9.0	0	0	0	49.0	0	0	0	57.0	0	0	0	0	1.0	0	0	0	0	0	3.0
sk__Bacteria;k__;p__Actinobacteria;c__Actinobacteria;o__Actinomycetales;f__Actinomycetaceae;g__Actinomyces;s__Actinomyces_georgiae	0	0	0	0	0	0	0	0	0	0	0	0	0	1.0	0	0	0	0	0	0
sk__Bacteria;k__;p__Actinobacteria;c__Actinobacteria;o__Actinomycetales;f__Actinomycetaceae;g__Actinomyces;s__Actinomyces_gerencseriae	0	1.0	1.0	0	0	0	0	2.0	0	0	0	0	0	0	6.0	0	2.0	0	0	0
sk__Bacteria;k__;p__Actinobacteria;c__Actinobacteria;o__Actinomycetales;f__Actinomycetaceae;g__Actinomyces;s__Actinomyces_graevenitzii	0	0	0	0	0	0	4.0	0	0	0	0	0	0	0	4.0	0	6.0	0	0	0
sk__Bacteria;k__;p__Actinobacteria;c__Actinobacteria;o__Actinomycetales;f__Actinomycetaceae;g__Actinomyces;s__Actinomyces_israelii	24.0	5.0	70.0	3.0	33.0	52.0	0	756.0	0	3.0	0	0	0	0	6.0	0	0	10.0	0	0
sk__Bacteria;k__;p__Actinobacteria;c__Actinobacteria;o__Actinomycetales;f__Actinomycetaceae;g__Actinomyces;s__Actinomyces_johnsonii	24.0	122.0	5.0	1.0	14.0	58.0	2.0	15.0	0	35.0	0	0	0	0	0	104.0	12.0	44.0	0	3.0
sk__Bacteria;k__;p__Actinobacteria;c__Actinobacteria;o__Actinomycetales;f__Actinomycetaceae;g__Actinomyces;s__Actinomyces_odontolyticus	0	0	0	0	0	2.0	0	0	0	0	0	47.0	1.0	0	0	0	0	0	0	0
sk__Bacteria;k__;p__Actinobacteria;c__Actinobacteria;o__Actinomycetales;f__Actinomycetaceae;g__Actinomyces;s__Actinomyces_oris	25.0	34.0	8.0	3.0	0	17.0	243.0	271.0	24.0	216.0	2.0	0	0	624.0	670.0	22.0	100.0	22.0	0	25.0
sk__Bacteria;k__;p__Actinobacteria;c__Actinobacteria;o__Actinomycetales;f__Actinomycetaceae;g__Actinomyces;s__Actinomyces_sp._Marseille-P3257	0	0	0	0	0	0	0	0	0	0	83.0	0	0	0	0	0	0	0	0	0
sk__Bacteria;k__;p__Actinobacteria;c__Actinobacteria;o__Actinomycetales;f__Actinomycetaceae;g__Actinomyces;s__Actinomyces_sp._canine_oral_taxon_412	0	0	0	0	0	0	0	0	0	0	2.0	0	0	0	0	0	0	0	0	0
sk__Bacteria;k__;p__Actinobacteria;c__Actinobacteria;o__Actinomycetales;f__Actinomycetaceae;g__Actinomyces;s__Actinomyces_sp._oral_clone_CT047	0	0	1.0	0	0	0	2.0	0	0	0	0	1.0	0	2.0	0	0	0	0	0	0
sk__Bacteria;k__;p__Actinobacteria;c__Actinobacteria;o__Actinomycetales;f__Actinomycetaceae;g__Actinomyces;s__Actinomyces_sp._oral_taxon_414	13.0	1.0	0	39.0	0	215.0	1.0	18.0	11.0	0	44.0	0	0	0	2.0	0	0	27.0	0	0
sk__Bacteria;k__;p__Actinobacteria;c__Actinobacteria;o__Actinomycetales;f__Actinomycetaceae;g__Actinomyces;s__Actinomyces_sp._oral_taxon_448	0	0	23.0	0	0	0	1.0	23.0	0	2.0	0	0	0	0	54.0	0	0	0	0	0
sk__Bacteria;k__;p__Actinobacteria;c__Actinobacteria;o__Actinomycetales;f__Actinomycetaceae;g__Actinomyces;s__Actinomyces_timonensis	0	0	0	0	0	0	0	0	0	0	0	0	0	0	4.0	0	0	0	0	0
sk__Bacteria;k__;p__Actinobacteria;c__Actinobacteria;o__Bifidobacteriales	0	0	0	0	0	0	0	1.0	0	0	0	0	0	0	0	0	0	0	0	0
sk__Bacteria;k__;p__Actinobacteria;c__Actinobacteria;o__Bifidobacteriales;f__Bifidobacteriaceae	0	0	0	0	0	0	0	0	0	0	0	0	0	0	1.0	0	0	0	0	0
sk__Bacteria;k__;p__Actinobacteria;c__Actinobacteria;o__Bifidobacteriales;f__Bifidobacteriaceae;g__Bifidobacterium	0	0	0	0	0	0	0	0	0	0	0	0	0	0	2.0	2.0	0	0	0	0
sk__Bacteria;k__;p__Actinobacteria;c__Actinobacteria;o__Bifidobacteriales;f__Bifidobacteriaceae;g__Scardovia	0	0	0	0	0	0	0	28.0	0	0	0	0	0	1.0	9.0	0	0	0	0	1.0
sk__Bacteria;k__;p__Actinobacteria;c__Actinobacteria;o__Bifidobacteriales;f__Bifidobacteriaceae;g__Scardovia;s__Scardovia_wiggsiae	0	0	0	0	0	0	0	3.0	0	0	0	0	0	0	0	0	0	0	0	0
sk__Bacteria;k__;p__Actinobacteria;c__Actinobacteria;o__Corynebacteriales	0	1.0	0	2.0	0	1.0	2.0	0	0	0	0	0	0	1.0	0	1.0	3.0	5.0	1.0	0
sk__Bacteria;k__;p__Actinobacteria;c__Actinobacteria;o__Corynebacteriales;f__Corynebacteriaceae	0	0	0	0	0	0	1.0	0	0	3.0	3.0	0	0	2.0	0	7.0	3.0	2.0	4.0	0
sk__Bacteria;k__;p__Actinobacteria;c__Actinobacteria;o__Corynebacteriales;f__Corynebacteriaceae;g__Corynebacterium	124.0	61.0	2.0	72.0	13.0	246.0	747.0	30.0	2.0	296.0	4.0	1.0	234.0	653.0	1.0	1794.0	167.0	1072.0	2.0	47.0
sk__Bacteria;k__;p__Actinobacteria;c__Actinobacteria;o__Corynebacteriales;f__Corynebacteriaceae;g__Corynebacterium;s__Corynebacterium_durum	0	0	0	0	0	0	0	0	0	4.0	0	0	0	0	0	0	0	0	0	0
sk__Bacteria;k__;p__Actinobacteria;c__Actinobacteria;o__Corynebacteriales;f__Corynebacteriaceae;g__Corynebacterium;s__Corynebacterium_tuscaniense	0	0	0	1.0	0	0	0	0	0	0	0	0	0	0	0	0	0	0	0	0
sk__Bacteria;k__;p__Actinobacteria;c__Actinobacteria;o__Corynebacteriales;f__Corynebacteriaceae;g__Corynebacterium;s__Corynebacterium_xerosis	0	0	0	0	0	0	0	0	0	0	0	0	0	0	0	0	0	0	0	1.0
sk__Bacteria;k__;p__Actinobacteria;c__Actinobacteria;o__Corynebacteriales;f__Dietziaceae;g__Dietzia	0	0	0	0	0	0	0	0	0	0	0	0	0	2.0	0	4.0	0	0	0	11.0
sk__Bacteria;k__;p__Actinobacteria;c__Actinobacteria;o__Corynebacteriales;f__Gordoniaceae;g__Gordonia	0	0	0	0	0	0	0	0	0	0	0	0	0	0	0	0	0	1.0	1.0	0
sk__Bacteria;k__;p__Actinobacteria;c__Actinobacteria;o__Corynebacteriales;f__Mycobacteriaceae;g__Mycobacterium	0	0	0	0	0	0	0	0	0	0	0	0	0	0	0	0	0	0	0	3.0
sk__Bacteria;k__;p__Actinobacteria;c__Actinobacteria;o__Corynebacteriales;f__Williamsiaceae;g__Williamsia	0	0	0	0	0	0	0	0	0	0	0	0	0	0	0	0	1.0	0	0	0
sk__Bacteria;k__;p__Actinobacteria;c__Actinobacteria;o__Geodermatophilales;f__Geodermatophilaceae;g__Blastococcus	0	0	0	0	0	0	0	0	0	0	0	0	0	0	0	0	0	0	0	2.0
sk__Bacteria;k__;p__Actinobacteria;c__Actinobacteria;o__Geodermatophilales;f__Geodermatophilaceae;g__Geodermatophilus	0	0	0	0	0	0	0	0	0	0	0	0	0	0	0	1.0	0	0	0	0
sk__Bacteria;k__;p__Actinobacteria;c__Actinobacteria;o__Geodermatophilales;f__Geodermatophilaceae;g__Modestobacter	0	0	0	0	0	0	0	0	0	0	0	0	0	0	0	3.0	0	0	0	0
sk__Bacteria;k__;p__Actinobacteria;c__Actinobacteria;o__Micrococcales	3.0	1.0	0	1.0	0	1.0	1.0	1.0	0	1.0	12.0	0	13.0	14.0	0	2.0	56.0	1.0	0	2.0
sk__Bacteria;k__;p__Actinobacteria;c__Actinobacteria;o__Micrococcales;f__Bogoriellaceae	0	0	0	0	0	0	0	0	0	0	0	0	0	0	0	0	0	0	0	1.0
sk__Bacteria;k__;p__Actinobacteria;c__Actinobacteria;o__Micrococcales;f__Brevibacteriaceae;g__Brevibacterium	0	0	0	0	0	0	0	0	0	0	0	0	0	1.0	0	1.0	0	7.0	0	2.0
sk__Bacteria;k__;p__Actinobacteria;c__Actinobacteria;o__Micrococcales;f__Dermabacteraceae;g__Brachybacterium	0	0	0	0	0	0	0	0	0	0	0	0	0	0	0	0	0	0	0	8.0
sk__Bacteria;k__;p__Actinobacteria;c__Actinobacteria;o__Micrococcales;f__Intrasporangiaceae	0	0	0	0	0	0	0	0	0	0	0	0	0	0	0	0	3.0	0	0	0
sk__Bacteria;k__;p__Actinobacteria;c__Actinobacteria;o__Micrococcales;f__Intrasporangiaceae;g__Ornithinimicrobium	0	0	0	0	0	0	0	0	0	0	0	0	0	0	0	0	1.0	0	0	1.0
sk__Bacteria;k__;p__Actinobacteria;c__Actinobacteria;o__Micrococcales;f__Microbacteriaceae	0	1.0	0	0	0	0	0	0	0	0	0	0	0	0	0	0	0	0	0	1.0
sk__Bacteria;k__;p__Actinobacteria;c__Actinobacteria;o__Micrococcales;f__Microbacteriaceae;g__Herbiconiux	0	0	0	0	0	0	0	0	0	0	0	0	0	0	0	0	0	0	0	1.0
sk__Bacteria;k__;p__Actinobacteria;c__Actinobacteria;o__Micrococcales;f__Microbacteriaceae;g__Leucobacter	8.0	8.0	0	125.0	0	17.0	1.0	1.0	2.0	0	3.0	0	0	1.0	0	7.0	0	0	0	68.0
sk__Bacteria;k__;p__Actinobacteria;c__Actinobacteria;o__Micrococcales;f__Microbacteriaceae;g__Leucobacter;s__Leucobacter_sp._G161	0	0	0	0	0	0	0	0	0	0	0	0	0	0	0	1.0	0	0	0	0
sk__Bacteria;k__;p__Actinobacteria;c__Actinobacteria;o__Micrococcales;f__Microbacteriaceae;g__Leucobacter;s__Leucobacter_sp._UCD-THU	0	0	0	0	0	0	0	0	0	0	0	0	0	0	0	0	0	0	0	1.0
sk__Bacteria;k__;p__Actinobacteria;c__Actinobacteria;o__Micrococcales;f__Microbacteriaceae;g__Leucobacter;s__Leucobacter_tardus	0	0	0	0	0	0	0	0	0	0	0	0	0	0	0	0	0	0	0	2.0
sk__Bacteria;k__;p__Actinobacteria;c__Actinobacteria;o__Micrococcales;f__Microbacteriaceae;g__Microbacterium	0	0	0	0	0	0	0	0	0	0	1.0	0	0	0	0	3.0	0	0	2.0	1.0
sk__Bacteria;k__;p__Actinobacteria;c__Actinobacteria;o__Micrococcales;f__Micrococcaceae	0	1.0	0	1.0	0	0	0	0	0	5.0	0	2.0	4.0	56.0	0	1.0	22.0	0	0	6.0
sk__Bacteria;k__;p__Actinobacteria;c__Actinobacteria;o__Micrococcales;f__Micrococcaceae;g__Arthrobacter	0	0	0	0	0	0	0	0	0	0	0	0	1.0	0	0	0	0	0	0	0
sk__Bacteria;k__;p__Actinobacteria;c__Actinobacteria;o__Micrococcales;f__Micrococcaceae;g__Kocuria	0	0	0	0	0	0	0	0	0	0	0	0	0	0	0	2.0	0	0	0	0
sk__Bacteria;k__;p__Actinobacteria;c__Actinobacteria;o__Micrococcales;f__Micrococcaceae;g__Micrococcus	0	0	0	0	0	0	0	0	0	0	0	0	0	0	0	0	0	0	0	1.0
sk__Bacteria;k__;p__Actinobacteria;c__Actinobacteria;o__Micrococcales;f__Micrococcaceae;g__Nesterenkonia	0	0	0	0	0	0	0	0	0	0	0	0	0	0	0	0	0	0	0	3.0
sk__Bacteria;k__;p__Actinobacteria;c__Actinobacteria;o__Micrococcales;f__Micrococcaceae;g__Rothia	116.0	31.0	6.0	74.0	12.0	72.0	59.0	2.0	0	73.0	403.0	27.0	1192.0	2002.0	1.0	140.0	7292.0	14.0	6.0	0
sk__Bacteria;k__;p__Actinobacteria;c__Actinobacteria;o__Propionibacteriales	0	0	0	1.0	0	0	0	5.0	0	1.0	0	0	0	1.0	0	0	0	0	0	1.0
sk__Bacteria;k__;p__Actinobacteria;c__Actinobacteria;o__Propionibacteriales;f__Nocardioidaceae	0	0	0	0	0	0	0	0	0	0	0	0	0	0	0	5.0	0	0	0	5.0
sk__Bacteria;k__;p__Actinobacteria;c__Actinobacteria;o__Propionibacteriales;f__Nocardioidaceae;g__Aeromicrobium	0	0	0	0	0	0	0	0	0	0	0	0	0	0	0	0	0	0	0	7.0
sk__Bacteria;k__;p__Actinobacteria;c__Actinobacteria;o__Propionibacteriales;f__Nocardioidaceae;g__Mumia	0	0	0	0	0	0	0	0	0	0	0	0	0	0	0	0	0	0	0	1.0
sk__Bacteria;k__;p__Actinobacteria;c__Actinobacteria;o__Propionibacteriales;f__Nocardioidaceae;g__Nocardioides	0	0	0	0	0	0	0	0	0	0	0	0	0	0	0	6.0	0	0	0	5.0
sk__Bacteria;k__;p__Actinobacteria;c__Actinobacteria;o__Propionibacteriales;f__Propionibacteriaceae	2.0	0	0	1.0	0	0	6.0	2.0	0	0	3.0	0	0	5.0	0	6.0	1.0	0	2.0	0
sk__Bacteria;k__;p__Actinobacteria;c__Actinobacteria;o__Propionibacteriales;f__Propionibacteriaceae;g__Brooklawnia	0	0	0	0	0	0	0	0	0	0	1.0	0	0	0	0	0	0	0	0	0
sk__Bacteria;k__;p__Actinobacteria;c__Actinobacteria;o__Propionibacteriales;f__Propionibacteriaceae;g__Cutibacterium	0	0	0	0	0	0	1.0	0	0	0	0	0	0	0	1.0	0	0	1.0	1.0	0
sk__Bacteria;k__;p__Actinobacteria;c__Actinobacteria;o__Propionibacteriales;f__Propionibacteriaceae;g__Propionibacterium	0	0	0	0	3.0	0	295.0	0	0	2.0	2.0	0	0	0	0	14.0	0	1.0	0	0
sk__Bacteria;k__;p__Actinobacteria;c__Actinobacteria;o__Propionibacteriales;f__Propionibacteriaceae;g__Propionibacterium;s__Propionibacterium_sp._oral_clone_BN085	0	0	0	0	2.0	0	0	0	0	1.0	0	0	0	0	0	10.0	0	0	0	0
sk__Bacteria;k__;p__Actinobacteria;c__Actinobacteria;o__Propionibacteriales;f__Propionibacteriaceae;g__Pseudopropionibacterium	17.0	39.0	0	66.0	16.0	48.0	6.0	0	4.0	5.0	75.0	0	7.0	143.0	0	288.0	93.0	0	23.0	33.0
sk__Bacteria;k__;p__Actinobacteria;c__Actinobacteria;o__Propionibacteriales;f__Propionibacteriaceae;g__Pseudopropionibacterium;s__Pseudopropionibacterium_propionicum	21.0	6.0	0	3.0	0	11.0	1.0	0	0	0	0	0	0	116.0	0	9.0	1.0	0	7.0	1.0
sk__Bacteria;k__;p__Actinobacteria;c__Actinobacteria;o__Propionibacteriales;f__Propionibacteriaceae;g__Tessaracoccus	0	0	0	0	0	1.0	0	0	0	0	0	0	0	0	0	0	0	0	0	0
sk__Bacteria;k__;p__Actinobacteria;c__Actinobacteria;o__Pseudonocardiales	0	0	0	0	0	0	0	0	0	0	0	0	0	0	0	0	1.0	0	3.0	0
sk__Bacteria;k__;p__Actinobacteria;c__Actinobacteria;o__Pseudonocardiales;f__Pseudonocardiaceae	0	0	0	0	0	0	0	0	0	0	0	0	0	1.0	0	0	0	0	12.0	0
sk__Bacteria;k__;p__Actinobacteria;c__Actinobacteria;o__Pseudonocardiales;f__Pseudonocardiaceae;g__Saccharomonospora	0	0	0	0	0	0	0	0	0	0	0	0	0	1.0	0	0	0	0	0	0
sk__Bacteria;k__;p__Actinobacteria;c__Actinobacteria;o__Pseudonocardiales;f__Pseudonocardiaceae;g__Saccharopolyspora	0	0	0	0	0	0	0	0	1.0	0	0	0	0	0	0	0	0	0	3.0	0
sk__Bacteria;k__;p__Actinobacteria;c__Actinobacteria;o__Streptomycetales;f__Streptomycetaceae;g__Streptomyces	0	0	0	0	0	0	0	0	0	0	0	0	0	0	0	0	0	0	1.0	0
sk__Bacteria;k__;p__Actinobacteria;c__Actinobacteria;o__Streptomycetales;f__Streptomycetaceae;g__Streptomyces;s__Streptomyces_gilvigriseus	0	0	0	0	0	0	0	0	0	0	0	0	0	0	0	0	0	0	1.0	0
sk__Bacteria;k__;p__Actinobacteria;c__Coriobacteriia	0	0	0	1.0	0	0	0	0	0	0	0	0	0	0	0	0	0	0	0	0
sk__Bacteria;k__;p__Actinobacteria;c__Coriobacteriia;o__Coriobacteriales	0	0	0	1.0	0	1.0	1.0	3.0	0	1.0	0	0	0	2.0	4.0	0	0	0	0	0
sk__Bacteria;k__;p__Actinobacteria;c__Coriobacteriia;o__Coriobacteriales;f__Atopobiaceae	0	0	1.0	1.0	1.0	0	3.0	9.0	0	3.0	1.0	0	0	13.0	4.0	0	0	0	0	0
sk__Bacteria;k__;p__Actinobacteria;c__Coriobacteriia;o__Coriobacteriales;f__Atopobiaceae;g__Atopobium	6.0	0	6.0	11.0	42.0	0	43.0	156.0	4.0	197.0	8.0	0	0	149.0	189.0	5.0	9.0	0	102.0	6.0
sk__Bacteria;k__;p__Actinobacteria;c__Coriobacteriia;o__Coriobacteriales;f__Atopobiaceae;g__Atopobium;s__Atopobium_rimae	0	0	23.0	0	21.0	0	2.0	289.0	6.0	5.0	12.0	0	0	0	154.0	3.0	0	0	30.0	1.0
sk__Bacteria;k__;p__Actinobacteria;c__Coriobacteriia;o__Coriobacteriales;f__Atopobiaceae;g__Olsenella	3.0	0	7.0	17.0	3.0	4.0	4.0	36.0	4.0	2.0	5.0	0	0	0	18.0	2.0	0	3.0	0	0
sk__Bacteria;k__;p__Actinobacteria;c__Coriobacteriia;o__Coriobacteriales;f__Coriobacteriaceae	0	0	0	0	0	0	0	1.0	1.0	1.0	0	0	0	0	1.0	0	0	0	0	0
sk__Bacteria;k__;p__Actinobacteria;c__Coriobacteriia;o__Coriobacteriales;f__Coriobacteriaceae;g__Collinsella	0	0	3.0	8.0	1.0	3.0	3.0	21.0	1.0	3.0	2.0	0	0	0	10.0	0	0	1.0	0	0
sk__Bacteria;k__;p__Actinobacteria;c__Coriobacteriia;o__Eggerthellales	1.0	0	0	0	0	0	0	0	0	0	0	0	0	0	0	0	0	0	0	0
sk__Bacteria;k__;p__Actinobacteria;c__Coriobacteriia;o__Eggerthellales;f__Eggerthellaceae;g__;s__Eggerthellaceae_bacterium_AT8	0	0	0	0	0	0	0	0	0	0	0	0	0	0	0	1.0	0	0	0	0
sk__Bacteria;k__;p__Actinobacteria;c__Coriobacteriia;o__Eggerthellales;f__Eggerthellaceae;g__Cryptobacterium	0	0	0	0	0	0	3.0	26.0	0	2.0	0	0	0	0	3.0	0	0	0	0	0
sk__Bacteria;k__;p__Actinobacteria;c__Coriobacteriia;o__Eggerthellales;f__Eggerthellaceae;g__Cryptobacterium;s__Cryptobacterium_curtum	0	0	1.0	0	1.0	1.0	3.0	21.0	0	3.0	0	0	0	1.0	4.0	0	0	0	0	0
sk__Bacteria;k__;p__Actinobacteria;c__Coriobacteriia;o__Eggerthellales;f__Eggerthellaceae;g__Slackia	0	0	5.0	7.0	0	3.0	0	0	0	4.0	3.0	0	0	0	2.0	2.0	3.0	2.0	0	0
sk__Bacteria;k__;p__Actinobacteria;c__Coriobacteriia;o__Eggerthellales;f__Eggerthellaceae;g__Slackia;s__Slackia_exigua	0	0	0	1.0	0	0	0	0	0	0	0	0	0	0	0	2.0	1.0	0	0	0
sk__Bacteria;k__;p__Actinobacteria;c__Rubrobacteria;o__Gaiellales	0	0	0	0	0	0	0	0	0	0	0	0	0	0	0	0	0	0	0	1.0
sk__Bacteria;k__;p__Bacteroidetes	67.0	3.0	8.0	62.0	17.0	61.0	8.0	5.0	0	43.0	20.0	39.0	5.0	4.0	1.0	5.0	3.0	16.0	4.0	13.0
sk__Bacteria;k__;p__Bacteroidetes;c__;o__;f__;g__;s__Bacteroidetes_bacterium_oral_taxon_272	2.0	0	0	0	0	0	0	0	0	0	7.0	0	0	0	1.0	0	0	0	0	0
sk__Bacteria;k__;p__Bacteroidetes;c__;o__;f__;g__;s__Bacteroidetes_oral_taxon_274	8.0	0	0	2.0	3.0	1.0	0	1.0	0	0	0	0	0	0	0	0	0	0	4.0	2.0
sk__Bacteria;k__;p__Bacteroidetes;c__Bacteroidia	1.0	1.0	0	24.0	5.0	1.0	0	0	34.0	0	0	0	0	0	10.0	4.0	0	0	0	14.0
sk__Bacteria;k__;p__Bacteroidetes;c__Bacteroidia;o__;f__;g__;s__Bacteroidia_bacterium_feline_oral_taxon_115	0	0	0	0	0	0	0	0	2.0	0	0	0	0	0	0	0	0	0	0	0
sk__Bacteria;k__;p__Bacteroidetes;c__Bacteroidia;o__Bacteroidales	15.0	4.0	0	8.0	5.0	6.0	4.0	3.0	5.0	3.0	4.0	8.0	0	2.0	5.0	0	2.0	6.0	6.0	2.0
sk__Bacteria;k__;p__Bacteroidetes;c__Bacteroidia;o__Bacteroidales;f__;g__;s__Bacteroidales_genomosp._P4_oral_clone_MB2_G17	0	0	1.0	0	0	0	0	0	0	0	0	0	0	0	0	0	0	0	0	0
sk__Bacteria;k__;p__Bacteroidetes;c__Bacteroidia;o__Bacteroidales;f__;g__Phocaeicola	32.0	0	3.0	31.0	32.0	12.0	0	0	0	0	350.0	0	0	0	17.0	3.0	0	0	0	4.0
sk__Bacteria;k__;p__Bacteroidetes;c__Bacteroidia;o__Bacteroidales;f__;g__Phocaeicola;s__Phocaeicola_abscessus	1.0	0	0	2.0	2.0	0	0	0	0	0	16.0	0	0	0	0	0	0	0	0	0
sk__Bacteria;k__;p__Bacteroidetes;c__Bacteroidia;o__Bacteroidales;f__Bacteroidaceae	0	0	0	0	0	0	0	0	0	0	0	0	0	0	0	0	0	0	1.0	0
sk__Bacteria;k__;p__Bacteroidetes;c__Bacteroidia;o__Bacteroidales;f__Bacteroidaceae;g__;s__Porphyromonas-like_sp._oral_clone_DA064	0	0	0	1.0	0	0	0	0	0	0	0	0	0	0	0	0	0	0	0	0
sk__Bacteria;k__;p__Bacteroidetes;c__Bacteroidia;o__Bacteroidales;f__Bacteroidaceae;g__Bacteroides	7.0	0	0	0	0	0	0	0	0	0	0	0	0	0	0	1.0	0	0	0	0
sk__Bacteria;k__;p__Bacteroidetes;c__Bacteroidia;o__Bacteroidales;f__Lentimicrobiaceae	37.0	31.0	12.0	35.0	0	16.0	0	0	3.0	0	0	0	0	0	7.0	0	0	3.0	1.0	24.0
sk__Bacteria;k__;p__Bacteroidetes;c__Bacteroidia;o__Bacteroidales;f__Paludibacteraceae	629.0	33.0	4.0	198.0	154.0	75.0	8.0	122.0	26.0	9.0	240.0	1.0	0	2.0	4.0	0	0	0	105.0	101.0
sk__Bacteria;k__;p__Bacteroidetes;c__Bacteroidia;o__Bacteroidales;f__Porphyromonadaceae	5.0	0	0	4.0	3.0	3.0	3.0	1.0	6.0	8.0	0	8.0	0	1.0	0	0	3.0	1.0	1.0	3.0
sk__Bacteria;k__;p__Bacteroidetes;c__Bacteroidia;o__Bacteroidales;f__Porphyromonadaceae;g__Porphyromonas	521.0	122.0	56.0	1026.0	292.0	478.0	37.0	194.0	2357.0	394.0	27.0	1210.0	39.0	62.0	119.0	53.0	691.0	562.0	984.0	498.0
sk__Bacteria;k__;p__Bacteroidetes;c__Bacteroidia;o__Bacteroidales;f__Porphyromonadaceae;g__Porphyromonas;s__Porphyromonas_endodontalis	0	0	0	1.0	0	0	0	0	0	0	0	0	0	0	0	0	0	0	0	0
sk__Bacteria;k__;p__Bacteroidetes;c__Bacteroidia;o__Bacteroidales;f__Porphyromonadaceae;g__Porphyromonas;s__Porphyromonas_gingivalis	0	0	0	0	0	0	0	0	6.0	0	0	0	0	0	0	0	0	0	0	1.0
sk__Bacteria;k__;p__Bacteroidetes;c__Bacteroidia;o__Bacteroidales;f__Porphyromonadaceae;g__Porphyromonas;s__Porphyromonas_macacae	1.0	0	0	0	0	0	0	0	0	0	0	0	0	0	0	0	0	0	0	0
sk__Bacteria;k__;p__Bacteroidetes;c__Bacteroidia;o__Bacteroidales;f__Porphyromonadaceae;g__Porphyromonas;s__Porphyromonas_sp._oral_taxon_278	9.0	5.0	0	6.0	1.0	49.0	0	0	0	0	0	0	0	0	0	0	0	5.0	0	0
sk__Bacteria;k__;p__Bacteroidetes;c__Bacteroidia;o__Bacteroidales;f__Prevotellaceae	1165.0	265.0	254.0	758.0	286.0	385.0	411.0	491.0	131.0	1308.0	161.0	28.0	4.0	706.0	860.0	40.0	69.0	932.0	1607.0	360.0
sk__Bacteria;k__;p__Bacteroidetes;c__Bacteroidia;o__Bacteroidales;f__Prevotellaceae;g__Alloprevotella	117.0	24.0	6.0	117.0	25.0	18.0	10.0	34.0	98.0	17.0	13.0	0	0	0	84.0	3.0	16.0	1.0	1012.0	19.0
sk__Bacteria;k__;p__Bacteroidetes;c__Bacteroidia;o__Bacteroidales;f__Prevotellaceae;g__Alloprevotella;s__Alloprevotella_rava	0	0	0	0	0	0	0	0	0	0	0	0	0	0	0	0	0	0	1.0	0
sk__Bacteria;k__;p__Bacteroidetes;c__Bacteroidia;o__Bacteroidales;f__Prevotellaceae;g__Prevotella	471.0	256.0	117.0	443.0	135.0	130.0	171.0	477.0	50.0	336.0	179.0	18.0	6.0	504.0	668.0	7.0	46.0	292.0	1840.0	478.0
sk__Bacteria;k__;p__Bacteroidetes;c__Bacteroidia;o__Bacteroidales;f__Prevotellaceae;g__Prevotella;s__Prevotella_baroniae	0	0	0	7.0	0	0	0	0	0	0	0	0	0	0	3.0	0	0	0	3.0	0
sk__Bacteria;k__;p__Bacteroidetes;c__Bacteroidia;o__Bacteroidales;f__Prevotellaceae;g__Prevotella;s__Prevotella_buccae	0	0	0	0	0	0	0	0	0	0	1.0	0	0	0	0	0	0	0	1.0	0
sk__Bacteria;k__;p__Bacteroidetes;c__Bacteroidia;o__Bacteroidales;f__Prevotellaceae;g__Prevotella;s__Prevotella_dentalis	0	0	0	0	0	0	0	0	0	0	0	0	0	0	1.0	0	0	0	0	0
sk__Bacteria;k__;p__Bacteroidetes;c__Bacteroidia;o__Bacteroidales;f__Prevotellaceae;g__Prevotella;s__Prevotella_denticola	0	0	0	0	0	0	0	2.0	0	5.0	0	0	0	0	0	0	0	0	0	0
sk__Bacteria;k__;p__Bacteroidetes;c__Bacteroidia;o__Bacteroidales;f__Prevotellaceae;g__Prevotella;s__Prevotella_enoeca	0	0	0	0	11.0	0	0	0	4.0	0	1.0	0	0	0	0	0	0	0	0	0
sk__Bacteria;k__;p__Bacteroidetes;c__Bacteroidia;o__Bacteroidales;f__Prevotellaceae;g__Prevotella;s__Prevotella_genomosp._P8_oral_clone_MB3_P13	0	0	0	0	0	0	0	0	0	0	1.0	0	0	0	0	0	0	0	0	0
sk__Bacteria;k__;p__Bacteroidetes;c__Bacteroidia;o__Bacteroidales;f__Prevotellaceae;g__Prevotella;s__Prevotella_intermedia	12.0	15.0	2.0	44.0	9.0	11.0	0	0	9.0	0	1.0	0	0	3.0	0	0	3.0	13.0	0	15.0
sk__Bacteria;k__;p__Bacteroidetes;c__Bacteroidia;o__Bacteroidales;f__Prevotellaceae;g__Prevotella;s__Prevotella_loescheii	0	0	1.0	0	0	0	0	0	0	0	0	0	0	0	0	0	0	0	0	0
sk__Bacteria;k__;p__Bacteroidetes;c__Bacteroidia;o__Bacteroidales;f__Prevotellaceae;g__Prevotella;s__Prevotella_marshii	0	0	0	0	0	0	0	0	0	0	0	0	0	0	0	0	0	0	5.0	0
sk__Bacteria;k__;p__Bacteroidetes;c__Bacteroidia;o__Bacteroidales;f__Prevotellaceae;g__Prevotella;s__Prevotella_micans	36.0	2.0	0	62.0	35.0	2.0	0	5.0	0	0	0	0	0	0	0	0	0	0	8.0	4.0
sk__Bacteria;k__;p__Bacteroidetes;c__Bacteroidia;o__Bacteroidales;f__Prevotellaceae;g__Prevotella;s__Prevotella_multiformis	0	0	0	0	0	0	0	0	0	0	0	0	0	0	225.0	0	0	0	0	0
sk__Bacteria;k__;p__Bacteroidetes;c__Bacteroidia;o__Bacteroidales;f__Prevotellaceae;g__Prevotella;s__Prevotella_nigrescens	60.0	4.0	5.0	0	3.0	0	2.0	7.0	0	0	4.0	0	0	0	20.0	0	5.0	0	115.0	0
sk__Bacteria;k__;p__Bacteroidetes;c__Bacteroidia;o__Bacteroidales;f__Prevotellaceae;g__Prevotella;s__Prevotella_oris	8.0	6.0	32.0	2.0	28.0	20.0	126.0	160.0	2.0	160.0	0	3.0	0	7.0	43.0	9.0	3.0	31.0	594.0	120.0
sk__Bacteria;k__;p__Bacteroidetes;c__Bacteroidia;o__Bacteroidales;f__Prevotellaceae;g__Prevotella;s__Prevotella_oulorum	0	0	0	0	3.0	0	1.0	1.0	0	0	0	0	0	0	0	0	0	3.0	0	1.0
sk__Bacteria;k__;p__Bacteroidetes;c__Bacteroidia;o__Bacteroidales;f__Prevotellaceae;g__Prevotella;s__Prevotella_scopos	0	0	0	2.0	0	0	1.0	0	0	0	0	0	0	0	0	0	0	1.0	0	0
sk__Bacteria;k__;p__Bacteroidetes;c__Bacteroidia;o__Bacteroidales;f__Prevotellaceae;g__Prevotella;s__Prevotella_sp._E9_42	0	0	0	0	0	0	0	0	0	0	0	0	0	0	1.0	0	0	0	0	0
sk__Bacteria;k__;p__Bacteroidetes;c__Bacteroidia;o__Bacteroidales;f__Prevotellaceae;g__Prevotella;s__Prevotella_sp._oral_clone_FW035	10.0	0	1.0	10.0	5.0	4.0	0	1.0	2.0	2.0	0	0	0	0	4.0	0	0	0	0	0
sk__Bacteria;k__;p__Bacteroidetes;c__Bacteroidia;o__Bacteroidales;f__Prevotellaceae;g__Prevotella;s__Prevotella_sp._oral_clone_FX046	0	0	0	0	2.0	0	0	0	0	0	0	0	0	0	0	0	0	0	0	0
sk__Bacteria;k__;p__Bacteroidetes;c__Bacteroidia;o__Bacteroidales;f__Prevotellaceae;g__Prevotella;s__Prevotella_sp._oral_clone_GI032	0	1.0	0	1.0	0	0	0	10.0	0	0	0	0	0	0	0	0	0	29.0	0	0
sk__Bacteria;k__;p__Bacteroidetes;c__Bacteroidia;o__Bacteroidales;f__Prevotellaceae;g__Prevotella;s__Prevotella_sp._oral_clone_IK053	0	3.0	0	3.0	5.0	0	0	0	0	1.0	0	0	0	0	0	0	0	0	11.0	0
sk__Bacteria;k__;p__Bacteroidetes;c__Bacteroidia;o__Bacteroidales;f__Prevotellaceae;g__Prevotella;s__Prevotella_sp._oral_taxon_782	0	0	0	0	1.0	0	0	0	1.0	0	1.0	0	0	0	0	0	0	0	0	0
sk__Bacteria;k__;p__Bacteroidetes;c__Bacteroidia;o__Bacteroidales;f__Prevotellaceae;g__Prevotella;s__Prevotella_veroralis	0	0	0	0	1.0	0	1.0	3.0	0	0	0	0	0	1.0	0	0	0	53.0	3.0	0
sk__Bacteria;k__;p__Bacteroidetes;c__Bacteroidia;o__Bacteroidales;f__Prevotellaceae;g__Prevotella;s__[Hallella]_seregens	0	0	0	0	0	0	0	0	0	0	0	0	0	0	0	0	0	0	3.0	0
sk__Bacteria;k__;p__Bacteroidetes;c__Bacteroidia;o__Bacteroidales;f__Rikenellaceae	0	1.0	0	2.0	4.0	0	0	5.0	2.0	0	2.0	0	0	0	17.0	2.0	0	0	13.0	0
sk__Bacteria;k__;p__Bacteroidetes;c__Bacteroidia;o__Bacteroidales;f__Tannerellaceae	0	1.0	1.0	1.0	0	0	0	0	0	4.0	0	0	0	0	1.0	0	0	0	2.0	1.0
sk__Bacteria;k__;p__Bacteroidetes;c__Bacteroidia;o__Bacteroidales;f__Tannerellaceae;g__Tannerella	63.0	129.0	14.0	130.0	20.0	8.0	37.0	33.0	26.0	179.0	2.0	30.0	0	20.0	7.0	12.0	1.0	201.0	104.0	199.0
sk__Bacteria;k__;p__Bacteroidetes;c__Bacteroidia;o__Bacteroidales;f__Tannerellaceae;g__Tannerella;s__Tannerella_forsythia	0	46.0	7.0	25.0	6.0	5.0	0	9.0	451.0	0	2.0	1.0	0	0	4.0	10.0	15.0	8.0	2.0	122.0
sk__Bacteria;k__;p__Bacteroidetes;c__Bacteroidia;o__Bacteroidales;f__Tannerellaceae;g__Tannerella;s__Tannerella_sp._oral_taxon_HOT-286	5.0	0	0	0	2.0	0	1.0	1.0	0	1.0	0	0	0	0	0	0	0	0	1.0	1.0
sk__Bacteria;k__;p__Bacteroidetes;c__Chitinophagia;o__Chitinophagales;f__Chitinophagaceae	0	0	0	0	0	0	0	0	0	0	1.0	0	0	0	1.0	2.0	0	0	1.0	1.0
sk__Bacteria;k__;p__Bacteroidetes;c__Chitinophagia;o__Chitinophagales;f__Chitinophagaceae;g__Sediminibacterium	1.0	0	0	0	0	0	0	0	0	0	7.0	1.0	1.0	2.0	2.0	44.0	1.0	6.0	8.0	19.0
sk__Bacteria;k__;p__Bacteroidetes;c__Cytophagia;o__Cytophagales;f__Hymenobacteraceae;g__Hymenobacter;s__Hymenobacter_sp._M2	0	0	0	0	0	0	0	0	0	0	0	0	0	1.0	0	0	0	0	0	0
sk__Bacteria;k__;p__Bacteroidetes;c__Cytophagia;o__Cytophagales;f__Microscillaceae	0	0	0	0	0	0	0	0	0	0	0	0	0	0	0	3.0	0	0	0	0
sk__Bacteria;k__;p__Bacteroidetes;c__Flavobacteriia;o__Flavobacteriales	11.0	2.0	0	4.0	3.0	3.0	0	0	1.0	4.0	0	11.0	2.0	2.0	0	0	1.0	1.0	0	2.0
sk__Bacteria;k__;p__Bacteroidetes;c__Flavobacteriia;o__Flavobacteriales;f__Flavobacteriaceae	53.0	1.0	0	16.0	2.0	14.0	3.0	1.0	1.0	9.0	2.0	28.0	3.0	0	0	2.0	0	4.0	0	4.0
sk__Bacteria;k__;p__Bacteroidetes;c__Flavobacteriia;o__Flavobacteriales;f__Flavobacteriaceae;g__Bergeyella	228.0	6.0	0	164.0	113.0	312.0	11.0	0	2.0	28.0	220.0	26.0	39.0	8.0	0	68.0	3.0	1.0	3.0	42.0
sk__Bacteria;k__;p__Bacteroidetes;c__Flavobacteriia;o__Flavobacteriales;f__Flavobacteriaceae;g__Capnocytophaga	5292.0	905.0	56.0	817.0	164.0	971.0	263.0	136.0	124.0	936.0	1470.0	1677.0	1243.0	279.0	1.0	840.0	191.0	427.0	137.0	1190.0
sk__Bacteria;k__;p__Bacteroidetes;c__Flavobacteriia;o__Flavobacteriales;f__Flavobacteriaceae;g__Capnocytophaga;s__Capnocytophaga_gingivalis	15.0	3.0	0	1.0	0	2.0	0	0	0	1.0	5.0	0	0	1.0	0	0	1.0	10.0	0	5.0
sk__Bacteria;k__;p__Bacteroidetes;c__Flavobacteriia;o__Flavobacteriales;f__Flavobacteriaceae;g__Capnocytophaga;s__Capnocytophaga_granulosa	4.0	0	1.0	1.0	0	0	0	0	0	4.0	0	3.0	0	0	0	1.0	0	0	0	0
sk__Bacteria;k__;p__Bacteroidetes;c__Flavobacteriia;o__Flavobacteriales;f__Flavobacteriaceae;g__Capnocytophaga;s__Capnocytophaga_ochracea	2.0	4.0	8.0	3.0	1.0	1.0	24.0	55.0	0	12.0	6.0	0	7.0	0	0	137.0	0	29.0	11.0	2.0
sk__Bacteria;k__;p__Bacteroidetes;c__Flavobacteriia;o__Flavobacteriales;f__Flavobacteriaceae;g__Capnocytophaga;s__Capnocytophaga_sp._oral_clone_BB167	0	0	0	0	0	0	0	0	0	0	0	0	0	0	0	0	0	0	0	1.0
sk__Bacteria;k__;p__Bacteroidetes;c__Flavobacteriia;o__Flavobacteriales;f__Flavobacteriaceae;g__Capnocytophaga;s__Capnocytophaga_sp._oral_clone_BU084	7.0	0	0	1.0	0	0	0	0	0	0	0	0	0	0	0	0	0	0	0	0
sk__Bacteria;k__;p__Bacteroidetes;c__Flavobacteriia;o__Flavobacteriales;f__Flavobacteriaceae;g__Capnocytophaga;s__Capnocytophaga_sp._oral_clone_ID062	1.0	0	0	0	0	0	0	0	0	0	0	0	0	0	0	0	0	0	0	0
sk__Bacteria;k__;p__Bacteroidetes;c__Flavobacteriia;o__Flavobacteriales;f__Flavobacteriaceae;g__Chryseobacterium	0	0	0	0	0	0	0	0	0	0	0	0	0	0	6.0	0	0	1.0	0	1.0
sk__Bacteria;k__;p__Bacteroidetes;c__Flavobacteriia;o__Flavobacteriales;f__Flavobacteriaceae;g__Cloacibacterium	0	0	0	0	0	0	0	0	0	0	0	0	0	0	0	3.0	0	0	0	0
sk__Bacteria;k__;p__Bacteroidetes;c__Flavobacteriia;o__Flavobacteriales;f__Flavobacteriaceae;g__Flavobacterium	0	0	0	0	0	0	0	0	0	0	0	0	0	0	0	2.0	0	0	2.0	7.0
sk__Bacteria;k__;p__Bacteroidetes;c__Flavobacteriia;o__Flavobacteriales;f__Flavobacteriaceae;g__Salinimicrobium	0	0	0	0	0	0	0	0	0	0	0	0	0	1.0	0	0	0	0	0	0
sk__Bacteria;k__;p__Bacteroidetes;c__Saprospiria;o__Saprospirales;f__Saprospiraceae	0	0	1.0	0	0	0	0	0	0	0	0	0	0	0	0	0	0	0	0	0
sk__Bacteria;k__;p__Bacteroidetes;c__Sphingobacteriia;o__Sphingobacteriales	1.0	0	0	0	0	0	0	0	0	0	0	0	0	0	1.0	0	0	1.0	0	0
sk__Bacteria;k__;p__Bacteroidetes;c__Sphingobacteriia;o__Sphingobacteriales;f__Sphingobacteriaceae;g__Pedobacter	0	0	0	0	0	0	0	0	0	0	0	0	0	0	0	0	0	0	0	2.0
sk__Bacteria;k__;p__Bacteroidetes;c__Sphingobacteriia;o__Sphingobacteriales;f__Sphingobacteriaceae;g__Sphingobacterium	0	0	0	0	0	0	0	0	0	0	0	2.0	0	0	0	0	0	0	0	8.0
sk__Bacteria;k__;p__Candidatus_Gracilibacteria	11.0	0	0	5.0	0	3.0	0	0	0	0	0	0	1.0	0	0	0	0	0	0	0
sk__Bacteria;k__;p__Candidatus_Gracilibacteria;c__;o__;f__;g__;s__Gracilibacteria_bacterium_oral_taxon_871	0	0	0	1.0	0	0	0	0	0	0	0	0	1.0	0	0	0	0	0	0	0
sk__Bacteria;k__;p__Candidatus_Gracilibacteria;c__;o__;f__;g__;s__Gracilibacteria_bacterium_oral_taxon_873	0	0	0	1.0	0	0	0	0	0	0	0	0	0	0	0	0	0	0	0	0
sk__Bacteria;k__;p__Candidatus_Saccharibacteria	51.0	6.0	1.0	66.0	15.0	10.0	1.0	1.0	0	2.0	9.0	0	0	0	0	6.0	0	1.0	10.0	3.0
sk__Bacteria;k__;p__Candidatus_Saccharibacteria;c__;o__;f__;g__;s__Candidatus_Saccharibacteria_bacterium_47-87	0	0	0	0	0	0	0	0	0	0	0	0	0	0	0	0	0	3.0	0	0
sk__Bacteria;k__;p__Candidatus_Saccharibacteria;c__;o__;f__;g__;s__Candidatus_Saccharibacteria_bacterium_UB2523	0	0	0	0	0	0	1.0	0	0	0	0	0	0	0	0	0	0	0	0	0
sk__Bacteria;k__;p__Candidatus_Saccharibacteria;c__;o__;f__;g__;s__TM7_phylum_sp._canine_oral_taxon_251	157.0	0	0	70.0	0	39.0	0	0	3.0	0	0	0	0	0	0	3.0	0	0	0	0
sk__Bacteria;k__;p__Candidatus_Saccharibacteria;c__;o__;f__;g__;s__TM7_phylum_sp._canine_oral_taxon_308	26.0	1.0	2.0	16.0	14.0	1.0	0	1.0	0	1.0	0	0	0	0	0	1.0	0	0	5.0	0
sk__Bacteria;k__;p__Candidatus_Saccharibacteria;c__;o__;f__;g__;s__TM7_phylum_sp._oral_clone_BU080	3.0	0	0	0	0	0	0	0	0	0	0	0	0	0	0	0	0	0	0	0
sk__Bacteria;k__;p__Candidatus_Saccharibacteria;c__;o__;f__;g__;s__TM7_phylum_sp._oral_clone_CW040	0	0	0	0	0	0	0	0	0	0	0	0	0	0	2.0	0	0	0	0	0
sk__Bacteria;k__;p__Candidatus_Saccharibacteria;c__;o__;f__;g__;s__TM7_phylum_sp._oral_clone_FR058	0	0	0	1.0	0	0	0	0	0	0	0	0	0	0	0	0	0	0	1.0	0
sk__Bacteria;k__;p__Candidatus_Saccharibacteria;c__;o__;f__;g__;s__TM7_phylum_sp._oral_clone_HD027	4.0	0	0	1.0	0	0	0	0	0	0	0	0	0	3.0	0	0	0	0	0	0
sk__Bacteria;k__;p__Candidatus_Saccharibacteria;c__;o__;f__;g__Candidatus_Saccharimonas	6.0	0	20.0	18.0	15.0	2.0	4.0	23.0	28.0	12.0	2.0	0	0	1.0	0	0	0	0	2.0	33.0
sk__Bacteria;k__;p__Chlamydiae;c__Chlamydiia;o__Chlamydiales;f__Chlamydiaceae;g__Chlamydia	0	0	0	0	0	0	0	0	0	0	0	0	0	0	0	0	0	0	1.0	0
sk__Bacteria;k__;p__Chloroflexi	0	0	1.0	7.0	14.0	1.0	0	19.0	48.0	0	5.0	0	0	0	2.0	0	0	0	0	1.0
sk__Bacteria;k__;p__Chloroflexi;c__Anaerolineae;o__Anaerolineales;f__Anaerolineaceae	2.0	2.0	1.0	14.0	0	6.0	0	1.0	41.0	0	3.0	0	0	0	2.0	2.0	0	0	0	0
sk__Bacteria;k__;p__Chloroflexi;c__Anaerolineae;o__Anaerolineales;f__Anaerolineaceae;g__Flexilinea	0	0	0	0	0	0	0	0	1.0	0	0	0	0	0	0	0	0	0	0	0
sk__Bacteria;k__;p__Cyanobacteria	0	0	0	0	0	0	0	0	0	0	0	0	0	0	0	13.0	0	5.0	0	1.0
sk__Bacteria;k__;p__Cyanobacteria;c__;o__Nostocales	0	0	0	0	0	0	0	0	0	0	0	0	0	0	2.0	0	0	1.0	0	1.0
sk__Bacteria;k__;p__Deferribacteres;c__Deferribacteres	1.0	0	1.0	0	0	0	0	0	3.0	0	0	0	0	0	0	0	0	0	0	0
sk__Bacteria;k__;p__Deinococcus-Thermus;c__Deinococci;o__Deinococcales;f__Deinococcaceae;g__Deinococcus	0	0	0	0	0	0	0	0	0	0	0	0	0	1.0	0	3.0	0	0	0	0
sk__Bacteria;k__;p__Deinococcus-Thermus;c__Deinococci;o__Deinococcales;f__Deinococcaceae;g__Deinococcus;s__Deinococcus_caeni	0	1.0	0	0	0	0	0	0	0	0	0	0	0	0	0	0	0	0	0	0
sk__Bacteria;k__;p__Deinococcus-Thermus;c__Deinococci;o__Thermales;f__Thermaceae;g__Thermus	0	0	0	0	0	0	0	0	0	0	0	0	0	0	0	0	0	0	1.0	0
sk__Bacteria;k__;p__Firmicutes	374.0	545.0	192.0	219.0	45.0	52.0	657.0	128.0	39.0	415.0	271.0	671.0	344.0	959.0	276.0	61.0	108.0	465.0	29.0	71.0
sk__Bacteria;k__;p__Firmicutes;c__Bacilli	2.0	0	0	6.0	0	2.0	1.0	0	4.0	1.0	0	9.0	2.0	5.0	0	2.0	2.0	2.0	0	0
sk__Bacteria;k__;p__Firmicutes;c__Bacilli;o__Bacillales	12.0	3.0	0	15.0	4.0	6.0	1.0	0	1.0	1.0	1.0	7.0	4.0	0	0	1.0	1.0	1.0	0	5.0
sk__Bacteria;k__;p__Firmicutes;c__Bacilli;o__Bacillales;f__;g__Gemella	258.0	43.0	40.0	739.0	171.0	514.0	0	2.0	198.0	144.0	0	409.0	1.0	15.0	0	2.0	176.0	152.0	32.0	113.0
sk__Bacteria;k__;p__Firmicutes;c__Bacilli;o__Bacillales;f__Bacillaceae;g__Bacillus	0	0	0	0	0	0	0	0	0	0	0	0	0	0	0	0	0	0	0	7.0
sk__Bacteria;k__;p__Firmicutes;c__Bacilli;o__Bacillales;f__Planococcaceae	0	0	0	0	0	0	0	0	0	0	0	0	0	0	0	3.0	0	0	0	8.0
sk__Bacteria;k__;p__Firmicutes;c__Bacilli;o__Bacillales;f__Planococcaceae;g__Chryseomicrobium	0	0	0	0	0	0	0	0	0	0	0	0	0	0	0	0	0	0	0	4.0
sk__Bacteria;k__;p__Firmicutes;c__Bacilli;o__Bacillales;f__Planococcaceae;g__Planococcus	0	0	0	0	0	0	0	0	0	0	0	0	0	0	0	0	0	0	0	6.0
sk__Bacteria;k__;p__Firmicutes;c__Bacilli;o__Bacillales;f__Staphylococcaceae;g__Jeotgalicoccus	0	0	0	0	0	0	0	0	0	0	0	0	0	0	0	0	0	0	0	4.0
sk__Bacteria;k__;p__Firmicutes;c__Bacilli;o__Bacillales;f__Staphylococcaceae;g__Staphylococcus	8.0	0	3.0	33.0	0	47.0	1.0	0	16.0	0	1.0	50.0	1.0	17.0	0	2.0	1.0	9.0	0	0
sk__Bacteria;k__;p__Firmicutes;c__Bacilli;o__Bacillales;f__Staphylococcaceae;g__Staphylococcus;s__Staphylococcus_hominis	0	0	0	0	0	0	0	0	0	0	0	0	1.0	1.0	0	0	0	0	2.0	0
sk__Bacteria;k__;p__Firmicutes;c__Bacilli;o__Lactobacillales	33.0	73.0	11.0	72.0	118.0	38.0	26.0	3.0	5.0	10.0	5.0	42.0	26.0	10.0	9.0	3.0	8.0	18.0	2.0	3.0
sk__Bacteria;k__;p__Firmicutes;c__Bacilli;o__Lactobacillales;f__Aerococcaceae	2.0	0	0	4.0	0	0	0	0	0	0	0	0	0	0	0	0	0	0	0	1.0
sk__Bacteria;k__;p__Firmicutes;c__Bacilli;o__Lactobacillales;f__Aerococcaceae;g__Abiotrophia	542.0	2.0	0	548.0	4.0	0	0	0	2.0	0	2.0	91.0	11.0	0	0	0	14.0	0	7.0	0
sk__Bacteria;k__;p__Firmicutes;c__Bacilli;o__Lactobacillales;f__Aerococcaceae;g__Abiotrophia;s__Abiotrophia_defectiva	3.0	0	0	76.0	0	0	0	0	0	0	3.0	1.0	18.0	0	0	0	27.0	0	0	0
sk__Bacteria;k__;p__Firmicutes;c__Bacilli;o__Lactobacillales;f__Carnobacteriaceae	0	1.0	0	0	0	3.0	0	0	0	0	0	2.0	0	0	0	0	0	0	0	0
sk__Bacteria;k__;p__Firmicutes;c__Bacilli;o__Lactobacillales;f__Carnobacteriaceae;g__Atopostipes	0	0	0	0	0	0	0	0	0	0	0	0	0	2.0	0	0	0	6.0	0	0
sk__Bacteria;k__;p__Firmicutes;c__Bacilli;o__Lactobacillales;f__Carnobacteriaceae;g__Granulicatella	76.0	202.0	53.0	275.0	13.0	247.0	51.0	0	29.0	23.0	24.0	221.0	60.0	28.0	1.0	2.0	12.0	148.0	1.0	2.0
sk__Bacteria;k__;p__Firmicutes;c__Bacilli;o__Lactobacillales;f__Lactobacillaceae	0	0	0	0	0	0	0	4.0	0	0	0	0	0	0	4.0	0	0	0	0	0
sk__Bacteria;k__;p__Firmicutes;c__Bacilli;o__Lactobacillales;f__Lactobacillaceae;g__Lactobacillus	1.0	0	0	0	0	0	357.0	781.0	1.0	146.0	1.0	0	0	0	8581.0	0	0	0	0	5.0
sk__Bacteria;k__;p__Firmicutes;c__Bacilli;o__Lactobacillales;f__Lactobacillaceae;g__Lactobacillus;s__Lactobacillus_fermentum	0	0	0	0	0	0	0	153.0	0	0	0	0	0	0	0	0	0	0	0	0
sk__Bacteria;k__;p__Firmicutes;c__Bacilli;o__Lactobacillales;f__Lactobacillaceae;g__Lactobacillus;s__Lactobacillus_salivarius	0	0	0	0	0	0	2.0	0	0	5.0	0	0	0	0	0	0	0	0	0	0
sk__Bacteria;k__;p__Firmicutes;c__Bacilli;o__Lactobacillales;f__Lactobacillaceae;g__Lactobacillus;s__Lactobacillus_sp._oral_clone_HT002	0	0	0	0	0	0	0	1.0	0	0	0	0	0	0	0	0	0	0	0	0
sk__Bacteria;k__;p__Firmicutes;c__Bacilli;o__Lactobacillales;f__Lactobacillaceae;g__Lactobacillus;s__Lactobacillus_vaginalis	0	0	0	0	0	0	0	0	0	0	0	0	0	0	15.0	0	0	0	0	0
sk__Bacteria;k__;p__Firmicutes;c__Bacilli;o__Lactobacillales;f__Leuconostocaceae;g__Weissella	0	0	0	0	0	0	0	0	0	0	0	0	0	0	0	1.0	0	0	0	0
sk__Bacteria;k__;p__Firmicutes;c__Bacilli;o__Lactobacillales;f__Leuconostocaceae;g__Weissella;s__Weissella_soli	0	0	0	0	0	0	0	0	0	0	0	0	0	0	0	1.0	0	0	0	0
sk__Bacteria;k__;p__Firmicutes;c__Bacilli;o__Lactobacillales;f__Streptococcaceae	16.0	10.0	8.0	36.0	24.0	20.0	12.0	1.0	8.0	14.0	1.0	18.0	2.0	139.0	8.0	2.0	8.0	7.0	1.0	6.0
sk__Bacteria;k__;p__Firmicutes;c__Bacilli;o__Lactobacillales;f__Streptococcaceae;g__Lactococcus	0	0	0	0	0	0	0	0	0	0	0	0	0	0	0	2.0	0	0	0	0
sk__Bacteria;k__;p__Firmicutes;c__Bacilli;o__Lactobacillales;f__Streptococcaceae;g__Lactococcus;s__Lactococcus_lactis	0	0	0	0	0	0	0	0	0	0	0	0	0	0	0	1.0	0	0	0	0
sk__Bacteria;k__;p__Firmicutes;c__Bacilli;o__Lactobacillales;f__Streptococcaceae;g__Streptococcus	2347.0	2724.0	875.0	4046.0	2464.0	1631.0	1383.0	213.0	1931.0	3202.0	595.0	3273.0	1254.0	5189.0	538.0	581.0	1269.0	2072.0	157.0	527.0
sk__Bacteria;k__;p__Firmicutes;c__Bacilli;o__Lactobacillales;f__Streptococcaceae;g__Streptococcus;s__Streptococcus_anginosus	1.0	2.0	110.0	11.0	13.0	0	142.0	105.0	122.0	23.0	0	1.0	0	30.0	457.0	16.0	0	0	5.0	88.0
sk__Bacteria;k__;p__Firmicutes;c__Bacilli;o__Lactobacillales;f__Streptococcaceae;g__Streptococcus;s__Streptococcus_constellatus	0	0	0	1.0	0	0	0	0	2.0	0	0	0	0	2.0	0	0	2.0	2.0	0	0
sk__Bacteria;k__;p__Firmicutes;c__Bacilli;o__Lactobacillales;f__Streptococcaceae;g__Streptococcus;s__Streptococcus_cristatus	1.0	1.0	1.0	3.0	1.0	1.0	3.0	0	0	27.0	0	1.0	0	3.0	0	3.0	0	11.0	0	0
sk__Bacteria;k__;p__Firmicutes;c__Bacilli;o__Lactobacillales;f__Streptococcaceae;g__Streptococcus;s__Streptococcus_gordonii	3.0	5.0	1.0	8.0	0	0	0	0	5.0	0	0	19.0	0	0	0	0	6.0	0	0	1.0
sk__Bacteria;k__;p__Firmicutes;c__Bacilli;o__Lactobacillales;f__Streptococcaceae;g__Streptococcus;s__Streptococcus_intermedius	0	0	0	0	0	1.0	0	1.0	4.0	0	0	0	0	0	0	0	0	0	0	0
sk__Bacteria;k__;p__Firmicutes;c__Bacilli;o__Lactobacillales;f__Streptococcaceae;g__Streptococcus;s__Streptococcus_mitis	0	0	0	0	0	0	0	0	0	1.0	0	0	0	0	1.0	0	0	0	0	0
sk__Bacteria;k__;p__Firmicutes;c__Bacilli;o__Lactobacillales;f__Streptococcaceae;g__Streptococcus;s__Streptococcus_mutans	0	27.0	71.0	0	0	0	181.0	25.0	0	28.0	1.0	0	0	30.0	1.0	11.0	2.0	3.0	4.0	2.0
sk__Bacteria;k__;p__Firmicutes;c__Bacilli;o__Lactobacillales;f__Streptococcaceae;g__Streptococcus;s__Streptococcus_sanguinis	124.0	224.0	12.0	214.0	30.0	32.0	29.0	2.0	27.0	22.0	263.0	120.0	422.0	40.0	4.0	68.0	150.0	8.0	5.0	2.0
sk__Bacteria;k__;p__Firmicutes;c__Bacilli;o__Lactobacillales;f__Streptococcaceae;g__Streptococcus;s__Streptococcus_sinensis	0	0	0	0	20.0	1.0	0	0	0	0	0	0	0	0	0	0	0	0	0	0
sk__Bacteria;k__;p__Firmicutes;c__Bacilli;o__Lactobacillales;f__Streptococcaceae;g__Streptococcus;s__Streptococcus_sobrinus	0	0	0	0	0	0	0	0	0	8.0	0	0	0	0	0	0	0	13.0	0	0
sk__Bacteria;k__;p__Firmicutes;c__Bacilli;o__Lactobacillales;f__Streptococcaceae;g__Streptococcus;s__Streptococcus_sp._11aTha1	1.0	0	0	1.0	0	0	0	0	0	0	0	0	0	1.0	0	0	0	1.0	0	6.0
sk__Bacteria;k__;p__Firmicutes;c__Bacilli;o__Lactobacillales;f__Streptococcaceae;g__Streptococcus;s__Streptococcus_sp._DD04(2016)	0	0	0	0	1.0	0	0	0	0	0	0	0	0	0	0	0	0	0	0	0
sk__Bacteria;k__;p__Firmicutes;c__Bacilli;o__Lactobacillales;f__Streptococcaceae;g__Streptococcus;s__Streptococcus_sp._oral_clone_ASCC01	2.0	1.0	2.0	10.0	4.0	1.0	0	0	0	1.0	0	4.0	0	0	0	0	0	0	0	0
sk__Bacteria;k__;p__Firmicutes;c__Clostridia	0	0	0	0	0	0	0	0	0	0	0	0	0	2.0	0	0	0	0	2.0	0
sk__Bacteria;k__;p__Firmicutes;c__Clostridia;o__Clostridiales	17.0	19.0	130.0	164.0	120.0	43.0	10.0	93.0	971.0	76.0	56.0	4.0	2.0	7.0	28.0	25.0	2.0	5.0	48.0	41.0
sk__Bacteria;k__;p__Firmicutes;c__Clostridia;o__Clostridiales;f__;g__;s__Clostridiales_bacterium_feline_oral_taxon_148	0	0	0	10.0	0	0	0	0	0	0	0	0	0	0	2.0	1.0	0	0	1.0	0
sk__Bacteria;k__;p__Firmicutes;c__Clostridia;o__Clostridiales;f__;g__Howardella	0	0	0	0	0	0	0	4.0	0	0	0	0	0	0	0	0	0	0	0	0
sk__Bacteria;k__;p__Firmicutes;c__Clostridia;o__Clostridiales;f__Christensenellaceae	0	0	0	0	1.0	0	0	0	0	0	0	0	0	0	0	0	0	0	0	0
sk__Bacteria;k__;p__Firmicutes;c__Clostridia;o__Clostridiales;f__Clostridiales_Family_XIII._Incertae_Sedis	0	2.0	15.0	15.0	17.0	3.0	0	7.0	66.0	1.0	1.0	0	0	1.0	1.0	0	0	0	1.0	0
sk__Bacteria;k__;p__Firmicutes;c__Clostridia;o__Clostridiales;f__Clostridiales_Family_XIII._Incertae_Sedis;g__;s__[Eubacterium]_brachy	0	3.0	9.0	91.0	50.0	27.0	0	6.0	35.0	0	7.0	0	0	101.0	4.0	1.0	54.0	0	20.0	3.0
sk__Bacteria;k__;p__Firmicutes;c__Clostridia;o__Clostridiales;f__Clostridiales_Family_XIII._Incertae_Sedis;g__;s__[Eubacterium]_infirmum	0	0	0	0	0	0	0	0	0	0	1.0	0	0	0	0	0	0	0	0	0
sk__Bacteria;k__;p__Firmicutes;c__Clostridia;o__Clostridiales;f__Clostridiales_Family_XIII._Incertae_Sedis;g__;s__[Eubacterium]_nodatum	0	0	1.0	6.0	1.0	1.0	0	2.0	14.0	1.0	0	0	0	0	0	0	0	1.0	0	0
sk__Bacteria;k__;p__Firmicutes;c__Clostridia;o__Clostridiales;f__Clostridiales_Family_XIII._Incertae_Sedis;g__;s__[Eubacterium]_saphenum	26.0	6.0	41.0	0	15.0	0	1.0	0	0	0	24.0	0	0	0	4.0	32.0	0	0	0	18.0
sk__Bacteria;k__;p__Firmicutes;c__Clostridia;o__Clostridiales;f__Clostridiales_Family_XIII._Incertae_Sedis;g__Mogibacterium	1.0	0	13.0	12.0	24.0	9.0	10.0	9.0	48.0	37.0	2.0	3.0	0	2.0	1.0	0	1.0	0	0	1.0
sk__Bacteria;k__;p__Firmicutes;c__Clostridia;o__Clostridiales;f__Clostridiales_Family_XIII._Incertae_Sedis;g__Mogibacterium;s__Mogibacterium_diversum	0	0	0	0	0	0	0	0	6.0	0	0	0	0	0	0	0	0	0	0	0
sk__Bacteria;k__;p__Firmicutes;c__Clostridia;o__Clostridiales;f__Clostridiales_Family_XIII._Incertae_Sedis;g__Mogibacterium;s__Mogibacterium_timidum	0	11.0	71.0	140.0	38.0	57.0	0	0	255.0	0	35.0	0	0	0	2.0	12.0	0	3.0	9.0	0
sk__Bacteria;k__;p__Firmicutes;c__Clostridia;o__Clostridiales;f__Defluviitaleaceae	28.0	0	10.0	64.0	18.0	8.0	0	0	44.0	0	13.0	0	0	0	4.0	6.0	0	1.0	25.0	12.0
sk__Bacteria;k__;p__Firmicutes;c__Clostridia;o__Clostridiales;f__Eubacteriaceae	1.0	1.0	0	6.0	0	0	0	0	0	0	0	1.0	0	0	0	0	0	0	0	4.0
sk__Bacteria;k__;p__Firmicutes;c__Clostridia;o__Clostridiales;f__Eubacteriaceae;g__;s__Eubacteriaceae_oral_clone_P2PB_46_P3	0	0	0	0	0	0	0	0	1.0	0	0	0	0	0	0	0	0	0	0	0
sk__Bacteria;k__;p__Firmicutes;c__Clostridia;o__Clostridiales;f__Eubacteriaceae;g__Eubacterium	3.0	1.0	0	51.0	4.0	0	0	6.0	42.0	1.0	2.0	0	0	0	1.0	5.0	0	0	0	0
sk__Bacteria;k__;p__Firmicutes;c__Clostridia;o__Clostridiales;f__Eubacteriaceae;g__Eubacterium;s__Eubacterium_sp._'Smarlab_BioMol-2301231'	0	0	0	0	0	0	0	0	1.0	0	0	0	0	0	0	0	0	1.0	0	0
sk__Bacteria;k__;p__Firmicutes;c__Clostridia;o__Clostridiales;f__Eubacteriaceae;g__Eubacterium;s__Eubacterium_sp._oral_clone_BU014	79.0	0	0	0	40.0	13.0	0	0	0	0	0	0	0	0	0	0	0	0	0	17.0
sk__Bacteria;k__;p__Firmicutes;c__Clostridia;o__Clostridiales;f__Eubacteriaceae;g__Eubacterium;s__Eubacterium_sp._oral_clone_DN050	0	0	0	0	0	0	0	12.0	0	0	2.0	0	0	0	0	0	0	0	0	0
sk__Bacteria;k__;p__Firmicutes;c__Clostridia;o__Clostridiales;f__Eubacteriaceae;g__Eubacterium;s__Eubacterium_sp._oral_clone_IR009	0	0	0	0	0	1.0	1.0	0	0	0	0	0	0	0	0	0	0	0	0	0
sk__Bacteria;k__;p__Firmicutes;c__Clostridia;o__Clostridiales;f__Eubacteriaceae;g__Pseudoramibacter	0	26.0	0	0	0	0	0	0	0	0	5.0	0	0	0	2.0	2.0	0	0	0	23.0
sk__Bacteria;k__;p__Firmicutes;c__Clostridia;o__Clostridiales;f__Eubacteriaceae;g__Pseudoramibacter;s__Pseudoramibacter_alactolyticus	2.0	0	0	0	0	0	0	0	22.0	0	3.0	0	0	0	0	0	0	0	0	0
sk__Bacteria;k__;p__Firmicutes;c__Clostridia;o__Clostridiales;f__Lachnospiraceae	332.0	14.0	8.0	298.0	40.0	60.0	8.0	7.0	58.0	8.0	9.0	11.0	0	6.0	1.0	7.0	7.0	1.0	0	58.0
sk__Bacteria;k__;p__Firmicutes;c__Clostridia;o__Clostridiales;f__Lachnospiraceae;g__Catonella	90.0	15.0	55.0	275.0	121.0	62.0	1.0	7.0	126.0	4.0	6.0	4.0	0	9.0	4.0	0	41.0	21.0	2.0	67.0
sk__Bacteria;k__;p__Firmicutes;c__Clostridia;o__Clostridiales;f__Lachnospiraceae;g__Catonella;s__Catonella_morbi	20.0	2.0	2.0	39.0	23.0	3.0	2.0	14.0	20.0	2.0	2.0	0	0	0	1.0	0	16.0	0	2.0	3.0
sk__Bacteria;k__;p__Firmicutes;c__Clostridia;o__Clostridiales;f__Lachnospiraceae;g__Catonella;s__Catonella_sp._oral_clone_AH153	0	0	0	0	0	0	0	0	0	0	0	0	0	0	0	0	0	0	1.0	0
sk__Bacteria;k__;p__Firmicutes;c__Clostridia;o__Clostridiales;f__Lachnospiraceae;g__Catonella;s__Catonella_sp._oral_clone_FL037	0	0	0	4.0	0	0	0	0	34.0	0	0	0	0	0	0	0	0	0	0	0
sk__Bacteria;k__;p__Firmicutes;c__Clostridia;o__Clostridiales;f__Lachnospiraceae;g__Dorea	0	0	0	0	0	1.0	7.0	0	0	0	0	0	0	0	0	0	0	0	0	0
sk__Bacteria;k__;p__Firmicutes;c__Clostridia;o__Clostridiales;f__Lachnospiraceae;g__Johnsonella	161.0	35.0	1.0	479.0	185.0	141.0	1.0	70.0	26.0	65.0	3.0	108.0	0	28.0	2.0	26.0	2.0	1.0	2.0	79.0
sk__Bacteria;k__;p__Firmicutes;c__Clostridia;o__Clostridiales;f__Lachnospiraceae;g__Johnsonella;s__Johnsonella_ignava	3.0	2.0	0	19.0	0	0	3.0	14.0	3.0	29.0	3.0	0	0	278.0	0	0	0	0	5.0	0
sk__Bacteria;k__;p__Firmicutes;c__Clostridia;o__Clostridiales;f__Lachnospiraceae;g__Lachnoanaerobaculum	30.0	35.0	45.0	72.0	42.0	10.0	122.0	49.0	17.0	327.0	17.0	141.0	7.0	24.0	44.0	60.0	5.0	311.0	2.0	65.0
sk__Bacteria;k__;p__Firmicutes;c__Clostridia;o__Clostridiales;f__Lachnospiraceae;g__Moryella	0	0	0	1.0	3.0	0	0	1.0	57.0	0	0	0	0	0	0	0	0	0	0	0
sk__Bacteria;k__;p__Firmicutes;c__Clostridia;o__Clostridiales;f__Lachnospiraceae;g__Oribacterium	5.0	4.0	7.0	3.0	4.0	0	3.0	14.0	5.0	3.0	4.0	0	0	58.0	1.0	1.0	1.0	1.0	0	30.0
sk__Bacteria;k__;p__Firmicutes;c__Clostridia;o__Clostridiales;f__Lachnospiraceae;g__Roseburia	3.0	0	0	37.0	4.0	0	0	0	3.0	0	0	0	0	0	0	8.0	0	0	0	0
sk__Bacteria;k__;p__Firmicutes;c__Clostridia;o__Clostridiales;f__Lachnospiraceae;g__Shuttleworthia	0	0	0	0	8.0	0	5.0	12.0	0	31.0	2.0	0	0	0	0	0	0	0	0	0
sk__Bacteria;k__;p__Firmicutes;c__Clostridia;o__Clostridiales;f__Lachnospiraceae;g__Shuttleworthia;s__Shuttleworthia_satelles	0	0	0	0	2.0	0	0	1.0	0	2.0	0	0	0	0	0	0	0	0	0	0
sk__Bacteria;k__;p__Firmicutes;c__Clostridia;o__Clostridiales;f__Lachnospiraceae;g__Stomatobaculum	1.0	1.0	1.0	1.0	3.0	0	30.0	1.0	2.0	17.0	0	6.0	0	2.0	95.0	0	0	1.0	31.0	2.0
sk__Bacteria;k__;p__Firmicutes;c__Clostridia;o__Clostridiales;f__Lachnospiraceae;g__Stomatobaculum;s__Stomatobaculum_longum	0	0	0	0	0	0	1.0	0	0	0	0	0	0	0	6.0	0	0	0	0	0
sk__Bacteria;k__;p__Firmicutes;c__Clostridia;o__Clostridiales;f__Peptococcaceae	1.0	0	1.0	2.0	1.0	0	0	0	0	0	0	0	0	0	0	0	0	0	0	0
sk__Bacteria;k__;p__Firmicutes;c__Clostridia;o__Clostridiales;f__Peptococcaceae;g__Peptococcus	15.0	1.0	9.0	81.0	29.0	22.0	1.0	19.0	17.0	6.0	0	3.0	0	83.0	1.0	3.0	14.0	6.0	9.0	5.0
sk__Bacteria;k__;p__Firmicutes;c__Clostridia;o__Clostridiales;f__Peptostreptococcaceae	66.0	8.0	11.0	124.0	61.0	30.0	9.0	17.0	147.0	8.0	24.0	4.0	0	5.0	2.0	1.0	13.0	23.0	5.0	11.0
sk__Bacteria;k__;p__Firmicutes;c__Clostridia;o__Clostridiales;f__Peptostreptococcaceae;g__;s__Peptostreptococcaceae_bacterium_canine_oral_taxon_067	0	0	0	0	0	0	0	0	1.0	0	0	0	0	0	0	0	0	0	0	0
sk__Bacteria;k__;p__Firmicutes;c__Clostridia;o__Clostridiales;f__Peptostreptococcaceae;g__;s__Peptostreptococcaceae_bacterium_canine_oral_taxon_110	0	0	0	0	0	0	0	0	1.0	0	0	0	0	0	0	3.0	1.0	1.0	0	0
sk__Bacteria;k__;p__Firmicutes;c__Clostridia;o__Clostridiales;f__Peptostreptococcaceae;g__Filifactor	41.0	10.0	69.0	285.0	50.0	1.0	2.0	45.0	211.0	0	174.0	0	0	2.0	16.0	2.0	34.0	15.0	63.0	17.0
sk__Bacteria;k__;p__Firmicutes;c__Clostridia;o__Clostridiales;f__Peptostreptococcaceae;g__Filifactor;s__Filifactor_alocis	9.0	5.0	46.0	28.0	18.0	0	0	17.0	43.0	0	16.0	1.0	0	0	3.0	1.0	1.0	8.0	12.0	4.0
sk__Bacteria;k__;p__Firmicutes;c__Clostridia;o__Clostridiales;f__Peptostreptococcaceae;g__Peptoanaerobacter	29.0	0	5.0	50.0	13.0	2.0	0	0	1.0	0	0	2.0	0	0	0	1.0	0	0	0	17.0
sk__Bacteria;k__;p__Firmicutes;c__Clostridia;o__Clostridiales;f__Peptostreptococcaceae;g__Peptoanaerobacter;s__Peptoanaerobacter_stomatis	23.0	1.0	0	21.0	0	4.0	0	0	0	0	0	0	0	0	0	0	0	0	0	2.0
sk__Bacteria;k__;p__Firmicutes;c__Clostridia;o__Clostridiales;f__Peptostreptococcaceae;g__Peptoanaerobacter;s__[Eubacterium]_yurii	72.0	20.0	0	164.0	138.0	75.0	0	1.0	20.0	2.0	27.0	0	0	8.0	0	0	13.0	0	4.0	0
sk__Bacteria;k__;p__Firmicutes;c__Clostridia;o__Clostridiales;f__Peptostreptococcaceae;g__Peptostreptococcus	44.0	1.0	33.0	33.0	56.0	63.0	5.0	1.0	138.0	16.0	4.0	0	0	1.0	23.0	3.0	0	2.0	1.0	2.0
sk__Bacteria;k__;p__Firmicutes;c__Clostridia;o__Clostridiales;f__Peptostreptococcaceae;g__Peptostreptococcus;s__Peptostreptococcus_stomatis	3.0	0	1.0	0	1.0	5.0	1.0	0	15.0	1.0	2.0	0	0	0	0	0	0	0	1.0	1.0
sk__Bacteria;k__;p__Firmicutes;c__Clostridia;o__Clostridiales;f__Ruminococcaceae	121.0	21.0	1.0	391.0	22.0	37.0	10.0	1.0	1.0	27.0	7.0	3.0	0	7.0	0	0	0	22.0	0	67.0
sk__Bacteria;k__;p__Firmicutes;c__Clostridia;o__Clostridiales;f__Ruminococcaceae;g__Subdoligranulum	0	0	0	0	0	0	0	0	0	0	0	0	0	1.0	0	0	0	0	0	0
sk__Bacteria;k__;p__Firmicutes;c__Clostridia;o__Clostridiales;f__Syntrophomonadaceae	0	0	1.0	0	0	0	0	0	0	0	0	0	0	0	0	0	0	0	0	0
sk__Bacteria;k__;p__Firmicutes;c__Clostridia;o__Clostridiales;f__Syntrophomonadaceae;g__;s__Syntrophomonadaceae_genomosp._P1	0	0	12.0	0	0	0	0	0	0	0	0	0	0	0	0	0	0	0	0	0
sk__Bacteria;k__;p__Firmicutes;c__Erysipelotrichia;o__Erysipelotrichales	0	0	0	1.0	1.0	0	0	0	1.0	0	0	0	0	0	1.0	0	0	0	0	0
sk__Bacteria;k__;p__Firmicutes;c__Erysipelotrichia;o__Erysipelotrichales;f__Erysipelotrichaceae	3.0	0	3.0	66.0	38.0	0	3.0	13.0	12.0	0	5.0	0	0	0	2.0	2.0	0	0	0	0
sk__Bacteria;k__;p__Firmicutes;c__Erysipelotrichia;o__Erysipelotrichales;f__Erysipelotrichaceae;g__Bulleidia	0	0	7.0	20.0	7.0	0	0	0	4.0	0	10.0	0	0	0	0	3.0	7.0	0	98.0	0
sk__Bacteria;k__;p__Firmicutes;c__Erysipelotrichia;o__Erysipelotrichales;f__Erysipelotrichaceae;g__Bulleidia;s__Bulleidia_extructa	0	0	0	0	0	0	0	0	0	0	0	0	0	0	0	0	0	0	1.0	0
sk__Bacteria;k__;p__Firmicutes;c__Erysipelotrichia;o__Erysipelotrichales;f__Erysipelotrichaceae;g__Eggerthia;s__Eggerthia_catenaformis	0	0	1.0	0	13.0	0	0	0	0	0	76.0	0	0	0	0	6.0	0	0	0	0
sk__Bacteria;k__;p__Firmicutes;c__Erysipelotrichia;o__Erysipelotrichales;f__Erysipelotrichaceae;g__Solobacterium	14.0	0	9.0	45.0	65.0	31.0	0	44.0	4.0	110.0	30.0	0	0	0	89.0	3.0	11.0	0	10.0	2.0
sk__Bacteria;k__;p__Firmicutes;c__Negativicutes	9.0	5.0	0	3.0	6.0	2.0	3.0	4.0	0	3.0	3.0	2.0	0	1.0	0	0	0	5.0	2.0	3.0
sk__Bacteria;k__;p__Firmicutes;c__Negativicutes;o__Acidaminococcales	0	0	0	1.0	0	0	0	0	0	0	0	0	0	0	0	0	0	0	0	0
sk__Bacteria;k__;p__Firmicutes;c__Negativicutes;o__Selenomonadales	2.0	1.0	0	1.0	2.0	0	1.0	2.0	0	0	0	0	0	0	0	0	0	0	1.0	1.0
sk__Bacteria;k__;p__Firmicutes;c__Negativicutes;o__Selenomonadales;f__Selenomonadaceae	23.0	41.0	5.0	39.0	24.0	3.0	5.0	7.0	2.0	14.0	17.0	12.0	0	1.0	3.0	3.0	2.0	50.0	8.0	22.0
sk__Bacteria;k__;p__Firmicutes;c__Negativicutes;o__Selenomonadales;f__Selenomonadaceae;g__Anaerovibrio	0	0	0	0	0	0	0	0	0	0	0	1.0	0	0	0	0	0	1.0	1.0	0
sk__Bacteria;k__;p__Firmicutes;c__Negativicutes;o__Selenomonadales;f__Selenomonadaceae;g__Centipeda	49.0	1.0	9.0	30.0	24.0	6.0	1.0	1.0	1.0	9.0	3.0	0	0	0	8.0	1.0	0	3.0	61.0	18.0
sk__Bacteria;k__;p__Firmicutes;c__Negativicutes;o__Selenomonadales;f__Selenomonadaceae;g__Mitsuokella;s__Mitsuokella_sp._oral_taxon_131	0	1.0	0	0	0	0	1.0	0	0	3.0	0	0	0	0	14.0	0	0	0	0	0
sk__Bacteria;k__;p__Firmicutes;c__Negativicutes;o__Selenomonadales;f__Selenomonadaceae;g__Selenomonas	42.0	12.0	196.0	359.0	156.0	23.0	10.0	493.0	54.0	47.0	7.0	5.0	0	0	205.0	12.0	0	34.0	216.0	251.0
sk__Bacteria;k__;p__Firmicutes;c__Negativicutes;o__Selenomonadales;f__Selenomonadaceae;g__Selenomonas;s__Selenomonas_artemidis	0	0	0	0	0	3.0	0	1.0	0	0	1.0	0	0	0	0	0	0	0	0	0
sk__Bacteria;k__;p__Firmicutes;c__Negativicutes;o__Selenomonadales;f__Selenomonadaceae;g__Selenomonas;s__Selenomonas_genomosp._P5	0	0	0	11.0	2.0	2.0	0	0	0	0	0	0	0	0	0	0	0	0	0	0
sk__Bacteria;k__;p__Firmicutes;c__Negativicutes;o__Selenomonadales;f__Selenomonadaceae;g__Selenomonas;s__Selenomonas_noxia	33.0	21.0	0	29.0	1.0	3.0	0	0	2.0	8.0	0	3.0	0	1.0	0	11.0	1.0	420.0	0	136.0
sk__Bacteria;k__;p__Firmicutes;c__Negativicutes;o__Selenomonadales;f__Selenomonadaceae;g__Selenomonas;s__Selenomonas_sp._oral_clone_EY047	4.0	1.0	3.0	7.0	4.0	0	0	3.0	0	0	0	1.0	0	0	6.0	0	0	9.0	31.0	0
sk__Bacteria;k__;p__Firmicutes;c__Negativicutes;o__Selenomonadales;f__Selenomonadaceae;g__Selenomonas;s__Selenomonas_sp._oral_clone_P4PA_36_P2	0	0	0	4.0	7.0	0	0	0	0	0	0	0	0	0	0	0	0	0	0	0
sk__Bacteria;k__;p__Firmicutes;c__Negativicutes;o__Selenomonadales;f__Selenomonadaceae;g__Selenomonas;s__Selenomonas_sputigena	38.0	1.0	121.0	27.0	7.0	6.0	0	37.0	14.0	0	0	0	0	0	32.0	8.0	0	0	42.0	26.0
sk__Bacteria;k__;p__Firmicutes;c__Negativicutes;o__Veillonellales	2.0	0	1.0	5.0	0	2.0	4.0	4.0	0	2.0	0	2.0	0	1.0	2.0	0	0	5.0	0	0
sk__Bacteria;k__;p__Firmicutes;c__Negativicutes;o__Veillonellales;f__Veillonellaceae	666.0	328.0	127.0	551.0	365.0	319.0	158.0	714.0	124.0	217.0	535.0	55.0	0	26.0	306.0	66.0	21.0	240.0	602.0	696.0
sk__Bacteria;k__;p__Firmicutes;c__Negativicutes;o__Veillonellales;f__Veillonellaceae;g__;s__Selenomonas-like_sp._oral_clone_DM071	0	0	0	2.0	0	0	0	0	0	0	0	0	0	0	0	0	0	0	0	0
sk__Bacteria;k__;p__Firmicutes;c__Negativicutes;o__Veillonellales;f__Veillonellaceae;g__;s__Veillonellaceae_bacterium_oral_taxon_129	0	0	0	0	0	0	0	0	1.0	0	0	0	0	0	0	0	0	0	0	0
sk__Bacteria;k__;p__Firmicutes;c__Negativicutes;o__Veillonellales;f__Veillonellaceae;g__;s__Veillonellaceae_bacterium_oral_taxon_155	0	0	0	0	0	0	0	1.0	0	0	0	0	0	0	0	0	0	0	0	0
sk__Bacteria;k__;p__Firmicutes;c__Negativicutes;o__Veillonellales;f__Veillonellaceae;g__Anaeroglobus	1.0	3.0	0	19.0	14.0	5.0	0	131.0	0	5.0	0	0	0	0	9.0	2.0	0	0	905.0	3.0
sk__Bacteria;k__;p__Firmicutes;c__Negativicutes;o__Veillonellales;f__Veillonellaceae;g__Dialister	10.0	2.0	42.0	175.0	81.0	83.0	30.0	645.0	77.0	113.0	49.0	0	0	52.0	34.0	12.0	129.0	2.0	872.0	10.0
sk__Bacteria;k__;p__Firmicutes;c__Negativicutes;o__Veillonellales;f__Veillonellaceae;g__Dialister;s__Dialister_pneumosintes	5.0	4.0	2.0	2.0	10.0	30.0	0	28.0	0	4.0	1.0	2.0	0	0	8.0	2.0	0	10.0	85.0	0
sk__Bacteria;k__;p__Firmicutes;c__Negativicutes;o__Veillonellales;f__Veillonellaceae;g__Dialister;s__Dialister_sp._oral_clone_FY011	0	0	0	0	0	0	0	0	0	0	0	0	0	0	0	0	0	0	1.0	0
sk__Bacteria;k__;p__Firmicutes;c__Negativicutes;o__Veillonellales;f__Veillonellaceae;g__Megasphaera	0	0	41.0	0	0	0	16.0	26.0	0	86.0	0	1.0	0	1.0	8.0	0	1.0	4.0	0	0
sk__Bacteria;k__;p__Firmicutes;c__Negativicutes;o__Veillonellales;f__Veillonellaceae;g__Megasphaera;s__Megasphaera_micronuciformis	0	0	0	0	0	0	0	0	0	0	0	0	0	0	1.0	0	0	0	0	0
sk__Bacteria;k__;p__Firmicutes;c__Negativicutes;o__Veillonellales;f__Veillonellaceae;g__Veillonella	91.0	878.0	74.0	60.0	27.0	76.0	1083.0	239.0	39.0	471.0	264.0	908.0	16.0	1226.0	377.0	5.0	86.0	1062.0	33.0	143.0
sk__Bacteria;k__;p__Firmicutes;c__Negativicutes;o__Veillonellales;f__Veillonellaceae;g__Veillonella;s__Veillonella_parvula	6.0	59.0	6.0	4.0	1.0	6.0	18.0	15.0	3.0	23.0	13.0	36.0	1.0	43.0	12.0	0	2.0	45.0	1.0	1.0
sk__Bacteria;k__;p__Firmicutes;c__Negativicutes;o__Veillonellales;f__Veillonellaceae;g__Veillonella;s__Veillonella_rogosae	0	0	0	0	0	0	1.0	1.0	0	0	0	1.0	0	0	0	0	0	0	0	0
sk__Bacteria;k__;p__Firmicutes;c__Tissierellia;o__;f__;g__Ezakiella	0	0	0	0	5.0	0	0	0	0	0	0	0	0	0	3.0	10.0	0	0	0	0
sk__Bacteria;k__;p__Firmicutes;c__Tissierellia;o__Tissierellales	0	0	0	1.0	0	0	0	0	4.0	0	0	0	0	3.0	0	0	2.0	0	0	0
sk__Bacteria;k__;p__Firmicutes;c__Tissierellia;o__Tissierellales;f__Peptoniphilaceae	0	0	0	1.0	2.0	2.0	1.0	0	2.0	0	0	0	0	4.0	0	0	4.0	0	0	0
sk__Bacteria;k__;p__Firmicutes;c__Tissierellia;o__Tissierellales;f__Peptoniphilaceae;g__Murdochiella	0	0	0	0	0	0	0	0	0	0	9.0	0	0	0	0	0	0	0	0	0
sk__Bacteria;k__;p__Firmicutes;c__Tissierellia;o__Tissierellales;f__Peptoniphilaceae;g__Parvimonas	16.0	8.0	23.0	336.0	163.0	122.0	5.0	26.0	580.0	34.0	9.0	1.0	0	885.0	2.0	7.0	358.0	32.0	154.0	1.0
sk__Bacteria;k__;p__Fusobacteria	1.0	2.0	8.0	62.0	17.0	11.0	11.0	38.0	21.0	4.0	0	1.0	0	53.0	9.0	1.0	6.0	1.0	22.0	3.0
sk__Bacteria;k__;p__Fusobacteria;c__;o__;f__;g__;s__Leptotrichia-like_sp._oral_clone_BB002	0	3.0	0	19.0	5.0	9.0	0	6.0	3.0	0	2.0	0	0	0	4.0	0	0	0	2.0	0
sk__Bacteria;k__;p__Fusobacteria;c__Fusobacteriia	0	0	0	0	0	0	1.0	0	0	0	0	0	0	0	0	0	0	2.0	0	0
sk__Bacteria;k__;p__Fusobacteria;c__Fusobacteriia;o__Fusobacteriales	12.0	3.0	3.0	15.0	15.0	8.0	5.0	4.0	6.0	3.0	0	13.0	0	32.0	1.0	2.0	2.0	1.0	4.0	0
sk__Bacteria;k__;p__Fusobacteria;c__Fusobacteriia;o__Fusobacteriales;f__Fusobacteriaceae	5.0	0	3.0	7.0	2.0	4.0	1.0	2.0	0	3.0	0	3.0	0	9.0	0	0	1.0	2.0	0	1.0
sk__Bacteria;k__;p__Fusobacteria;c__Fusobacteriia;o__Fusobacteriales;f__Fusobacteriaceae;g__Fusobacterium	1703.0	287.0	272.0	1076.0	548.0	653.0	508.0	895.0	252.0	738.0	144.0	1795.0	29.0	4227.0	65.0	129.0	1005.0	307.0	580.0	809.0
sk__Bacteria;k__;p__Fusobacteria;c__Fusobacteriia;o__Fusobacteriales;f__Fusobacteriaceae;g__Fusobacterium;s__Fusobacterium_sp._oral_taxon_205	0	2.0	0	1.0	0	0	0	0	0	0	0	1.0	0	0	0	0	5.0	1.0	0	0
sk__Bacteria;k__;p__Fusobacteria;c__Fusobacteriia;o__Fusobacteriales;f__Leptotrichiaceae	25.0	9.0	2.0	86.0	16.0	17.0	21.0	4.0	2.0	8.0	0	20.0	3.0	8.0	0	1.0	4.0	21.0	0	8.0
sk__Bacteria;k__;p__Fusobacteria;c__Fusobacteriia;o__Fusobacteriales;f__Leptotrichiaceae;g__Leptotrichia	3048.0	2513.0	514.0	6717.0	2178.0	2894.0	2039.0	452.0	25.0	2168.0	227.0	780.0	686.0	1649.0	200.0	3617.0	147.0	5489.0	352.0	2999.0
sk__Bacteria;k__;p__Fusobacteria;c__Fusobacteriia;o__Fusobacteriales;f__Leptotrichiaceae;g__Leptotrichia;s__Leptotrichia_buccalis	0	0	1.0	9.0	1.0	1.0	0	1.0	0	0	0	0	0	0	0	0	0	0	0	3.0
sk__Bacteria;k__;p__Fusobacteria;c__Fusobacteriia;o__Fusobacteriales;f__Leptotrichiaceae;g__Leptotrichia;s__Leptotrichia_goodfellowii	0	0	0	0	1.0	0	0	0	0	0	0	1.0	0	83.0	0	0	0	0	1.0	0
sk__Bacteria;k__;p__Fusobacteria;c__Fusobacteriia;o__Fusobacteriales;f__Leptotrichiaceae;g__Leptotrichia;s__Leptotrichia_sp._Ulm_D	0	0	0	0	0	0	0	0	0	0	0	0	0	19.0	0	0	0	0	0	0
sk__Bacteria;k__;p__Fusobacteria;c__Fusobacteriia;o__Fusobacteriales;f__Leptotrichiaceae;g__Leptotrichia;s__Leptotrichia_sp._oral_clone_EI013	0	0	0	0	0	0	0	0	0	0	0	0	0	0	0	0	0	1.0	0	0
sk__Bacteria;k__;p__Fusobacteria;c__Fusobacteriia;o__Fusobacteriales;f__Leptotrichiaceae;g__Leptotrichia;s__Leptotrichia_sp._oral_clone_EI022	2.0	0	0	9.0	1.0	2.0	0	0	0	0	0	0	0	0	0	0	0	0	1.0	0
sk__Bacteria;k__;p__Fusobacteria;c__Fusobacteriia;o__Fusobacteriales;f__Leptotrichiaceae;g__Leptotrichia;s__Leptotrichia_sp._oral_clone_FP036	0	0	1.0	0	1.0	0	4.0	0	0	1.0	2.0	16.0	0	3.0	0	3.0	0	4.0	0	2.0
sk__Bacteria;k__;p__Fusobacteria;c__Fusobacteriia;o__Fusobacteriales;f__Leptotrichiaceae;g__Leptotrichia;s__Leptotrichia_sp._oral_clone_GT018	0	0	2.0	3.0	1.0	1.0	1.0	0	0	3.0	0	0	0	0	0	0	0	8.0	0	0
sk__Bacteria;k__;p__Fusobacteria;c__Fusobacteriia;o__Fusobacteriales;f__Leptotrichiaceae;g__Leptotrichia;s__Leptotrichia_sp._oral_clone_IK040	3.0	2.0	0	10.0	0	3.0	0	34.0	0	0	0	0	0	0	8.0	0	0	73.0	2.0	1.0
sk__Bacteria;k__;p__Fusobacteria;c__Fusobacteriia;o__Fusobacteriales;f__Leptotrichiaceae;g__Leptotrichia;s__Leptotrichia_sp._oral_taxon_212	162.0	110.0	0	8.0	33.0	105.0	0	0	0	40.0	17.0	82.0	0	0	0	5.0	0	0	1.0	0
sk__Bacteria;k__;p__Fusobacteria;c__Fusobacteriia;o__Fusobacteriales;f__Leptotrichiaceae;g__Leptotrichia;s__Leptotrichia_sp._oral_taxon_225	0	0	0	0	1.0	1.0	0	0	0	0	0	0	0	0	0	0	0	0	0	0
sk__Bacteria;k__;p__Fusobacteria;c__Fusobacteriia;o__Fusobacteriales;f__Leptotrichiaceae;g__Leptotrichia;s__Leptotrichia_sp._oral_taxon_847	0	0	0	0	0	0	11.0	4.0	0	8.0	0	0	0	0	0	0	0	0	0	0
sk__Bacteria;k__;p__Fusobacteria;c__Fusobacteriia;o__Fusobacteriales;f__Leptotrichiaceae;g__Streptobacillus	1.0	0	0	1.0	0	1.0	0	0	0	1.0	0	0	0	0	0	0	0	0	0	0
sk__Bacteria;k__;p__Gemmatimonadetes;c__Gemmatimonadetes	0	0	0	0	0	1.0	0	0	0	0	0	0	0	0	0	0	0	0	0	0
sk__Bacteria;k__;p__Planctomycetes;c__Planctomycetia;o__Planctomycetales;f__Gemmataceae;g__Fimbriiglobus	0	0	0	0	0	0	0	0	0	0	0	0	1.0	0	0	0	0	0	0	0
sk__Bacteria;k__;p__Planctomycetes;c__Planctomycetia;o__Planctomycetales;f__Isosphaeraceae	0	0	0	0	0	0	0	0	0	0	0	0	0	0	0	0	0	1.0	0	0
sk__Bacteria;k__;p__Proteobacteria	27.0	3.0	1.0	33.0	4.0	25.0	0	0	2.0	6.0	28.0	22.0	9.0	56.0	10.0	172.0	3.0	12.0	80.0	236.0
sk__Bacteria;k__;p__Proteobacteria;c__Alphaproteobacteria	0	0	0	0	0	0	0	0	0	0	0	0	0	3.0	1.0	15.0	1.0	3.0	3.0	6.0
sk__Bacteria;k__;p__Proteobacteria;c__Alphaproteobacteria;o__;f__;g__;s__Alphaproteobacteria_bacterium_canine_oral_taxon_081	0	0	0	2.0	0	0	0	0	0	0	0	0	0	0	0	1.0	0	0	0	0
sk__Bacteria;k__;p__Proteobacteria;c__Alphaproteobacteria;o__Caulobacterales;f__Caulobacteraceae	0	0	0	0	0	0	0	0	0	0	1.0	0	0	0	1.0	2.0	0	0	0	5.0
sk__Bacteria;k__;p__Proteobacteria;c__Alphaproteobacteria;o__Caulobacterales;f__Caulobacteraceae;g__Asticcacaulis	0	0	1.0	0	0	0	0	0	0	0	0	0	0	0	0	0	0	0	0	0
sk__Bacteria;k__;p__Proteobacteria;c__Alphaproteobacteria;o__Caulobacterales;f__Caulobacteraceae;g__Brevundimonas	0	0	0	0	0	0	0	0	0	0	0	0	0	2.0	0	11.0	0	3.0	4.0	12.0
sk__Bacteria;k__;p__Proteobacteria;c__Alphaproteobacteria;o__Caulobacterales;f__Caulobacteraceae;g__Caulobacter	0	0	0	0	0	0	0	0	0	0	0	0	0	0	0	2.0	0	0	0	0
sk__Bacteria;k__;p__Proteobacteria;c__Alphaproteobacteria;o__Caulobacterales;f__Caulobacteraceae;g__Phenylobacterium	0	0	0	0	0	0	0	0	0	0	0	0	0	0	0	0	0	0	0	2.0
sk__Bacteria;k__;p__Proteobacteria;c__Alphaproteobacteria;o__Rhizobiales	0	0	0	0	0	0	1.0	0	0	0	1.0	0	0	0	1.0	16.0	0	2.0	2.0	10.0
sk__Bacteria;k__;p__Proteobacteria;c__Alphaproteobacteria;o__Rhizobiales;f__Aurantimonadaceae;g__Aureimonas	0	0	0	0	0	0	0	0	0	0	0	0	0	0	0	1.0	0	0	0	0
sk__Bacteria;k__;p__Proteobacteria;c__Alphaproteobacteria;o__Rhizobiales;f__Bradyrhizobiaceae	0	0	0	0	0	0	0	0	0	0	2.0	0	1.0	0	1.0	5.0	1.0	1.0	2.0	2.0
sk__Bacteria;k__;p__Proteobacteria;c__Alphaproteobacteria;o__Rhizobiales;f__Bradyrhizobiaceae;g__Bosea	0	0	0	0	0	0	0	0	0	0	0	0	0	0	0	0	0	1.0	0	0
sk__Bacteria;k__;p__Proteobacteria;c__Alphaproteobacteria;o__Rhizobiales;f__Brucellaceae	0	0	0	0	0	0	0	0	0	0	0	0	0	0	0	0	0	0	0	1.0
sk__Bacteria;k__;p__Proteobacteria;c__Alphaproteobacteria;o__Rhizobiales;f__Brucellaceae;g__Ochrobactrum	0	0	0	0	0	0	0	0	0	0	0	0	0	0	0	2.0	0	0	0	0
sk__Bacteria;k__;p__Proteobacteria;c__Alphaproteobacteria;o__Rhizobiales;f__Hyphomicrobiaceae	0	0	0	0	0	0	0	0	0	0	0	0	0	0	0	4.0	0	0	0	0
sk__Bacteria;k__;p__Proteobacteria;c__Alphaproteobacteria;o__Rhizobiales;f__Hyphomicrobiaceae;g__Devosia	0	0	0	0	0	0	0	0	0	0	0	0	0	0	0	2.0	0	0	0	3.0
sk__Bacteria;k__;p__Proteobacteria;c__Alphaproteobacteria;o__Rhizobiales;f__Methylobacteriaceae;g__Methylobacterium	0	0	0	0	0	0	0	0	0	0	2.0	0	1.0	0	0	17.0	0	5.0	4.0	3.0
sk__Bacteria;k__;p__Proteobacteria;c__Alphaproteobacteria;o__Rhizobiales;f__Methylobacteriaceae;g__Microvirga	0	0	0	0	0	0	0	0	0	0	0	0	0	0	0	1.0	0	0	0	0
sk__Bacteria;k__;p__Proteobacteria;c__Alphaproteobacteria;o__Rhizobiales;f__Methylobacteriaceae;g__Psychroglaciecola	0	0	0	0	0	0	0	0	0	0	0	0	0	0	0	1.0	0	0	0	0
sk__Bacteria;k__;p__Proteobacteria;c__Alphaproteobacteria;o__Rhizobiales;f__Phyllobacteriaceae	0	0	0	0	0	0	0	0	0	0	0	0	0	5.0	1.0	11.0	0	2.0	1.0	3.0
sk__Bacteria;k__;p__Proteobacteria;c__Alphaproteobacteria;o__Rhizobiales;f__Phyllobacteriaceae;g__Aliihoeflea	0	0	0	0	0	0	0	0	0	0	0	0	0	0	0	1.0	0	0	0	2.0
sk__Bacteria;k__;p__Proteobacteria;c__Alphaproteobacteria;o__Rhizobiales;f__Phyllobacteriaceae;g__Aliihoeflea;s__Aliihoeflea_sp._2WW	0	0	0	0	0	0	0	0	0	0	0	0	0	0	0	0	0	0	0	3.0
sk__Bacteria;k__;p__Proteobacteria;c__Alphaproteobacteria;o__Rhizobiales;f__Phyllobacteriaceae;g__Phyllobacterium	0	0	0	0	0	0	0	0	0	0	0	0	0	1.0	0	0	0	0	0	0
sk__Bacteria;k__;p__Proteobacteria;c__Alphaproteobacteria;o__Rhizobiales;f__Rhizobiaceae	0	0	0	0	0	0	0	0	0	0	0	0	0	0	0	0	0	1.0	0	4.0
sk__Bacteria;k__;p__Proteobacteria;c__Alphaproteobacteria;o__Rhizobiales;f__Rhizobiaceae;g__Kaistia	0	0	0	0	0	0	0	0	0	0	1.0	0	0	0	0	0	0	0	0	0
sk__Bacteria;k__;p__Proteobacteria;c__Alphaproteobacteria;o__Rhizobiales;f__Xanthobacteraceae	0	0	0	0	0	0	0	0	0	0	0	0	0	0	1.0	1.0	0	0	0	0
sk__Bacteria;k__;p__Proteobacteria;c__Alphaproteobacteria;o__Rhodobacterales;f__Rhodobacteraceae	0	0	0	0	0	0	0	0	0	0	0	0	0	1.0	0	1.0	0	0	1.0	1.0
sk__Bacteria;k__;p__Proteobacteria;c__Alphaproteobacteria;o__Rhodobacterales;f__Rhodobacteraceae;g__Paracoccus	0	0	0	0	0	0	0	0	0	0	0	0	0	0	0	1.0	0	1.0	0	3.0
sk__Bacteria;k__;p__Proteobacteria;c__Alphaproteobacteria;o__Rhodobacterales;f__Rhodobacteraceae;g__Rubellimicrobium	0	0	0	0	0	0	0	0	0	0	0	0	0	0	0	0	0	0	1.0	0
sk__Bacteria;k__;p__Proteobacteria;c__Alphaproteobacteria;o__Rickettsiales;f__Rickettsiaceae;g__Rickettsia	0	0	0	0	0	0	0	0	0	0	0	0	0	0	0	2.0	0	0	0	0
sk__Bacteria;k__;p__Proteobacteria;c__Alphaproteobacteria;o__Sphingomonadales	0	0	0	0	0	0	0	0	0	0	0	0	0	0	0	2.0	0	0	0	0
sk__Bacteria;k__;p__Proteobacteria;c__Alphaproteobacteria;o__Sphingomonadales;f__Sphingomonadaceae	0	0	0	0	0	0	0	0	0	0	0	0	0	0	0	7.0	0	0	0	1.0
sk__Bacteria;k__;p__Proteobacteria;c__Alphaproteobacteria;o__Sphingomonadales;f__Sphingomonadaceae;g__Sphingomonas	0	0	0	0	0	0	0	0	0	0	0	0	0	0	0	1.0	0	0	0	0
sk__Bacteria;k__;p__Proteobacteria;c__Betaproteobacteria	33.0	12.0	1.0	5.0	4.0	4.0	0	0	0	1.0	72.0	0	5.0	2.0	0	20.0	12.0	0	1.0	0
sk__Bacteria;k__;p__Proteobacteria;c__Betaproteobacteria;o__Burkholderiales	23.0	16.0	1.0	7.0	2.0	0	0	0	1.0	0	60.0	2.0	19.0	0	0	41.0	15.0	0	1.0	8.0
sk__Bacteria;k__;p__Proteobacteria;c__Betaproteobacteria;o__Burkholderiales;f__Burkholderiaceae	9.0	15.0	0	0	2.0	1.0	0	0	0	0	42.0	1.0	9.0	1.0	0	18.0	6.0	0	1.0	0
sk__Bacteria;k__;p__Proteobacteria;c__Betaproteobacteria;o__Burkholderiales;f__Burkholderiaceae;g__;s__bacterium_endosymbiont_of_Mortierella_elongata_FMR23-6	0	0	0	0	0	0	0	0	0	0	1.0	0	0	0	0	0	0	0	0	0
sk__Bacteria;k__;p__Proteobacteria;c__Betaproteobacteria;o__Burkholderiales;f__Burkholderiaceae;g__Candidatus_Glomeribacter;s__Glomeribacter_sp._1016415	0	0	0	0	0	0	0	0	0	0	1.0	0	0	0	0	0	0	0	0	0
sk__Bacteria;k__;p__Proteobacteria;c__Betaproteobacteria;o__Burkholderiales;f__Burkholderiaceae;g__Lautropia	335.0	873.0	4.0	124.0	49.0	25.0	54.0	2.0	8.0	11.0	2302.0	28.0	491.0	71.0	0	1220.0	697.0	18.0	60.0	5.0
sk__Bacteria;k__;p__Proteobacteria;c__Betaproteobacteria;o__Burkholderiales;f__Burkholderiaceae;g__Ralstonia	0	0	0	0	0	0	0	0	0	0	0	0	0	0	0	4.0	0	0	0	0
sk__Bacteria;k__;p__Proteobacteria;c__Betaproteobacteria;o__Burkholderiales;f__Comamonadaceae	485.0	9.0	0	151.0	60.0	149.0	1.0	0	1.0	22.0	542.0	4.0	39.0	9.0	0	26.0	20.0	1.0	8.0	21.0
sk__Bacteria;k__;p__Proteobacteria;c__Betaproteobacteria;o__Burkholderiales;f__Comamonadaceae;g__Comamonas	51.0	2.0	0	55.0	2.0	66.0	0	0	0	0	306.0	0	10.0	0	0	0	2.0	0	4.0	1.0
sk__Bacteria;k__;p__Proteobacteria;c__Betaproteobacteria;o__Burkholderiales;f__Comamonadaceae;g__Ottowia	453.0	5.0	0	102.0	58.0	142.0	0	0	1.0	35.0	299.0	6.0	14.0	0	0	20.0	6.0	0	6.0	23.0
sk__Bacteria;k__;p__Proteobacteria;c__Betaproteobacteria;o__Burkholderiales;f__Comamonadaceae;g__Pelomonas	0	0	0	0	0	0	0	0	0	0	0	0	0	0	0	4.0	0	0	0	0
sk__Bacteria;k__;p__Proteobacteria;c__Betaproteobacteria;o__Burkholderiales;f__Oxalobacteraceae	0	0	0	0	0	0	0	0	0	0	0	0	0	0	0	1.0	0	1.0	0	0
sk__Bacteria;k__;p__Proteobacteria;c__Betaproteobacteria;o__Burkholderiales;f__Oxalobacteraceae;g__Massilia	0	0	0	0	0	0	0	0	0	0	0	0	0	0	0	3.0	0	0	1.0	0
sk__Bacteria;k__;p__Proteobacteria;c__Betaproteobacteria;o__Burkholderiales;f__Oxalobacteraceae;g__Oxalobacter	0	0	0	0	0	0	0	0	0	0	1.0	0	0	0	0	0	0	0	0	0
sk__Bacteria;k__;p__Proteobacteria;c__Betaproteobacteria;o__Neisseriales	5.0	1.0	0	13.0	3.0	5.0	2.0	0	0	2.0	2.0	5.0	5.0	2.0	0	1.0	2.0	1.0	2.0	0
sk__Bacteria;k__;p__Proteobacteria;c__Betaproteobacteria;o__Neisseriales;f__Neisseriaceae	90.0	13.0	1.0	63.0	53.0	20.0	5.0	0	1.0	4.0	80.0	29.0	58.0	4.0	0	147.0	4.0	0	1.0	1.0
sk__Bacteria;k__;p__Proteobacteria;c__Betaproteobacteria;o__Neisseriales;f__Neisseriaceae;g__Bergeriella	0	0	0	0	1.0	0	0	0	0	0	0	0	0	0	0	0	0	0	0	0
sk__Bacteria;k__;p__Proteobacteria;c__Betaproteobacteria;o__Neisseriales;f__Neisseriaceae;g__Bergeriella;s__Bergeriella_denitrificans	0	0	0	0	0	0	0	0	0	1.0	0	0	0	0	0	0	0	0	0	0
sk__Bacteria;k__;p__Proteobacteria;c__Betaproteobacteria;o__Neisseriales;f__Neisseriaceae;g__Eikenella	317.0	70.0	2.0	126.0	48.0	169.0	23.0	0	63.0	63.0	72.0	61.0	82.0	230.0	0	2.0	32.0	6.0	4.0	76.0
sk__Bacteria;k__;p__Proteobacteria;c__Betaproteobacteria;o__Neisseriales;f__Neisseriaceae;g__Kingella	13.0	96.0	7.0	128.0	0	0	166.0	0	0	78.0	0	2.0	4.0	250.0	0	36.0	18.0	2.0	8.0	0
sk__Bacteria;k__;p__Proteobacteria;c__Betaproteobacteria;o__Neisseriales;f__Neisseriaceae;g__Kingella;s__Kingella_denitrificans	0	0	0	4.0	0	0	0	0	0	0	0	0	0	0	0	1.0	0	0	0	0
sk__Bacteria;k__;p__Proteobacteria;c__Betaproteobacteria;o__Neisseriales;f__Neisseriaceae;g__Kingella;s__Kingella_oralis	0	0	0	0	0	0	1.0	0	0	0	0	0	0	1.0	0	0	0	0	0	0
sk__Bacteria;k__;p__Proteobacteria;c__Betaproteobacteria;o__Neisseriales;f__Neisseriaceae;g__Neisseria	2814.0	346.0	31.0	3034.0	569.0	2513.0	313.0	2.0	104.0	577.0	3636.0	7081.0	7791.0	444.0	0	2154.0	535.0	483.0	498.0	472.0
sk__Bacteria;k__;p__Proteobacteria;c__Betaproteobacteria;o__Neisseriales;f__Neisseriaceae;g__Neisseria;s__Neisseria_canis	0	0	0	0	0	0	0	0	0	0	0	0	0	1.0	0	0	0	0	0	0
sk__Bacteria;k__;p__Proteobacteria;c__Betaproteobacteria;o__Neisseriales;f__Neisseriaceae;g__Neisseria;s__Neisseria_elongata	3.0	0	0	0	0	5.0	0	0	0	0	9.0	0	6.0	0	0	1.0	0	0	0	0
sk__Bacteria;k__;p__Proteobacteria;c__Betaproteobacteria;o__Neisseriales;f__Neisseriaceae;g__Neisseria;s__Neisseria_lactamica	0	0	0	0	0	0	0	0	0	0	0	0	1.0	0	0	0	0	0	0	0
sk__Bacteria;k__;p__Proteobacteria;c__Betaproteobacteria;o__Neisseriales;f__Neisseriaceae;g__Neisseria;s__Neisseria_meningitidis	0	0	0	4.0	0	0	0	0	0	0	0	0	1.0	0	0	0	0	0	3.0	0
sk__Bacteria;k__;p__Proteobacteria;c__Betaproteobacteria;o__Neisseriales;f__Neisseriaceae;g__Neisseria;s__Neisseria_sp._oral_clone_AK105	0	0	0	0	0	0	1.0	0	0	0	0	0	0	0	0	0	0	0	0	0
sk__Bacteria;k__;p__Proteobacteria;c__Betaproteobacteria;o__Neisseriales;f__Neisseriaceae;g__Neisseria;s__Neisseria_sp._oral_clone_JC012	0	15.0	0	0	0	0	0	5.0	0	2.0	0	0	0	0	0	2.0	0	0	0	1.0
sk__Bacteria;k__;p__Proteobacteria;c__Betaproteobacteria;o__Neisseriales;f__Neisseriaceae;g__Snodgrassella	0	0	0	0	0	0	0	0	0	0	0	0	0	1.0	0	0	0	0	0	0
sk__Bacteria;k__;p__Proteobacteria;c__Betaproteobacteria;o__Neisseriales;f__Neisseriaceae;g__Stenoxybacter	0	0	0	0	0	1.0	0	1.0	0	1.0	0	0	0	0	0	0	0	0	0	0
sk__Bacteria;k__;p__Proteobacteria;c__Betaproteobacteria;o__Nitrosomonadales	1.0	0	0	0	0	0	0	0	0	0	0	0	0	0	0	0	0	0	0	0
sk__Bacteria;k__;p__Proteobacteria;c__Betaproteobacteria;o__Rhodocyclales	2.0	0	0	2.0	0	0	0	0	0	0	0	0	0	0	0	0	0	0	0	0
sk__Bacteria;k__;p__Proteobacteria;c__Betaproteobacteria;o__Rhodocyclales;f__Rhodocyclaceae	73.0	0	0	3.0	0	0	0	0	0	0	4.0	0	0	0	0	1.0	0	0	0	0
sk__Bacteria;k__;p__Proteobacteria;c__Betaproteobacteria;o__Rhodocyclales;f__Rhodocyclaceae;g__Propionivibrio	89.0	0	1.0	33.0	0	0	0	0	0	0	6.0	0	0	0	0	0	0	0	1.0	6.0
sk__Bacteria;k__;p__Proteobacteria;c__Betaproteobacteria;o__Rhodocyclales;f__Zoogloeaceae;g__Azoarcus	0	0	0	0	0	0	0	0	0	0	0	0	0	0	0	1.0	0	0	0	0
sk__Bacteria;k__;p__Proteobacteria;c__Deltaproteobacteria	0	0	0	1.0	0	0	0	0	0	0	2.0	0	0	0	0	0	0	0	0	1.0
sk__Bacteria;k__;p__Proteobacteria;c__Deltaproteobacteria;o__Desulfobacterales	0	0	1.0	0	0	0	0	0	0	0	0	0	0	0	0	0	0	0	0	0
sk__Bacteria;k__;p__Proteobacteria;c__Deltaproteobacteria;o__Desulfobacterales;f__Desulfobulbaceae	0	0	0	1.0	0	0	0	0	0	0	0	0	0	0	0	0	0	0	0	1.0
sk__Bacteria;k__;p__Proteobacteria;c__Deltaproteobacteria;o__Desulfobacterales;f__Desulfobulbaceae;g__Desulfobulbus	0	0	5.0	56.0	4.0	0	0	2.0	21.0	1.0	45.0	0	0	0	11.0	9.0	0	0	3.0	6.0
sk__Bacteria;k__;p__Proteobacteria;c__Deltaproteobacteria;o__Desulfovibrionales;f__Desulfomicrobiaceae;g__Desulfomicrobium;s__Desulfomicrobium_orale	0	0	0	0	0	0	0	1.0	0	0	0	0	0	0	0	0	0	0	0	0
sk__Bacteria;k__;p__Proteobacteria;c__Deltaproteobacteria;o__Desulfovibrionales;f__Desulfovibrionaceae	0	0	0	2.0	0	0	0	0	1.0	0	0	0	0	0	0	0	0	0	0	0
sk__Bacteria;k__;p__Proteobacteria;c__Deltaproteobacteria;o__Desulfovibrionales;f__Desulfovibrionaceae;g__Desulfovibrio	0	0	1.0	0	1.0	0	0	0	9.0	0	0	0	0	0	0	0	0	0	0	1.0
sk__Bacteria;k__;p__Proteobacteria;c__Deltaproteobacteria;o__Desulfovibrionales;f__Desulfovibrionaceae;g__Desulfovibrio;s__Desulfovibrio_sp._feline_oral_taxon_347	0	0	0	1.0	0	0	0	0	1.0	0	0	0	0	0	0	0	0	0	0	0
sk__Bacteria;k__;p__Proteobacteria;c__Deltaproteobacteria;o__Myxococcales;f__Polyangiaceae;g__Pajaroellobacter	0	0	0	0	0	0	0	0	0	0	0	0	0	0	0	1.0	0	0	0	0
sk__Bacteria;k__;p__Proteobacteria;c__Epsilonproteobacteria;o__Campylobacterales	0	0	0	0	0	0	0	1.0	0	1.0	0	0	0	0	0	0	0	0	0	0
sk__Bacteria;k__;p__Proteobacteria;c__Epsilonproteobacteria;o__Campylobacterales;f__Campylobacteraceae	4.0	0	0	4.0	0	0	1.0	0	1.0	2.0	0	0	0	1.0	0	0	0	0	1.0	6.0
sk__Bacteria;k__;p__Proteobacteria;c__Epsilonproteobacteria;o__Campylobacterales;f__Campylobacteraceae;g__Campylobacter	932.0	151.0	119.0	258.0	86.0	126.0	159.0	297.0	49.0	369.0	430.0	46.0	31.0	336.0	16.0	66.0	46.0	185.0	251.0	788.0
sk__Bacteria;k__;p__Proteobacteria;c__Epsilonproteobacteria;o__Campylobacterales;f__Campylobacteraceae;g__Campylobacter;s__Campylobacter_concisus	0	0	2.0	0	0	2.0	0	0	0	43.0	0	7.0	0	0	0	0	0	3.0	2.0	10.0
sk__Bacteria;k__;p__Proteobacteria;c__Epsilonproteobacteria;o__Campylobacterales;f__Campylobacteraceae;g__Campylobacter;s__Campylobacter_curvus	0	0	0	0	3.0	0	0	0	0	0	0	1.0	0	0	0	0	0	0	0	3.0
sk__Bacteria;k__;p__Proteobacteria;c__Epsilonproteobacteria;o__Campylobacterales;f__Campylobacteraceae;g__Campylobacter;s__Campylobacter_gracilis	0	0	0	1.0	0	0	0	0	1.0	0	1.0	0	0	1.0	0	0	0	0	0	2.0
sk__Bacteria;k__;p__Proteobacteria;c__Epsilonproteobacteria;o__Campylobacterales;f__Campylobacteraceae;g__Campylobacter;s__Campylobacter_mucosalis	0	0	0	0	0	0	0	0	0	0	0	0	0	0	0	0	0	0	0	1.0
sk__Bacteria;k__;p__Proteobacteria;c__Epsilonproteobacteria;o__Campylobacterales;f__Campylobacteraceae;g__Campylobacter;s__Campylobacter_rectus	0	10.0	0	16.0	1.0	0	0	15.0	18.0	0	0	0	0	0	3.0	0	0	0	14.0	13.0
sk__Bacteria;k__;p__Proteobacteria;c__Epsilonproteobacteria;o__Campylobacterales;f__Campylobacteraceae;g__Campylobacter;s__Campylobacter_showae	1.0	0	0	0	0	0	0	0	0	0	0	0	0	0	0	0	0	0	0	0
sk__Bacteria;k__;p__Proteobacteria;c__Epsilonproteobacteria;o__Campylobacterales;f__Campylobacteraceae;g__Campylobacter;s__Campylobacter_sp.	0	0	0	0	0	0	0	0	0	0	0	0	0	0	0	0	0	0	0	4.0
sk__Bacteria;k__;p__Proteobacteria;c__Epsilonproteobacteria;o__Campylobacterales;f__Helicobacteraceae;g__Wolinella;s__Wolinella_sp._canine_oral_taxon_173	0	0	0	1.0	0	0	0	0	0	0	0	0	0	0	1.0	0	0	0	0	0
sk__Bacteria;k__;p__Proteobacteria;c__Gammaproteobacteria	11.0	4.0	0	5.0	1.0	1.0	0	1.0	1.0	5.0	7.0	4.0	23.0	196.0	21.0	70.0	16.0	19.0	140.0	335.0
sk__Bacteria;k__;p__Proteobacteria;c__Gammaproteobacteria;o__;f__;g__Acidibacter	0	0	0	0	0	0	0	0	0	0	0	0	0	1.0	0	0	0	0	0	1.0
sk__Bacteria;k__;p__Proteobacteria;c__Gammaproteobacteria;o__Cardiobacteriales;f__Cardiobacteriaceae;g__Cardiobacterium	11.0	6.0	2.0	5.0	0	8.0	0	0	0	5.0	45.0	2.0	3.0	3.0	0	26.0	3.0	0	1.0	1.0
sk__Bacteria;k__;p__Proteobacteria;c__Gammaproteobacteria;o__Enterobacterales	0	0	0	0	0	0	0	0	0	0	0	0	0	0	0	1.0	0	0	0	0
sk__Bacteria;k__;p__Proteobacteria;c__Gammaproteobacteria;o__Enterobacterales;f__Enterobacteriaceae	2.0	0	0	1.0	0	0	0	0	0	0	0	0	1.0	19.0	0	6.0	2.0	0	20.0	31.0
sk__Bacteria;k__;p__Proteobacteria;c__Gammaproteobacteria;o__Enterobacterales;f__Enterobacteriaceae;g__Citrobacter	0	0	0	0	0	0	0	0	0	0	0	0	0	0	0	0	0	0	1.0	0
sk__Bacteria;k__;p__Proteobacteria;c__Gammaproteobacteria;o__Enterobacterales;f__Enterobacteriaceae;g__Enterobacter	0	0	0	2.0	0	0	0	0	2.0	0	0	0	0	0	0	1.0	0	0	0	0
sk__Bacteria;k__;p__Proteobacteria;c__Gammaproteobacteria;o__Nevskiales;f__Sinobacteraceae;g__Nevskia	0	1.0	0	0	0	0	0	0	0	0	2.0	0	0	0	0	2.0	0	0	0	0
sk__Bacteria;k__;p__Proteobacteria;c__Gammaproteobacteria;o__Pasteurellales	1.0	0	0	0	0	1.0	0	0	0	0	0	0	0	12.0	0	0	1.0	1.0	0	0
sk__Bacteria;k__;p__Proteobacteria;c__Gammaproteobacteria;o__Pasteurellales;f__Pasteurellaceae	118.0	0	0	13.0	3.0	1.0	2.0	0	1.0	7.0	0	0	1.0	59.0	0	1.0	2.0	3.0	2.0	2.0
sk__Bacteria;k__;p__Proteobacteria;c__Gammaproteobacteria;o__Pasteurellales;f__Pasteurellaceae;g__Aggregatibacter	1.0	0	0	8.0	0	2.0	0	0	2.0	0	1.0	0	0	0	0	0	0	1.0	10.0	1.0
sk__Bacteria;k__;p__Proteobacteria;c__Gammaproteobacteria;o__Pasteurellales;f__Pasteurellaceae;g__Aggregatibacter;s__Aggregatibacter_actinomycetemcomitans	0	0	0	0	0	0	0	0	0	0	0	0	0	0	0	0	0	0	3.0	0
sk__Bacteria;k__;p__Proteobacteria;c__Gammaproteobacteria;o__Pasteurellales;f__Pasteurellaceae;g__Haemophilus	35.0	24.0	6.0	13.0	0	67.0	45.0	12.0	1.0	11.0	8.0	14.0	9.0	35.0	0	4.0	15.0	37.0	5.0	15.0
sk__Bacteria;k__;p__Proteobacteria;c__Gammaproteobacteria;o__Pasteurellales;f__Pasteurellaceae;g__Haemophilus;s__Haemophilus_parainfluenzae	0	0	0	0	0	0	0	0	0	2.0	0	0	0	0	0	0	0	0	0	0
sk__Bacteria;k__;p__Proteobacteria;c__Gammaproteobacteria;o__Pasteurellales;f__Pasteurellaceae;g__Haemophilus;s__Haemophilus_sp._oral_clone_ASCB01	0	0	0	0	0	0	0	0	0	0	0	0	0	1.0	0	0	0	0	0	0
sk__Bacteria;k__;p__Proteobacteria;c__Gammaproteobacteria;o__Pseudomonadales;f__Moraxellaceae;g__Acinetobacter	0	0	0	0	0	0	0	0	0	0	0	0	0	0	0	2.0	0	0	0	1.0
sk__Bacteria;k__;p__Proteobacteria;c__Gammaproteobacteria;o__Pseudomonadales;f__Pseudomonadaceae	1.0	0	0	0	0	0	0	0	0	0	0	1.0	1.0	3.0	0	1.0	0	0	1.0	0
sk__Bacteria;k__;p__Proteobacteria;c__Gammaproteobacteria;o__Pseudomonadales;f__Pseudomonadaceae;g__Pseudomonas	21.0	3.0	0	15.0	2.0	1.0	2.0	0	5.0	4.0	9.0	12.0	51.0	237.0	64.0	139.0	49.0	60.0	336.0	788.0
sk__Bacteria;k__;p__Proteobacteria;c__Gammaproteobacteria;o__Pseudomonadales;f__Pseudomonadaceae;g__Pseudomonas;s__Pseudomonas_sp._enrichment_culture_clone_15(2012)	0	0	0	0	0	0	0	0	0	0	0	1.0	0	2.0	0	1.0	0	0	0	2.0
sk__Bacteria;k__;p__Proteobacteria;c__Gammaproteobacteria;o__Vibrionales	0	0	0	0	0	0	0	0	0	0	0	0	0	0	0	0	0	0	0	1.0
sk__Bacteria;k__;p__Proteobacteria;c__Gammaproteobacteria;o__Vibrionales;f__Vibrionaceae	0	0	0	0	0	0	0	0	0	0	0	0	0	0	0	0	0	0	1.0	0
sk__Bacteria;k__;p__Proteobacteria;c__Gammaproteobacteria;o__Vibrionales;f__Vibrionaceae;g__Vibrio	0	0	0	0	0	0	0	0	0	0	0	0	0	0	0	0	0	0	0	1.0
sk__Bacteria;k__;p__Proteobacteria;c__Gammaproteobacteria;o__Xanthomonadales	0	0	0	0	0	0	0	0	0	0	0	0	0	0	0	0	0	1.0	0	1.0
sk__Bacteria;k__;p__Proteobacteria;c__Gammaproteobacteria;o__Xanthomonadales;f__Xanthomonadaceae	0	0	0	0	0	0	0	0	0	0	0	0	0	0	0	4.0	0	0	0	20.0
sk__Bacteria;k__;p__Proteobacteria;c__Gammaproteobacteria;o__Xanthomonadales;f__Xanthomonadaceae;g__Luteimonas	0	0	0	0	0	0	0	0	0	0	0	0	0	0	0	0	0	0	0	3.0
sk__Bacteria;k__;p__Proteobacteria;c__Gammaproteobacteria;o__Xanthomonadales;f__Xanthomonadaceae;g__Stenotrophomonas	0	0	0	1.0	0	0	0	0	0	0	0	0	0	0	0	0	0	0	0	0
sk__Bacteria;k__;p__Proteobacteria;c__Oligoflexia;o__Oligoflexales	0	0	0	0	0	0	0	0	0	0	0	0	0	0	0	0	0	0	0	3.0
sk__Bacteria;k__;p__Spirochaetes;c__Spirochaetia;o__Spirochaetales	1.0	0	11.0	4.0	1.0	0	0	0	20.0	0	0	0	0	0	2.0	0	0	0	2.0	0
sk__Bacteria;k__;p__Spirochaetes;c__Spirochaetia;o__Spirochaetales;f__Spirochaetaceae	221.0	64.0	75.0	257.0	78.0	50.0	33.0	276.0	665.0	75.0	30.0	3.0	0	7.0	197.0	31.0	4.0	53.0	1211.0	580.0
sk__Bacteria;k__;p__Spirochaetes;c__Spirochaetia;o__Spirochaetales;f__Spirochaetaceae;g__Treponema	116.0	21.0	21.0	133.0	36.0	12.0	2.0	115.0	453.0	13.0	24.0	2.0	0	0	98.0	11.0	1.0	7.0	812.0	294.0
sk__Bacteria;k__;p__Spirochaetes;c__Spirochaetia;o__Spirochaetales;f__Spirochaetaceae;g__Treponema;s__Treponema_Group_6_sp._oral_clone_IL034	97.0	10.0	0	27.0	2.0	7.0	0	3.0	11.0	4.0	38.0	0	0	0	0	0	0	21.0	0	4.0
sk__Bacteria;k__;p__Spirochaetes;c__Spirochaetia;o__Spirochaetales;f__Spirochaetaceae;g__Treponema;s__Treponema_denticola	0	0	0	0	0	0	0	1.0	3.0	0	0	0	0	0	0	1.0	0	0	0	0
sk__Bacteria;k__;p__Spirochaetes;c__Spirochaetia;o__Spirochaetales;f__Spirochaetaceae;g__Treponema;s__Treponema_maltophilum	1.0	0	0	0	0	0	0	3.0	0	0	1.0	0	0	0	0	0	0	0	0	1.0
sk__Bacteria;k__;p__Spirochaetes;c__Spirochaetia;o__Spirochaetales;f__Spirochaetaceae;g__Treponema;s__Treponema_medium	0	0	0	0	0	0	0	0	0	0	0	0	0	0	1.0	0	0	0	0	0
sk__Bacteria;k__;p__Spirochaetes;c__Spirochaetia;o__Spirochaetales;f__Spirochaetaceae;g__Treponema;s__Treponema_parvum	0	0	0	1.0	0	0	0	0	1.0	0	0	0	0	0	0	0	0	0	0	1.0
sk__Bacteria;k__;p__Spirochaetes;c__Spirochaetia;o__Spirochaetales;f__Spirochaetaceae;g__Treponema;s__Treponema_pectinovorum	0	0	0	3.0	0	0	0	0	0	0	0	4.0	0	0	0	0	0	0	5.0	0
sk__Bacteria;k__;p__Spirochaetes;c__Spirochaetia;o__Spirochaetales;f__Spirochaetaceae;g__Treponema;s__Treponema_socranskii	186.0	26.0	5.0	57.0	35.0	15.0	0	21.0	12.0	2.0	18.0	5.0	0	39.0	19.0	0	2.0	0	29.0	97.0
sk__Bacteria;k__;p__Spirochaetes;c__Spirochaetia;o__Spirochaetales;f__Spirochaetaceae;g__Treponema;s__Treponema_sp._5:C:AT040	0	0	0	1.0	0	0	0	1.0	0	0	0	0	0	0	0	0	0	0	14.0	0
sk__Bacteria;k__;p__Spirochaetes;c__Spirochaetia;o__Spirochaetales;f__Spirochaetaceae;g__Treponema;s__Treponema_sp._canine_oral_taxon_350	0	0	0	0	0	0	0	0	15.0	0	0	0	0	0	1.0	0	0	0	0	0
sk__Bacteria;k__;p__Spirochaetes;c__Spirochaetia;o__Spirochaetales;f__Spirochaetaceae;g__Treponema;s__Treponema_sp._feline_oral_taxon_202	0	0	0	0	0	0	0	1.0	0	0	0	0	0	0	0	0	0	0	0	1.0
sk__Bacteria;k__;p__Spirochaetes;c__Spirochaetia;o__Spirochaetales;f__Spirochaetaceae;g__Treponema;s__Treponema_vincentii	5.0	0	0	3.0	0	0	0	0	0	0	0	0	0	0	0	0	0	0	4.0	0
sk__Bacteria;k__;p__Synergistetes	1.0	0	0	0	0	0	0	0	0	0	0	0	0	0	0	0	0	0	1.0	0
sk__Bacteria;k__;p__Synergistetes;c__Synergistia;o__Synergistales	9.0	29.0	5.0	22.0	10.0	8.0	0	4.0	37.0	0	7.0	0	0	0	0	4.0	0	6.0	89.0	17.0
sk__Bacteria;k__;p__Synergistetes;c__Synergistia;o__Synergistales;f__;g__;s__Synergistales_bacterium_canine_oral_taxon_242	0	0	1.0	0	0	0	0	0	0	0	0	0	0	0	0	0	0	0	0	0
sk__Bacteria;k__;p__Synergistetes;c__Synergistia;o__Synergistales;f__;g__;s__Synergistales_bacterium_canine_oral_taxon_390	0	0	0	0	0	0	0	0	0	0	0	0	0	0	0	0	0	0	9.0	0
sk__Bacteria;k__;p__Synergistetes;c__Synergistia;o__Synergistales;f__Synergistaceae	4.0	6.0	1.0	6.0	1.0	0	0	1.0	13.0	0	1.0	0	0	0	0	1.0	0	0	13.0	4.0
sk__Bacteria;k__;p__Synergistetes;c__Synergistia;o__Synergistales;f__Synergistaceae;g__Candidatus_Tammella	0	0	1.0	0	0	0	0	0	0	0	0	0	0	0	0	0	0	0	0	0
sk__Bacteria;k__;p__Synergistetes;c__Synergistia;o__Synergistales;f__Synergistaceae;g__Fretibacterium	157.0	102.0	18.0	188.0	52.0	29.0	0	28.0	226.0	0	111.0	0	0	1.0	3.0	17.0	2.0	42.0	496.0	72.0
sk__Bacteria;k__;p__Synergistetes;c__Synergistia;o__Synergistales;f__Synergistaceae;g__Fretibacterium;s__Fretibacterium_sp._feline_oral_taxon_218	0	0	0	0	0	0	0	0	0	0	0	0	0	0	0	0	0	0	2.0	0
sk__Bacteria;k__;p__Synergistetes;c__Synergistia;o__Synergistales;f__Synergistaceae;g__Pyramidobacter	0	0	0	0	0	0	0	0	0	0	14.0	0	0	0	0	0	0	0	0	18.0
sk__Bacteria;k__;p__Tenericutes;c__Mollicutes	8.0	0	0	11.0	0	1.0	0	0	1.0	0	0	0	0	0	0	0	0	0	0	0
sk__Bacteria;k__;p__Tenericutes;c__Mollicutes;o__Acholeplasmatales	0	0	0	5.0	0	0	0	0	1.0	0	0	0	0	0	0	0	0	0	0	0
sk__Bacteria;k__;p__Tenericutes;c__Mollicutes;o__Acholeplasmatales;f__;g__;s__Acholeplasmatales_bacterium_canine_oral_taxon_256	0	0	0	0	0	0	0	0	13.0	0	0	0	0	0	0	0	0	0	0	0
sk__Bacteria;k__;p__Tenericutes;c__Mollicutes;o__Mycoplasmatales;f__Mycoplasmataceae	0	0	0	0	0	0	0	0	0	0	0	0	0	0	0	0	0	0	1.0	0
sk__Bacteria;k__;p__Tenericutes;c__Mollicutes;o__Mycoplasmatales;f__Mycoplasmataceae;g__Mycoplasma	0	0	3.0	11.0	1.0	0	0	0	18.0	0	3.0	0	0	0	0	0	0	2.0	93.0	0
sk__Bacteria;k__;p__Verrucomicrobia;c__Verrucomicrobiae;o__Verrucomicrobiales	0	1.0	0	0	0	0	0	0	0	0	0	0	0	0	0	0	0	0	0	0
sk__Chloroplast	0	0	0	0	0	0	1.0	0	0	0	0	0	0	11.0	0	2.0	0	0	0	35.0
sk__Mitochondria	0	0	0	0	0	0	0	0	0	0	0	0	0	4.0	0	1.0	0	0	0	2.0
