study,secondary_accession,biome,n_samples,n_genera,file,source_url,study_name
MGYS00006862,ERP175206,root:Host-associated:Human:Digestive system,84,106,data/raw/mgnify/MGYS00006862.tsv.gz,https://www.ebi.ac.uk/metagenomics/api/v1/studies/MGYS00006862/pipelines/5.0/file/ERP175206_taxonomy_abundances_SSU_v5.0.tsv,Metagenome assembly of PRJNA715245 data set (human gut metagenome Metagenome)
MGYS00005791,ERP127967,root:Host-associated:Human:Digestive system,245,124,data/raw/mgnify/MGYS00005791.tsv.gz,https://www.ebi.ac.uk/metagenomics/api/v1/studies/MGYS00005791/pipelines/5.0/file/ERP127967_taxonomy_abundances_SSU_v5.0.tsv,EMG produced TPA metagenomics assembly of PRJNA385949 data set (Longitudinal Stool Study of patients with IBD and contro
MGYS00006825,ERP160132,root:Host-associated:Human:Digestive system,197,142,data/raw/mgnify/MGYS00006825.tsv.gz,https://www.ebi.ac.uk/metagenomics/api/v1/studies/MGYS00006825/pipelines/5.0/file/ERP160132_taxonomy_abundances_SSU_v5.0.tsv,EMG produced TPA metagenomics assembly of PRJNA715245 data set (human gut metagenome Metagenome).
MGYS00006824,ERP147941,root:Host-associated:Human:Digestive system,40,98,data/raw/mgnify/MGYS00006824.tsv.gz,https://www.ebi.ac.uk/metagenomics/api/v1/studies/MGYS00006824/pipelines/5.0/file/ERP147941_taxonomy_abundances_SSU_v5.0.tsv,"EMG produced TPA metagenomics assembly of PRJEB52094 data set (In this study, we performed shotgun metagenomics sequenci"
MGYS00006822,ERP148470,root:Host-associated:Human:Digestive system,55,95,data/raw/mgnify/MGYS00006822.tsv.gz,https://www.ebi.ac.uk/metagenomics/api/v1/studies/MGYS00006822/pipelines/5.0/file/ERP148470_taxonomy_abundances_SSU_v5.0.tsv,EMG produced TPA metagenomics assembly of PRJEB55713 data set (Child gut microbiome).
MGYS00006814,ERP148607,root:Host-associated:Human:Digestive system,68,143,data/raw/mgnify/MGYS00006814.tsv.gz,https://www.ebi.ac.uk/metagenomics/api/v1/studies/MGYS00006814/pipelines/5.0/file/ERP148607_taxonomy_abundances_SSU_v5.0.tsv,EMG produced TPA metagenomics assembly of PRJNA862077 data set (gut metagenome and type-1 diabetes).
MGYS00006815,ERP147808,root:Host-associated:Human:Digestive system,67,88,data/raw/mgnify/MGYS00006815.tsv.gz,https://www.ebi.ac.uk/metagenomics/api/v1/studies/MGYS00006815/pipelines/5.0/file/ERP147808_taxonomy_abundances_SSU_v5.0.tsv,"EMG produced TPA metagenomics assembly of PRJEB41539 data set (Alterations of gut microbiome, metabolome and lipidome in"
MGYS00006811,ERP147961,root:Host-associated:Human:Digestive system,98,89,data/raw/mgnify/MGYS00006811.tsv.gz,https://www.ebi.ac.uk/metagenomics/api/v1/studies/MGYS00006811/pipelines/5.0/file/ERP147961_taxonomy_abundances_SSU_v5.0.tsv,EMG produced TPA metagenomics assembly of PRJEB52748 data set (Gut microbiome function and composition in infants from r
MGYS00006807,ERP170897,root:Host-associated:Human:Digestive system,60,111,data/raw/mgnify/MGYS00006807.tsv.gz,https://www.ebi.ac.uk/metagenomics/api/v1/studies/MGYS00006807/pipelines/5.0/file/ERP170897_taxonomy_abundances_SSU_v5.0.tsv,Metagenome assembly of PRJNA1023929 data set (Fecal microbiota and metabolites in Irritable Bowel Syndrome)
MGYS00006805,ERP148499,root:Host-associated:Human:Digestive system,86,131,data/raw/mgnify/MGYS00006805.tsv.gz,https://www.ebi.ac.uk/metagenomics/api/v1/studies/MGYS00006805/pipelines/5.0/file/ERP148499_taxonomy_abundances_SSU_v5.0.tsv,EMG produced TPA metagenomics assembly of PRJDB9649 data set (Fecal microbiota transplantation alleviates diabetes perip
MGYS00006806,ERP136860,root:Host-associated:Human:Digestive system,74,103,data/raw/mgnify/MGYS00006806.tsv.gz,https://www.ebi.ac.uk/metagenomics/api/v1/studies/MGYS00006806/pipelines/5.0/file/ERP136860_taxonomy_abundances_SSU_v5.0.tsv,EMG produced TPA metagenomics assembly of PRJNA433459 data set (gut metagenome Metagenome).
MGYS00006760,ERP148661,root:Host-associated:Human:Digestive system,218,159,data/raw/mgnify/MGYS00006760.tsv.gz,https://www.ebi.ac.uk/metagenomics/api/v1/studies/MGYS00006760/pipelines/5.0/file/ERP148661_taxonomy_abundances_SSU_v5.0.tsv,EMG produced TPA metagenomics assembly of PRJNA769968 data set (Probiotic consumption relieved Parkinson's disease via m
MGYS00002338,ERP106359,root:Host-associated:Human:Digestive system,303,158,data/raw/mgnify/MGYS00002338.tsv.gz,https://www.ebi.ac.uk/metagenomics/api/v1/studies/MGYS00002338/pipelines/5.0/file/ERP106359_taxonomy_abundances_SSU_v5.0.tsv,EMG produced TPA metagenomics assembly of the Liver cirrhosis occurs as a consequence of many chronic liver diseases tha
MGYS00006797,ERP147940,root:Host-associated:Human:Digestive system,175,151,data/raw/mgnify/MGYS00006797.tsv.gz,https://www.ebi.ac.uk/metagenomics/api/v1/studies/MGYS00006797/pipelines/5.0/file/ERP147940_taxonomy_abundances_SSU_v5.0.tsv,EMG produced TPA metagenomics assembly of PRJEB47976 data set (Alzheimer signature in intestinal microbiome: Results fro
MGYS00006551,ERP152745,root:Host-associated:Human:Digestive system,2047,458,data/raw/mgnify/MGYS00006551.tsv.gz,https://www.ebi.ac.uk/metagenomics/api/v1/studies/MGYS00006551/pipelines/5.0/file/ERP152745_taxonomy_abundances_SSU_v5.0.tsv,EMG produced TPA metagenomics assembly of PRJEB62473 data set (The INTEGRATE project).
MGYS00006795,SRP162433,root:Host-associated:Human:Digestive system,31,205,data/raw/mgnify/MGYS00006795.tsv.gz,https://www.ebi.ac.uk/metagenomics/api/v1/studies/MGYS00006795/pipelines/5.0/file/SRP162433_taxonomy_abundances_SSU_v5.0.tsv,Impact of High altitude environment of Human oral and gut microbiota
MGYS00006794,ERP128598,root:Host-associated:Human:Digestive system,184,439,data/raw/mgnify/MGYS00006794.tsv.gz,https://www.ebi.ac.uk/metagenomics/api/v1/studies/MGYS00006794/pipelines/5.0/file/ERP128598_taxonomy_abundances_SSU_v5.0.tsv,Longitudinal changes of stool and oral microbiota composition in patients with multiple sclerosis undergoing B-cell depl
MGYS00006789,ERP148573,root:Host-associated:Human:Digestive system,108,137,data/raw/mgnify/MGYS00006789.tsv.gz,https://www.ebi.ac.uk/metagenomics/api/v1/studies/MGYS00006789/pipelines/5.0/file/ERP148573_taxonomy_abundances_SSU_v5.0.tsv,EMG produced TPA metagenomics assembly of PRJDB10829 data set (Generic sample from human gut metagenome).
MGYS00006787,ERP160127,root:Host-associated:Human:Digestive system,108,125,data/raw/mgnify/MGYS00006787.tsv.gz,https://www.ebi.ac.uk/metagenomics/api/v1/studies/MGYS00006787/pipelines/5.0/file/ERP160127_taxonomy_abundances_SSU_v5.0.tsv,EMG produced TPA metagenomics assembly of PRJNA893406 data set (human gut metagenome Raw sequence reads).
MGYS00006786,ERP147955,root:Host-associated:Human:Digestive system,134,110,data/raw/mgnify/MGYS00006786.tsv.gz,https://www.ebi.ac.uk/metagenomics/api/v1/studies/MGYS00006786/pipelines/5.0/file/ERP147955_taxonomy_abundances_SSU_v5.0.tsv,"EMG produced TPA metagenomics assembly of PRJEB50505 data set (Effect of a dairy-based product on sleep quality, stress,"
MGYS00006759,ERP146353,root:Host-associated:Human:Digestive system,692,224,data/raw/mgnify/MGYS00006759.tsv.gz,https://www.ebi.ac.uk/metagenomics/api/v1/studies/MGYS00006759/pipelines/5.0/file/ERP146353_taxonomy_abundances_SSU_v5.0.tsv,EMG produced TPA metagenomics assembly of PRJNA834801 data set (Characterizing dysbiosis of the Parkinson's disease gut 
MGYS00006780,ERP160119,root:Host-associated:Human:Digestive system,24,48,data/raw/mgnify/MGYS00006780.tsv.gz,https://www.ebi.ac.uk/metagenomics/api/v1/studies/MGYS00006780/pipelines/5.0/file/ERP160119_taxonomy_abundances_SSU_v5.0.tsv,EMG produced TPA metagenomics assembly of PRJNA703034 data set (Metagenomics of Stool from ICU Patients).
MGYS00006779,ERP148332,root:Host-associated:Human:Digestive system,57,109,data/raw/mgnify/MGYS00006779.tsv.gz,https://www.ebi.ac.uk/metagenomics/api/v1/studies/MGYS00006779/pipelines/5.0/file/ERP148332_taxonomy_abundances_SSU_v5.0.tsv,EMG produced TPA metagenomics assembly of PRJNA673918 data set (Shorgun metagenomics of T2DM human gut microbes associat
MGYS00006769,ERP147945,root:Host-associated:Human:Digestive system,116,136,data/raw/mgnify/MGYS00006769.tsv.gz,https://www.ebi.ac.uk/metagenomics/api/v1/studies/MGYS00006769/pipelines/5.0/file/ERP147945_taxonomy_abundances_SSU_v5.0.tsv,EMG produced TPA metagenomics assembly of PRJEB21612 data set (Alterations  of the gut microbiome  in hypertension).
MGYS00006765,ERP160150,root:Host-associated:Human:Digestive system,28,57,data/raw/mgnify/MGYS00006765.tsv.gz,https://www.ebi.ac.uk/metagenomics/api/v1/studies/MGYS00006765/pipelines/5.0/file/ERP160150_taxonomy_abundances_SSU_v5.0.tsv,EMG produced TPA metagenomics assembly of PRJNA664754 data set (Fecal metagenomes of healthy volunteers).
MGYS00006755,SRP097190,root:Host-associated:Human:Digestive system,83,353,data/raw/mgnify/MGYS00006755.tsv.gz,https://www.ebi.ac.uk/metagenomics/api/v1/studies/MGYS00006755/pipelines/5.0/file/SRP097190_taxonomy_abundances_SSU_v5.0.tsv,gut metagenome Raw sequence reads
MGYS00005333,ERP108859,root:Host-associated:Human:Digestive system,244,146,data/raw/mgnify/MGYS00005333.tsv.gz,https://www.ebi.ac.uk/metagenomics/api/v1/studies/MGYS00005333/pipelines/5.0/file/ERP108859_taxonomy_abundances_SSU_v5.0.tsv,EMG produced TPA metagenomics assembly of the Gut microbial dysbiosis in young adults with obesity (Gut microbial dysbio
MGYS00005230,ERP005153,root:Host-associated:Human:Digestive system,913,531,data/raw/mgnify/MGYS00005230.tsv.gz,https://www.ebi.ac.uk/metagenomics/api/v1/studies/MGYS00005230/pipelines/5.0/file/ERP005153_taxonomy_abundances_SSU_v5.0.tsv,Flores_fecal_EBI
MGYS00002675,ERP107102,root:Host-associated:Human:Digestive system,24,33,data/raw/mgnify/MGYS00002675.tsv.gz,https://www.ebi.ac.uk/metagenomics/api/v1/studies/MGYS00002675/pipelines/5.0/file/ERP107102_taxonomy_abundances_SSU_v5.0.tsv,EMG produced TPA metagenomics assembly of the Oral microbiome Metagenome (human oral metagenome) data set.
MGYS00006069,ERP133351,root:Host-associated:Human:Digestive system,1568,263,data/raw/mgnify/MGYS00006069.tsv.gz,https://www.ebi.ac.uk/metagenomics/api/v1/studies/MGYS00006069/pipelines/5.0/file/ERP133351_taxonomy_abundances_SSU_v5.0.tsv,EMG produced TPA metagenomics assembly of PRJEB11419 data set (American Gut Project).
MGYS00006006,ERP133688,root:Host-associated:Human:Digestive system,457,377,data/raw/mgnify/MGYS00006006.tsv.gz,https://www.ebi.ac.uk/metagenomics/api/v1/studies/MGYS00006006/pipelines/5.0/file/ERP133688_taxonomy_abundances_SSU_v5.0.tsv,Extensive microbial novelty in the Hadza and Nepali gut microbiome reveals how lifestyle impacts composition and functio
MGYS00002061,ERP104235,root:Host-associated:Human:Digestive system,52,75,data/raw/mgnify/MGYS00002061.tsv.gz,https://www.ebi.ac.uk/metagenomics/api/v1/studies/MGYS00002061/pipelines/5.0/file/ERP104235_taxonomy_abundances_SSU_v5.0.tsv,EMG produced TPA metagenomics assembly of the Increased intestinal microbial diversity following fecal microbiota transp
MGYS00000633,SRP001634,root:Host-associated:Human:Digestive system,1033,475,data/raw/mgnify/MGYS00000633.tsv.gz,https://www.ebi.ac.uk/metagenomics/api/v1/studies/MGYS00000633/pipelines/5.0/file/SRP001634_taxonomy_abundances_SSU_v5.0.tsv,Microbial composition of samples from infant gut
MGYS00002238,SRP097646,root:Host-associated:Human:Digestive system,111,312,data/raw/mgnify/MGYS00002238.tsv.gz,https://www.ebi.ac.uk/metagenomics/api/v1/studies/MGYS00002238/pipelines/5.0/file/SRP097646_taxonomy_abundances_SSU_v5.0.tsv,Oral microbial changes in ASD children
MGYS00006562,ERP150486,root:Host-associated:Human:Digestive system,554,159,data/raw/mgnify/MGYS00006562.tsv.gz,https://www.ebi.ac.uk/metagenomics/api/v1/studies/MGYS00006562/pipelines/5.0/file/ERP150486_taxonomy_abundances_SSU_v5.0.tsv,EMG produced TPA metagenomics assembly of PRJEB54673 data set (Paediatric Oral Microbiome).
MGYS00005154,ERP001500,root:Host-associated:Human:Digestive system,529,779,data/raw/mgnify/MGYS00005154.tsv.gz,https://www.ebi.ac.uk/metagenomics/api/v1/studies/MGYS00005154/pipelines/5.0/file/ERP001500_taxonomy_abundances_SSU_v5.0.tsv,Human gut microbiome viewed across age and geography
MGYS00006649,ERP131993,root:Host-associated:Human:Digestive system,20,44,data/raw/mgnify/MGYS00006649.tsv.gz,https://www.ebi.ac.uk/metagenomics/api/v1/studies/MGYS00006649/pipelines/5.0/file/ERP131993_taxonomy_abundances_SSU_v5.0.tsv,EMG produced TPA metagenomics assembly of PRJNA748214 data set (saliva samples Raw sequence reads).
MGYS00006641,ERP127228,root:Host-associated:Human:Digestive system,88,83,data/raw/mgnify/MGYS00006641.tsv.gz,https://www.ebi.ac.uk/metagenomics/api/v1/studies/MGYS00006641/pipelines/5.0/file/ERP127228_taxonomy_abundances_SSU_v5.0.tsv,EMG produced TPA metagenomics assembly of PRJNA547717 data set (human oral metagenome Raw sequence reads).
MGYS00006642,ERP127229,root:Host-associated:Human:Digestive system,57,27,data/raw/mgnify/MGYS00006642.tsv.gz,https://www.ebi.ac.uk/metagenomics/api/v1/studies/MGYS00006642/pipelines/5.0/file/ERP127229_taxonomy_abundances_SSU_v5.0.tsv,EMG produced TPA metagenomics assembly of PRJDB5315 data set (Metgenomic analysis of human saliva microbiome from health
MGYS00006364,ERP134534,root:Host-associated:Human:Digestive system,160,76,data/raw/mgnify/MGYS00006364.tsv.gz,https://www.ebi.ac.uk/metagenomics/api/v1/studies/MGYS00006364/pipelines/5.0/file/ERP134534_taxonomy_abundances_SSU_v5.0.tsv,EMG produced TPA metagenomics assembly of PRJEB36291 data set (Defining the oral microbiome by Whole Genome Sequencing a
MGYS00006640,ERP150574,root:Host-associated:Human:Digestive system,61,82,data/raw/mgnify/MGYS00006640.tsv.gz,https://www.ebi.ac.uk/metagenomics/api/v1/studies/MGYS00006640/pipelines/5.0/file/ERP150574_taxonomy_abundances_SSU_v5.0.tsv,EMG produced TPA metagenomics assembly of PRJNA678453 data set (Species-specific gene expression of the oral microbiota 
