tissue,gene,taxon,kit,source,stratum,microbe_abundance,host_expression
OSD-247,Muc2,Blautia,Swift1S,LAR Baseline 1,BSL_LAR,0.000983888987488341,145382.457518028
OSD-247,Muc2,Blautia,Swift1S,LAR Baseline 2,BSL_LAR,0.000726336916977499,208218.623246694
OSD-247,Muc2,Blautia,Swift1S,LAR Baseline 5,BSL_LAR,0.000333420623277836,172103.767334057
OSD-247,Muc2,Blautia,Swift1S,LAR Baseline 7,BSL_LAR,0.000203600251734074,306651.447297232
OSD-247,Muc2,Blautia,Swift1S,LAR Baseline 10,BSL_LAR,0.0006544772281466151,135714.810025007
OSD-247,Muc2,Blautia,Swift1S,LAR GC 2,GC_LAR,0.000194149161587364,326702.314558871
OSD-247,Muc2,Blautia,Swift1S,LAR GC 3,GC_LAR,0.000255799892638414,336328.985418956
OSD-247,Muc2,Blautia,Swift1S,LAR GC 4,GC_LAR,0.00022557258902375601,277724.240182806
OSD-247,Muc2,Blautia,Swift1S,LAR GC 5,GC_LAR,0.000133611323828005,133631.608588349
OSD-247,Muc2,Blautia,Swift1S,LAR GC 9,GC_LAR,0.000357998262888427,72948.2719937379
OSD-247,Muc2,Blautia,Swift1S,LAR Flight 1,FLT_LAR,0.00114826896334061,147198.242681498
OSD-247,Muc2,Blautia,Swift1S,LAR Flight 2,FLT_LAR,0.000821403462859011,111960.533912433
OSD-247,Muc2,Blautia,Swift1S,LAR Flight 3,FLT_LAR,0.000218033480190913,137548.199935823
OSD-247,Muc2,Blautia,Swift1S,LAR Flight 4,FLT_LAR,0.000190715514842532,178054.891113825
OSD-247,Muc2,Blautia,Swift1S,LAR Flight 5,FLT_LAR,0.000199211756214308,94262.5048448736
OSD-247,Muc2,Blautia,Swift1S,LAR Flight 6,FLT_LAR,0.00016259820729506503,101269.07778978
OSD-247,Muc2,Blautia,Swift1S,LAR Flight 7,FLT_LAR,0.00022744689741336402,117693.80113737
OSD-247,Muc2,Blautia,Swift1S,LAR Flight 9,FLT_LAR,9.4509157026116e-05,335410.029323696
OSD-247,Muc2,Blautia,Swift1S,LAR Flight 10,FLT_LAR,0.000688715349925132,295260.57135246
OSD-247,Muc2,Blautia,Swift1S,ISS-T Baseline 1,BSL_ISS-T,0.00036680898256668696,50046.3352521605
OSD-247,Muc2,Blautia,Swift1S,ISS-T Baseline 3,BSL_ISS-T,0.000202466555695382,220624.788306476
OSD-247,Muc2,Blautia,Swift1S,ISS-T Baseline 4,BSL_ISS-T,1.8282821443584e-05,79494.1680099254
OSD-247,Muc2,Blautia,Swift1S,ISS-T Baseline 5,BSL_ISS-T,0.00046141263694886997,112308.056983709
OSD-247,Muc2,Blautia,Swift1S,ISS-T Baseline 6,BSL_ISS-T,0.00026291539489224603,360034.568763793
OSD-247,Muc2,Blautia,Swift1S,ISS-T Baseline 7,BSL_ISS-T,0.003545729462688601,306655.694003136
OSD-247,Muc2,Blautia,Swift1S,ISS-T Baseline 8,BSL_ISS-T,0.00037669797436889503,95970.9934500784
OSD-247,Muc2,Blautia,Swift1S,ISS-T Baseline 10,BSL_ISS-T,0.000643996403434032,125614.493339672
OSD-247,Muc2,Blautia,Swift1S,ISS-T GC 2,GC_ISS-T,0.0,97487.4792725803
OSD-247,Muc2,Blautia,Swift1S,ISS-T GC 3,GC_ISS-T,0.00023061755212709902,81385.6698956838
OSD-247,Muc2,Blautia,Swift1S,ISS-T GC 4,GC_ISS-T,0.00026492705399103303,83702.4268434411
OSD-247,Muc2,Blautia,Swift1S,ISS-T GC 5,GC_ISS-T,0.000377419169128354,170033.873732858
OSD-247,Muc2,Blautia,Swift1S,ISS-T GC 6,GC_ISS-T,0.0,39819.1015996978
OSD-247,Muc2,Blautia,Swift1S,ISS-T GC 8,GC_ISS-T,0.0005469679885049599,75988.1841265957
OSD-247,Muc2,Blautia,Swift1S,ISS-T GC 9,GC_ISS-T,0.00046899528417133603,60074.6507589199
OSD-247,Muc2,Blautia,NxtaFlex,LAR Baseline 1,BSL_LAR,0.000777708392204222,145382.457518028
OSD-247,Muc2,Blautia,NxtaFlex,LAR Baseline 2,BSL_LAR,0.000949821988376314,208218.623246694
OSD-247,Muc2,Blautia,NxtaFlex,LAR Baseline 5,BSL_LAR,0.000254261512623227,172103.767334057
OSD-247,Muc2,Blautia,NxtaFlex,LAR Baseline 7,BSL_LAR,0.000324418429762327,306651.447297232
OSD-247,Muc2,Blautia,NxtaFlex,LAR Baseline 10,BSL_LAR,0.000568881548893252,135714.810025007
OSD-247,Muc2,Blautia,NxtaFlex,LAR GC 2,GC_LAR,5.2028569109916e-05,326702.314558871
OSD-247,Muc2,Blautia,NxtaFlex,LAR GC 3,GC_LAR,0.000157255901417336,336328.985418956
OSD-247,Muc2,Blautia,NxtaFlex,LAR GC 4,GC_LAR,0.00011292138465306099,277724.240182806
OSD-247,Muc2,Blautia,NxtaFlex,LAR GC 5,GC_LAR,0.000118121597447331,133631.608588349
OSD-247,Muc2,Blautia,NxtaFlex,LAR GC 9,GC_LAR,0.000304628322290206,72948.2719937379
OSD-247,Muc2,Blautia,NxtaFlex,LAR Flight 1,FLT_LAR,0.0009938261718110699,147198.242681498
OSD-247,Muc2,Blautia,NxtaFlex,LAR Flight 2,FLT_LAR,0.0009132367060143361,111960.533912433
OSD-247,Muc2,Blautia,NxtaFlex,LAR Flight 3,FLT_LAR,0.00031236963932854,137548.199935823
OSD-247,Muc2,Blautia,NxtaFlex,LAR Flight 4,FLT_LAR,0.000228108507434631,178054.891113825
OSD-247,Muc2,Blautia,NxtaFlex,LAR Flight 5,FLT_LAR,0.000212453061787234,94262.5048448736
OSD-247,Muc2,Blautia,NxtaFlex,LAR Flight 6,FLT_LAR,0.000180334500380047,101269.07778978
OSD-247,Muc2,Blautia,NxtaFlex,LAR Flight 7,FLT_LAR,0.000147240357839817,117693.80113737
OSD-247,Muc2,Blautia,NxtaFlex,LAR Flight 9,FLT_LAR,0.000116679612225168,335410.029323696
OSD-247,Muc2,Blautia,NxtaFlex,LAR Flight 10,FLT_LAR,0.00082495834222596,295260.57135246
OSD-247,Muc2,Blautia,NxtaFlex,ISS-T Baseline 1,BSL_ISS-T,0.00047271565086915,50046.3352521605
OSD-247,Muc2,Blautia,NxtaFlex,ISS-T Baseline 3,BSL_ISS-T,6.740384218168999e-05,220624.788306476
OSD-247,Muc2,Blautia,NxtaFlex,ISS-T Baseline 4,BSL_ISS-T,0.0,79494.1680099254
OSD-247,Muc2,Blautia,NxtaFlex,ISS-T Baseline 5,BSL_ISS-T,0.000351709402072408,112308.056983709
OSD-247,Muc2,Blautia,NxtaFlex,ISS-T Baseline 6,BSL_ISS-T,0.000263653545442127,360034.568763793
OSD-247,Muc2,Blautia,NxtaFlex,ISS-T Baseline 7,BSL_ISS-T,0.005118678931168119,306655.694003136
OSD-247,Muc2,Blautia,NxtaFlex,ISS-T Baseline 8,BSL_ISS-T,0.00042638316373031697,95970.9934500784
OSD-247,Muc2,Blautia,NxtaFlex,ISS-T Baseline 10,BSL_ISS-T,0.000736271594106804,125614.493339672
OSD-247,Muc2,Blautia,NxtaFlex,ISS-T GC 2,GC_ISS-T,0.0,97487.4792725803
OSD-247,Muc2,Blautia,NxtaFlex,ISS-T GC 3,GC_ISS-T,0.000117295880641448,81385.6698956838
OSD-247,Muc2,Blautia,NxtaFlex,ISS-T GC 4,GC_ISS-T,3.7519986842737e-05,83702.4268434411
OSD-247,Muc2,Blautia,NxtaFlex,ISS-T GC 5,GC_ISS-T,0.00021446216007920402,170033.873732858
OSD-247,Muc2,Blautia,NxtaFlex,ISS-T GC 6,GC_ISS-T,0.0,39819.1015996978
OSD-247,Muc2,Blautia,NxtaFlex,ISS-T GC 8,GC_ISS-T,0.000563433853317578,75988.1841265957
OSD-247,Muc2,Blautia,NxtaFlex,ISS-T GC 9,GC_ISS-T,0.000456975454109897,60074.6507589199
OSD-247,Muc2,Blautia,16S,LAR Baseline 1,BSL_LAR,0.0034076916468600556,145382.457518028
OSD-247,Muc2,Blautia,16S,LAR Baseline 2,BSL_LAR,0.003338639469198586,208218.623246694
OSD-247,Muc2,Blautia,16S,LAR Baseline 5,BSL_LAR,0.0016222062004325882,172103.767334057
OSD-247,Muc2,Blautia,16S,LAR Baseline 7,BSL_LAR,0.006375318410154971,306651.447297232
OSD-247,Muc2,Blautia,16S,LAR Baseline 10,BSL_LAR,0.0005522470484634099,135714.810025007
OSD-247,Muc2,Blautia,16S,LAR GC 2,GC_LAR,0.009072733331313804,326702.314558871
OSD-247,Muc2,Blautia,16S,LAR GC 3,GC_LAR,0.010606186942383057,336328.985418956
OSD-247,Muc2,Blautia,16S,LAR GC 4,GC_LAR,0.0018931280832423618,277724.240182806
OSD-247,Muc2,Blautia,16S,LAR GC 5,GC_LAR,0.008495951148280898,133631.608588349
OSD-247,Muc2,Blautia,16S,LAR GC 9,GC_LAR,0.02440756424081429,72948.2719937379
OSD-247,Muc2,Blautia,16S,LAR Flight 1,FLT_LAR,5.888674606562928e-05,147198.242681498
OSD-247,Muc2,Blautia,16S,LAR Flight 2,FLT_LAR,4.140901060070672e-05,111960.533912433
OSD-247,Muc2,Blautia,16S,LAR Flight 3,FLT_LAR,0.003595281883927707,137548.199935823
OSD-247,Muc2,Blautia,16S,LAR Flight 4,FLT_LAR,0.01708725893563129,178054.891113825
OSD-247,Muc2,Blautia,16S,LAR Flight 5,FLT_LAR,0.0026632395522041405,94262.5048448736
OSD-247,Muc2,Blautia,16S,LAR Flight 6,FLT_LAR,0.0030713974018999027,101269.07778978
OSD-247,Muc2,Blautia,16S,LAR Flight 7,FLT_LAR,0.005349709564584289,117693.80113737
OSD-247,Muc2,Blautia,16S,LAR Flight 9,FLT_LAR,0.018707387164027724,335410.029323696
OSD-247,Muc2,Blautia,16S,LAR Flight 10,FLT_LAR,0.004742852600620015,295260.57135246
OSD-247,Muc2,Blautia,16S,ISS-T Baseline 1,BSL_ISS-T,0.029259333086539285,50046.3352521605
OSD-247,Muc2,Blautia,16S,ISS-T Baseline 3,BSL_ISS-T,0.002564594876296012,220624.788306476
OSD-247,Muc2,Blautia,16S,ISS-T Baseline 4,BSL_ISS-T,0.00020296009492287516,79494.1680099254
OSD-247,Muc2,Blautia,16S,ISS-T Baseline 5,BSL_ISS-T,0.0009486214388445179,112308.056983709
OSD-247,Muc2,Blautia,16S,ISS-T Baseline 6,BSL_ISS-T,0.0034605180523691733,360034.568763793
OSD-247,Muc2,Blautia,16S,ISS-T Baseline 7,BSL_ISS-T,0.001388809346543726,306655.694003136
OSD-247,Muc2,Blautia,16S,ISS-T Baseline 8,BSL_ISS-T,0.0441441994718418,95970.9934500784
OSD-247,Muc2,Blautia,16S,ISS-T Baseline 10,BSL_ISS-T,0.00782674906592531,125614.493339672
OSD-247,Muc2,Blautia,16S,ISS-T GC 2,GC_ISS-T,0.03519970201310465,97487.4792725803
OSD-247,Muc2,Blautia,16S,ISS-T GC 3,GC_ISS-T,0.0017122293806953392,81385.6698956838
OSD-247,Muc2,Blautia,16S,ISS-T GC 4,GC_ISS-T,0.013666442888654455,83702.4268434411
OSD-247,Muc2,Blautia,16S,ISS-T GC 5,GC_ISS-T,0.00577050287821424,170033.873732858
OSD-247,Muc2,Blautia,16S,ISS-T GC 6,GC_ISS-T,0.03275561548327688,39819.1015996978
OSD-247,Muc2,Blautia,16S,ISS-T GC 8,GC_ISS-T,0.000356959278085556,75988.1841265957
OSD-247,Muc2,Blautia,16S,ISS-T GC 9,GC_ISS-T,0.008584153437253071,60074.6507589199
OSD-247,Ffar2,Intestinimonas,Swift1S,LAR Baseline 1,BSL_LAR,0.0,248.481196362233
OSD-247,Ffar2,Intestinimonas,Swift1S,LAR Baseline 2,BSL_LAR,0.0,346.696783411017
OSD-247,Ffar2,Intestinimonas,Swift1S,LAR Baseline 5,BSL_LAR,0.0,522.200768941897
OSD-247,Ffar2,Intestinimonas,Swift1S,LAR Baseline 7,BSL_LAR,0.00042670369391482,251.98285001078
OSD-247,Ffar2,Intestinimonas,Swift1S,LAR Baseline 10,BSL_LAR,0.00432504638284391,328.823699292503
OSD-247,Ffar2,Intestinimonas,Swift1S,LAR GC 2,GC_LAR,0.003186120890196477,269.318523693901
OSD-247,Ffar2,Intestinimonas,Swift1S,LAR GC 3,GC_LAR,0.004205347172420695,334.524901759746
OSD-247,Ffar2,Intestinimonas,Swift1S,LAR GC 4,GC_LAR,0.000598000252966518,300.071172506858
OSD-247,Ffar2,Intestinimonas,Swift1S,LAR GC 5,GC_LAR,0.001678883071901848,424.808500847485
OSD-247,Ffar2,Intestinimonas,Swift1S,LAR GC 9,GC_LAR,0.00040585626092441604,149.350396046528
OSD-247,Ffar2,Intestinimonas,Swift1S,LAR Flight 1,FLT_LAR,0.014020179119656997,280.024091944049
OSD-247,Ffar2,Intestinimonas,Swift1S,LAR Flight 2,FLT_LAR,0.0,138.184647814105
OSD-247,Ffar2,Intestinimonas,Swift1S,LAR Flight 3,FLT_LAR,0.0,489.687368371343
OSD-247,Ffar2,Intestinimonas,Swift1S,LAR Flight 4,FLT_LAR,0.0,445.936484619904
OSD-247,Ffar2,Intestinimonas,Swift1S,LAR Flight 5,FLT_LAR,7.6151545208052e-05,213.934203952782
OSD-247,Ffar2,Intestinimonas,Swift1S,LAR Flight 6,FLT_LAR,0.000237709565702377,212.60505944293
OSD-247,Ffar2,Intestinimonas,Swift1S,LAR Flight 7,FLT_LAR,0.00014594178466954,120.952056298329
OSD-247,Ffar2,Intestinimonas,Swift1S,LAR Flight 9,FLT_LAR,0.0,539.825619720704
OSD-247,Ffar2,Intestinimonas,Swift1S,LAR Flight 10,FLT_LAR,0.000446798780014315,333.190184155171
OSD-247,Ffar2,Intestinimonas,Swift1S,ISS-T Baseline 1,BSL_ISS-T,0.001566843541912013,66.444967189898
OSD-247,Ffar2,Intestinimonas,Swift1S,ISS-T Baseline 3,BSL_ISS-T,0.001906688534758231,304.876287837417
OSD-247,Ffar2,Intestinimonas,Swift1S,ISS-T Baseline 4,BSL_ISS-T,0.003759008336374801,144.660875625995
OSD-247,Ffar2,Intestinimonas,Swift1S,ISS-T Baseline 5,BSL_ISS-T,0.000646622049817382,120.084987342828
OSD-247,Ffar2,Intestinimonas,Swift1S,ISS-T Baseline 6,BSL_ISS-T,0.0007502604910618261,357.59378470983
OSD-247,Ffar2,Intestinimonas,Swift1S,ISS-T Baseline 7,BSL_ISS-T,0.003923360923716211,382.527643074733
OSD-247,Ffar2,Intestinimonas,Swift1S,ISS-T Baseline 8,BSL_ISS-T,0.0,169.398008200947
OSD-247,Ffar2,Intestinimonas,Swift1S,ISS-T Baseline 10,BSL_ISS-T,0.002092120131467538,109.395670151874
OSD-247,Ffar2,Intestinimonas,Swift1S,ISS-T GC 2,GC_ISS-T,0.0,161.048338336119
OSD-247,Ffar2,Intestinimonas,Swift1S,ISS-T GC 3,GC_ISS-T,0.0,158.011219789993
OSD-247,Ffar2,Intestinimonas,Swift1S,ISS-T GC 4,GC_ISS-T,0.0014360518667618691,108.387791875169
OSD-247,Ffar2,Intestinimonas,Swift1S,ISS-T GC 5,GC_ISS-T,0.0009289473785795,210.515485921113
OSD-247,Ffar2,Intestinimonas,Swift1S,ISS-T GC 6,GC_ISS-T,0.000842407584174661,85.7284957341311
OSD-247,Ffar2,Intestinimonas,Swift1S,ISS-T GC 8,GC_ISS-T,0.001058705117633218,145.304869260796
OSD-247,Ffar2,Intestinimonas,Swift1S,ISS-T GC 9,GC_ISS-T,0.001043197394507323,122.823990268727
OSD-247,Ffar2,Intestinimonas,NxtaFlex,LAR Baseline 1,BSL_LAR,0.0,248.481196362233
OSD-247,Ffar2,Intestinimonas,NxtaFlex,LAR Baseline 2,BSL_LAR,0.0,346.696783411017
OSD-247,Ffar2,Intestinimonas,NxtaFlex,LAR Baseline 5,BSL_LAR,0.0,522.200768941897
OSD-247,Ffar2,Intestinimonas,NxtaFlex,LAR Baseline 7,BSL_LAR,0.000424404954652239,251.98285001078
OSD-247,Ffar2,Intestinimonas,NxtaFlex,LAR Baseline 10,BSL_LAR,0.005211662556514122,328.823699292503
OSD-247,Ffar2,Intestinimonas,NxtaFlex,LAR GC 2,GC_LAR,0.003887066222876695,269.318523693901
OSD-247,Ffar2,Intestinimonas,NxtaFlex,LAR GC 3,GC_LAR,0.00490624402987665,334.524901759746
OSD-247,Ffar2,Intestinimonas,NxtaFlex,LAR GC 4,GC_LAR,0.0008638861647444749,300.071172506858
OSD-247,Ffar2,Intestinimonas,NxtaFlex,LAR GC 5,GC_LAR,0.0019379364573617918,424.808500847485
OSD-247,Ffar2,Intestinimonas,NxtaFlex,LAR GC 9,GC_LAR,0.000318988764819368,149.350396046528
OSD-247,Ffar2,Intestinimonas,NxtaFlex,LAR Flight 1,FLT_LAR,0.020387214648648053,280.024091944049
OSD-247,Ffar2,Intestinimonas,NxtaFlex,LAR Flight 2,FLT_LAR,0.0,138.184647814105
OSD-247,Ffar2,Intestinimonas,NxtaFlex,LAR Flight 3,FLT_LAR,0.0,489.687368371343
OSD-247,Ffar2,Intestinimonas,NxtaFlex,LAR Flight 4,FLT_LAR,0.0,445.936484619904
OSD-247,Ffar2,Intestinimonas,NxtaFlex,LAR Flight 5,FLT_LAR,0.0,213.934203952782
OSD-247,Ffar2,Intestinimonas,NxtaFlex,LAR Flight 6,FLT_LAR,0.000157242887526504,212.60505944293
OSD-247,Ffar2,Intestinimonas,NxtaFlex,LAR Flight 7,FLT_LAR,0.00024281261064205002,120.952056298329
OSD-247,Ffar2,Intestinimonas,NxtaFlex,LAR Flight 9,FLT_LAR,0.0,539.825619720704
OSD-247,Ffar2,Intestinimonas,NxtaFlex,LAR Flight 10,FLT_LAR,0.000379796978891185,333.190184155171
OSD-247,Ffar2,Intestinimonas,NxtaFlex,ISS-T Baseline 1,BSL_ISS-T,0.00115952957899013,66.444967189898
OSD-247,Ffar2,Intestinimonas,NxtaFlex,ISS-T Baseline 3,BSL_ISS-T,0.00131960855420593,304.876287837417
OSD-247,Ffar2,Intestinimonas,NxtaFlex,ISS-T Baseline 4,BSL_ISS-T,0.003340175315001412,144.660875625995
OSD-247,Ffar2,Intestinimonas,NxtaFlex,ISS-T Baseline 5,BSL_ISS-T,0.000293826416317622,120.084987342828
OSD-247,Ffar2,Intestinimonas,NxtaFlex,ISS-T Baseline 6,BSL_ISS-T,0.000353378115243635,357.59378470983
OSD-247,Ffar2,Intestinimonas,NxtaFlex,ISS-T Baseline 7,BSL_ISS-T,0.004041419210606746,382.527643074733
OSD-247,Ffar2,Intestinimonas,NxtaFlex,ISS-T Baseline 8,BSL_ISS-T,0.0,169.398008200947
OSD-247,Ffar2,Intestinimonas,NxtaFlex,ISS-T Baseline 10,BSL_ISS-T,0.001123045065636992,109.395670151874
OSD-247,Ffar2,Intestinimonas,NxtaFlex,ISS-T GC 2,GC_ISS-T,0.0,161.048338336119
OSD-247,Ffar2,Intestinimonas,NxtaFlex,ISS-T GC 3,GC_ISS-T,0.0,158.011219789993
OSD-247,Ffar2,Intestinimonas,NxtaFlex,ISS-T GC 4,GC_ISS-T,0.001118242745116876,108.387791875169
OSD-247,Ffar2,Intestinimonas,NxtaFlex,ISS-T GC 5,GC_ISS-T,0.000455104848347121,210.515485921113
OSD-247,Ffar2,Intestinimonas,NxtaFlex,ISS-T GC 6,GC_ISS-T,0.0008265549243488859,85.7284957341311
OSD-247,Ffar2,Intestinimonas,NxtaFlex,ISS-T GC 8,GC_ISS-T,0.000754798174175366,145.304869260796
OSD-247,Ffar2,Intestinimonas,NxtaFlex,ISS-T GC 9,GC_ISS-T,0.000846929949194337,122.823990268727
OSD-247,Ffar2,Intestinimonas,16S,LAR Baseline 1,BSL_LAR,0.0,248.481196362233
OSD-247,Ffar2,Intestinimonas,16S,LAR Baseline 2,BSL_LAR,1.4087086367926522e-05,346.696783411017
OSD-247,Ffar2,Intestinimonas,16S,LAR Baseline 5,BSL_LAR,1.5020427781783224e-05,522.200768941897
OSD-247,Ffar2,Intestinimonas,16S,LAR Baseline 7,BSL_LAR,0.0009534516372329979,251.98285001078
OSD-247,Ffar2,Intestinimonas,16S,LAR Baseline 10,BSL_LAR,0.0039254317228615354,328.823699292503
OSD-247,Ffar2,Intestinimonas,16S,LAR GC 2,GC_LAR,0.003771470116021932,269.318523693901
OSD-247,Ffar2,Intestinimonas,16S,LAR GC 3,GC_LAR,0.004702743266905695,334.524901759746
OSD-247,Ffar2,Intestinimonas,16S,LAR GC 4,GC_LAR,0.0019760388022164797,300.071172506858
OSD-247,Ffar2,Intestinimonas,16S,LAR GC 5,GC_LAR,0.0015266162219567238,424.808500847485
OSD-247,Ffar2,Intestinimonas,16S,LAR GC 9,GC_LAR,0.0004339707004024092,149.350396046528
OSD-247,Ffar2,Intestinimonas,16S,LAR Flight 1,FLT_LAR,0.017121321418581713,280.024091944049
OSD-247,Ffar2,Intestinimonas,16S,LAR Flight 2,FLT_LAR,6.901501766784453e-05,138.184647814105
OSD-247,Ffar2,Intestinimonas,16S,LAR Flight 3,FLT_LAR,4.148402173762739e-05,489.687368371343
OSD-247,Ffar2,Intestinimonas,16S,LAR Flight 4,FLT_LAR,0.0,445.936484619904
OSD-247,Ffar2,Intestinimonas,16S,LAR Flight 5,FLT_LAR,0.00020129136150380132,213.934203952782
OSD-247,Ffar2,Intestinimonas,16S,LAR Flight 6,FLT_LAR,0.00028532107012184887,212.60505944293
OSD-247,Ffar2,Intestinimonas,16S,LAR Flight 7,FLT_LAR,0.00033237840490020736,120.952056298329
OSD-247,Ffar2,Intestinimonas,16S,LAR Flight 9,FLT_LAR,0.0,539.825619720704
OSD-247,Ffar2,Intestinimonas,16S,LAR Flight 10,FLT_LAR,0.0008081396889324607,333.190184155171
OSD-247,Ffar2,Intestinimonas,16S,ISS-T Baseline 1,BSL_ISS-T,0.0010251445169006464,66.444967189898
OSD-247,Ffar2,Intestinimonas,16S,ISS-T Baseline 3,BSL_ISS-T,0.002578309287399199,304.876287837417
OSD-247,Ffar2,Intestinimonas,16S,ISS-T Baseline 4,BSL_ISS-T,0.014378942109536002,144.660875625995
OSD-247,Ffar2,Intestinimonas,16S,ISS-T Baseline 5,BSL_ISS-T,0.0007956179809663699,120.084987342828
OSD-247,Ffar2,Intestinimonas,16S,ISS-T Baseline 6,BSL_ISS-T,0.0011150558168745114,357.59378470983
OSD-247,Ffar2,Intestinimonas,16S,ISS-T Baseline 7,BSL_ISS-T,0.003393276444648073,382.527643074733
OSD-247,Ffar2,Intestinimonas,16S,ISS-T Baseline 8,BSL_ISS-T,0.0,169.398008200947
OSD-247,Ffar2,Intestinimonas,16S,ISS-T Baseline 10,BSL_ISS-T,0.0021072016715952754,109.395670151874
OSD-247,Ffar2,Intestinimonas,16S,ISS-T GC 2,GC_ISS-T,0.0006772429439750775,161.048338336119
OSD-247,Ffar2,Intestinimonas,16S,ISS-T GC 3,GC_ISS-T,0.00029020836960937953,158.011219789993
OSD-247,Ffar2,Intestinimonas,16S,ISS-T GC 4,GC_ISS-T,0.0023656532719542214,108.387791875169
OSD-247,Ffar2,Intestinimonas,16S,ISS-T GC 5,GC_ISS-T,0.0013792909318658428,210.515485921113
OSD-247,Ffar2,Intestinimonas,16S,ISS-T GC 6,GC_ISS-T,0.00539349491893314,85.7284957341311
OSD-247,Ffar2,Intestinimonas,16S,ISS-T GC 8,GC_ISS-T,0.0011422696898737792,145.304869260796
OSD-247,Ffar2,Intestinimonas,16S,ISS-T GC 9,GC_ISS-T,0.0008081315997413978,122.823990268727
OSD-245,Cyp7a1,Blautia,Swift1S,LAR Baseline 1,BSL_LAR,0.000983888987488341,14887.7715367233
OSD-245,Cyp7a1,Blautia,Swift1S,LAR Baseline 2,BSL_LAR,0.000726336916977499,21258.4406749188
OSD-245,Cyp7a1,Blautia,Swift1S,LAR Baseline 5,BSL_LAR,0.000333420623277836,7534.86491022993
OSD-245,Cyp7a1,Blautia,Swift1S,LAR Baseline 6,BSL_LAR,0.0007087134365097949,14784.6134885171
OSD-245,Cyp7a1,Blautia,Swift1S,LAR Baseline 7,BSL_LAR,0.000203600251734074,22059.3542863518
OSD-245,Cyp7a1,Blautia,Swift1S,LAR Baseline 10,BSL_LAR,0.0006544772281466151,6954.20753599322
OSD-245,Cyp7a1,Blautia,Swift1S,LAR GC 2,GC_LAR,0.000194149161587364,12164.5538012274
OSD-245,Cyp7a1,Blautia,Swift1S,LAR GC 3,GC_LAR,0.000255799892638414,13172.9341079241
OSD-245,Cyp7a1,Blautia,Swift1S,LAR GC 4,GC_LAR,0.00022557258902375601,4996.27287914164
OSD-245,Cyp7a1,Blautia,Swift1S,LAR GC 5,GC_LAR,0.000133611323828005,40384.0780175247
OSD-245,Cyp7a1,Blautia,Swift1S,LAR GC 8,GC_LAR,0.00033012388363918,11828.0799955329
OSD-245,Cyp7a1,Blautia,Swift1S,LAR GC 9,GC_LAR,0.000357998262888427,11606.6536294923
OSD-245,Cyp7a1,Blautia,Swift1S,LAR Flight 1,FLT_LAR,0.00114826896334061,4968.45777977207
OSD-245,Cyp7a1,Blautia,Swift1S,LAR Flight 2,FLT_LAR,0.000821403462859011,3010.88952789726
OSD-245,Cyp7a1,Blautia,Swift1S,LAR Flight 3,FLT_LAR,0.000218033480190913,6559.80386234576
OSD-245,Cyp7a1,Blautia,Swift1S,LAR Flight 4,FLT_LAR,0.000190715514842532,27895.3761645492
OSD-245,Cyp7a1,Blautia,Swift1S,LAR Flight 5,FLT_LAR,0.000199211756214308,58267.3451136186
OSD-245,Cyp7a1,Blautia,Swift1S,LAR Flight 6,FLT_LAR,0.00016259820729506503,11287.7457591621
OSD-245,Cyp7a1,Blautia,Swift1S,LAR Flight 7,FLT_LAR,0.00022744689741336402,10125.1179484683
OSD-245,Cyp7a1,Blautia,Swift1S,LAR Flight 9,FLT_LAR,9.4509157026116e-05,8971.62056018284
OSD-245,Cyp7a1,Blautia,Swift1S,LAR Flight 10,FLT_LAR,0.000688715349925132,9203.68633535479
OSD-245,Cyp7a1,Blautia,Swift1S,ISS-T Baseline 1,BSL_ISS-T,0.00036680898256668696,23701.9144387566
OSD-245,Cyp7a1,Blautia,Swift1S,ISS-T Baseline 2,BSL_ISS-T,0.0015815592074624229,42847.0669630479
OSD-245,Cyp7a1,Blautia,Swift1S,ISS-T Baseline 3,BSL_ISS-T,0.000202466555695382,40764.9192101904
OSD-245,Cyp7a1,Blautia,Swift1S,ISS-T Baseline 4,BSL_ISS-T,1.8282821443584e-05,36549.3264836337
OSD-245,Cyp7a1,Blautia,Swift1S,ISS-T Baseline 5,BSL_ISS-T,0.00046141263694886997,7524.22056303669
OSD-245,Cyp7a1,Blautia,Swift1S,ISS-T Baseline 6,BSL_ISS-T,0.00026291539489224603,9173.3947024905
OSD-245,Cyp7a1,Blautia,Swift1S,ISS-T Baseline 7,BSL_ISS-T,0.003545729462688601,13845.4016034357
OSD-245,Cyp7a1,Blautia,Swift1S,ISS-T Baseline 8,BSL_ISS-T,0.00037669797436889503,11882.1884129389
OSD-245,Cyp7a1,Blautia,Swift1S,ISS-T Baseline 10,BSL_ISS-T,0.000643996403434032,9925.63892848511
OSD-245,Cyp7a1,Blautia,Swift1S,ISS-T GC 2,GC_ISS-T,0.0,21914.6811755691
OSD-245,Cyp7a1,Blautia,Swift1S,ISS-T GC 3,GC_ISS-T,0.00023061755212709902,31240.7292846213
OSD-245,Cyp7a1,Blautia,Swift1S,ISS-T GC 4,GC_ISS-T,0.00026492705399103303,5190.39508009266
OSD-245,Cyp7a1,Blautia,Swift1S,ISS-T GC 5,GC_ISS-T,0.000377419169128354,31175.2128803623
OSD-245,Cyp7a1,Blautia,Swift1S,ISS-T GC 6,GC_ISS-T,0.0,16382.0668990625
OSD-245,Cyp7a1,Blautia,Swift1S,ISS-T GC 8,GC_ISS-T,0.0005469679885049599,24840.1457090977
OSD-245,Cyp7a1,Blautia,Swift1S,ISS-T GC 9,GC_ISS-T,0.00046899528417133603,20410.5561233211
OSD-245,Cyp7a1,Blautia,Swift1S,ISS-T GC 10,GC_ISS-T,0.0,9541.92249054696
OSD-245,Cyp7a1,Blautia,Swift1S,ISS-T Flight 3,FLT_ISS-T,0.000111214884272226,3879.86430279529
OSD-245,Cyp7a1,Blautia,Swift1S,ISS-T Flight 4,FLT_ISS-T,0.000574398665457117,7612.24000520948
OSD-245,Cyp7a1,Blautia,Swift1S,ISS-T Flight 5,FLT_ISS-T,2.5901940357667e-05,4251.04239672032
OSD-245,Cyp7a1,Blautia,Swift1S,ISS-T Flight 7,FLT_ISS-T,4.3972717766072e-05,2444.4349035229
OSD-245,Cyp7a1,Blautia,Swift1S,ISS-T Flight 8,FLT_ISS-T,0.000398624282767289,3300.28590520423
OSD-245,Cyp7a1,Blautia,Swift1S,ISS-T Flight 9,FLT_ISS-T,3.7980288586345995e-05,4511.28730916604
OSD-245,Cyp7a1,Blautia,Swift1S,ISS-T Flight 10,FLT_ISS-T,0.00028972441982628403,3939.32979818939
OSD-245,Cyp7a1,Blautia,NxtaFlex,LAR Baseline 1,BSL_LAR,0.000777708392204222,14887.7715367233
OSD-245,Cyp7a1,Blautia,NxtaFlex,LAR Baseline 2,BSL_LAR,0.000949821988376314,21258.4406749188
OSD-245,Cyp7a1,Blautia,NxtaFlex,LAR Baseline 5,BSL_LAR,0.000254261512623227,7534.86491022993
OSD-245,Cyp7a1,Blautia,NxtaFlex,LAR Baseline 6,BSL_LAR,0.000687473037803392,14784.6134885171
OSD-245,Cyp7a1,Blautia,NxtaFlex,LAR Baseline 7,BSL_LAR,0.000324418429762327,22059.3542863518
OSD-245,Cyp7a1,Blautia,NxtaFlex,LAR Baseline 10,BSL_LAR,0.000568881548893252,6954.20753599322
OSD-245,Cyp7a1,Blautia,NxtaFlex,LAR GC 2,GC_LAR,5.2028569109916e-05,12164.5538012274
OSD-245,Cyp7a1,Blautia,NxtaFlex,LAR GC 3,GC_LAR,0.000157255901417336,13172.9341079241
OSD-245,Cyp7a1,Blautia,NxtaFlex,LAR GC 4,GC_LAR,0.00011292138465306099,4996.27287914164
OSD-245,Cyp7a1,Blautia,NxtaFlex,LAR GC 5,GC_LAR,0.000118121597447331,40384.0780175247
OSD-245,Cyp7a1,Blautia,NxtaFlex,LAR GC 8,GC_LAR,0.000363492667444201,11828.0799955329
OSD-245,Cyp7a1,Blautia,NxtaFlex,LAR GC 9,GC_LAR,0.000304628322290206,11606.6536294923
OSD-245,Cyp7a1,Blautia,NxtaFlex,LAR Flight 1,FLT_LAR,0.0009938261718110699,4968.45777977207
OSD-245,Cyp7a1,Blautia,NxtaFlex,LAR Flight 2,FLT_LAR,0.0009132367060143361,3010.88952789726
OSD-245,Cyp7a1,Blautia,NxtaFlex,LAR Flight 3,FLT_LAR,0.00031236963932854,6559.80386234576
OSD-245,Cyp7a1,Blautia,NxtaFlex,LAR Flight 4,FLT_LAR,0.000228108507434631,27895.3761645492
OSD-245,Cyp7a1,Blautia,NxtaFlex,LAR Flight 5,FLT_LAR,0.000212453061787234,58267.3451136186
OSD-245,Cyp7a1,Blautia,NxtaFlex,LAR Flight 6,FLT_LAR,0.000180334500380047,11287.7457591621
OSD-245,Cyp7a1,Blautia,NxtaFlex,LAR Flight 7,FLT_LAR,0.000147240357839817,10125.1179484683
OSD-245,Cyp7a1,Blautia,NxtaFlex,LAR Flight 9,FLT_LAR,0.000116679612225168,8971.62056018284
OSD-245,Cyp7a1,Blautia,NxtaFlex,LAR Flight 10,FLT_LAR,0.00082495834222596,9203.68633535479
OSD-245,Cyp7a1,Blautia,NxtaFlex,ISS-T Baseline 1,BSL_ISS-T,0.00047271565086915,23701.9144387566
OSD-245,Cyp7a1,Blautia,NxtaFlex,ISS-T Baseline 2,BSL_ISS-T,0.0016424312102862931,42847.0669630479
OSD-245,Cyp7a1,Blautia,NxtaFlex,ISS-T Baseline 3,BSL_ISS-T,6.740384218168999e-05,40764.9192101904
OSD-245,Cyp7a1,Blautia,NxtaFlex,ISS-T Baseline 4,BSL_ISS-T,0.0,36549.3264836337
OSD-245,Cyp7a1,Blautia,NxtaFlex,ISS-T Baseline 5,BSL_ISS-T,0.000351709402072408,7524.22056303669
OSD-245,Cyp7a1,Blautia,NxtaFlex,ISS-T Baseline 6,BSL_ISS-T,0.000263653545442127,9173.3947024905
OSD-245,Cyp7a1,Blautia,NxtaFlex,ISS-T Baseline 7,BSL_ISS-T,0.005118678931168119,13845.4016034357
OSD-245,Cyp7a1,Blautia,NxtaFlex,ISS-T Baseline 8,BSL_ISS-T,0.00042638316373031697,11882.1884129389
OSD-245,Cyp7a1,Blautia,NxtaFlex,ISS-T Baseline 10,BSL_ISS-T,0.000736271594106804,9925.63892848511
OSD-245,Cyp7a1,Blautia,NxtaFlex,ISS-T GC 2,GC_ISS-T,0.0,21914.6811755691
OSD-245,Cyp7a1,Blautia,NxtaFlex,ISS-T GC 3,GC_ISS-T,0.000117295880641448,31240.7292846213
OSD-245,Cyp7a1,Blautia,NxtaFlex,ISS-T GC 4,GC_ISS-T,3.7519986842737e-05,5190.39508009266
OSD-245,Cyp7a1,Blautia,NxtaFlex,ISS-T GC 5,GC_ISS-T,0.00021446216007920402,31175.2128803623
OSD-245,Cyp7a1,Blautia,NxtaFlex,ISS-T GC 6,GC_ISS-T,0.0,16382.0668990625
OSD-245,Cyp7a1,Blautia,NxtaFlex,ISS-T GC 8,GC_ISS-T,0.000563433853317578,24840.1457090977
OSD-245,Cyp7a1,Blautia,NxtaFlex,ISS-T GC 9,GC_ISS-T,0.000456975454109897,20410.5561233211
OSD-245,Cyp7a1,Blautia,NxtaFlex,ISS-T GC 10,GC_ISS-T,0.0,9541.92249054696
OSD-245,Cyp7a1,Blautia,NxtaFlex,ISS-T Flight 3,FLT_ISS-T,9.9224596844567e-05,3879.86430279529
OSD-245,Cyp7a1,Blautia,NxtaFlex,ISS-T Flight 4,FLT_ISS-T,0.00042493584483567905,7612.24000520948
OSD-245,Cyp7a1,Blautia,NxtaFlex,ISS-T Flight 5,FLT_ISS-T,2.9671957900152998e-05,4251.04239672032
OSD-245,Cyp7a1,Blautia,NxtaFlex,ISS-T Flight 7,FLT_ISS-T,0.0,2444.4349035229
OSD-245,Cyp7a1,Blautia,NxtaFlex,ISS-T Flight 8,FLT_ISS-T,0.0004228243341515,3300.28590520423
OSD-245,Cyp7a1,Blautia,NxtaFlex,ISS-T Flight 9,FLT_ISS-T,0.0,4511.28730916604
OSD-245,Cyp7a1,Blautia,NxtaFlex,ISS-T Flight 10,FLT_ISS-T,0.0001603467807101,3939.32979818939
OSD-245,Cyp7a1,Blautia,16S,LAR Baseline 1,BSL_LAR,0.0034076916468600556,14887.7715367233
OSD-245,Cyp7a1,Blautia,16S,LAR Baseline 2,BSL_LAR,0.003338639469198586,21258.4406749188
OSD-245,Cyp7a1,Blautia,16S,LAR Baseline 5,BSL_LAR,0.0016222062004325882,7534.86491022993
OSD-245,Cyp7a1,Blautia,16S,LAR Baseline 6,BSL_LAR,0.004355127172443922,14784.6134885171
OSD-245,Cyp7a1,Blautia,16S,LAR Baseline 7,BSL_LAR,0.006375318410154971,22059.3542863518
OSD-245,Cyp7a1,Blautia,16S,LAR Baseline 10,BSL_LAR,0.0005522470484634099,6954.20753599322
OSD-245,Cyp7a1,Blautia,16S,LAR GC 2,GC_LAR,0.009072733331313804,12164.5538012274
OSD-245,Cyp7a1,Blautia,16S,LAR GC 3,GC_LAR,0.010606186942383057,13172.9341079241
OSD-245,Cyp7a1,Blautia,16S,LAR GC 4,GC_LAR,0.0018931280832423618,4996.27287914164
OSD-245,Cyp7a1,Blautia,16S,LAR GC 5,GC_LAR,0.008495951148280898,40384.0780175247
OSD-245,Cyp7a1,Blautia,16S,LAR GC 8,GC_LAR,0.006665031076218515,11828.0799955329
OSD-245,Cyp7a1,Blautia,16S,LAR GC 9,GC_LAR,0.02440756424081429,11606.6536294923
OSD-245,Cyp7a1,Blautia,16S,LAR Flight 1,FLT_LAR,5.888674606562928e-05,4968.45777977207
OSD-245,Cyp7a1,Blautia,16S,LAR Flight 2,FLT_LAR,4.140901060070672e-05,3010.88952789726
OSD-245,Cyp7a1,Blautia,16S,LAR Flight 3,FLT_LAR,0.003595281883927707,6559.80386234576
OSD-245,Cyp7a1,Blautia,16S,LAR Flight 4,FLT_LAR,0.01708725893563129,27895.3761645492
OSD-245,Cyp7a1,Blautia,16S,LAR Flight 5,FLT_LAR,0.0026632395522041405,58267.3451136186
OSD-245,Cyp7a1,Blautia,16S,LAR Flight 6,FLT_LAR,0.0030713974018999027,11287.7457591621
OSD-245,Cyp7a1,Blautia,16S,LAR Flight 7,FLT_LAR,0.005349709564584289,10125.1179484683
OSD-245,Cyp7a1,Blautia,16S,LAR Flight 9,FLT_LAR,0.018707387164027724,8971.62056018284
OSD-245,Cyp7a1,Blautia,16S,LAR Flight 10,FLT_LAR,0.004742852600620015,9203.68633535479
OSD-245,Cyp7a1,Blautia,16S,ISS-T Baseline 1,BSL_ISS-T,0.029259333086539285,23701.9144387566
OSD-245,Cyp7a1,Blautia,16S,ISS-T Baseline 2,BSL_ISS-T,0.024083033759494013,42847.0669630479
OSD-245,Cyp7a1,Blautia,16S,ISS-T Baseline 3,BSL_ISS-T,0.002564594876296012,40764.9192101904
OSD-245,Cyp7a1,Blautia,16S,ISS-T Baseline 4,BSL_ISS-T,0.00020296009492287516,36549.3264836337
OSD-245,Cyp7a1,Blautia,16S,ISS-T Baseline 5,BSL_ISS-T,0.0009486214388445179,7524.22056303669
OSD-245,Cyp7a1,Blautia,16S,ISS-T Baseline 6,BSL_ISS-T,0.0034605180523691733,9173.3947024905
OSD-245,Cyp7a1,Blautia,16S,ISS-T Baseline 7,BSL_ISS-T,0.001388809346543726,13845.4016034357
OSD-245,Cyp7a1,Blautia,16S,ISS-T Baseline 8,BSL_ISS-T,0.0441441994718418,11882.1884129389
OSD-245,Cyp7a1,Blautia,16S,ISS-T Baseline 10,BSL_ISS-T,0.00782674906592531,9925.63892848511
OSD-245,Cyp7a1,Blautia,16S,ISS-T GC 2,GC_ISS-T,0.03519970201310465,21914.6811755691
OSD-245,Cyp7a1,Blautia,16S,ISS-T GC 3,GC_ISS-T,0.0017122293806953392,31240.7292846213
OSD-245,Cyp7a1,Blautia,16S,ISS-T GC 4,GC_ISS-T,0.013666442888654455,5190.39508009266
OSD-245,Cyp7a1,Blautia,16S,ISS-T GC 5,GC_ISS-T,0.00577050287821424,31175.2128803623
OSD-245,Cyp7a1,Blautia,16S,ISS-T GC 6,GC_ISS-T,0.03275561548327688,16382.0668990625
OSD-245,Cyp7a1,Blautia,16S,ISS-T GC 8,GC_ISS-T,0.000356959278085556,24840.1457090977
OSD-245,Cyp7a1,Blautia,16S,ISS-T GC 9,GC_ISS-T,0.008584153437253071,20410.5561233211
OSD-245,Cyp7a1,Blautia,16S,ISS-T GC 10,GC_ISS-T,0.009290397092292537,9541.92249054696
OSD-245,Cyp7a1,Blautia,16S,ISS-T Flight 3,FLT_ISS-T,0.015455681124894687,3879.86430279529
OSD-245,Cyp7a1,Blautia,16S,ISS-T Flight 4,FLT_ISS-T,0.005009125667772405,7612.24000520948
OSD-245,Cyp7a1,Blautia,16S,ISS-T Flight 5,FLT_ISS-T,0.015830221594267672,4251.04239672032
OSD-245,Cyp7a1,Blautia,16S,ISS-T Flight 7,FLT_ISS-T,0.000822143052891203,2444.4349035229
OSD-245,Cyp7a1,Blautia,16S,ISS-T Flight 8,FLT_ISS-T,0.024298307528270436,3300.28590520423
OSD-245,Cyp7a1,Blautia,16S,ISS-T Flight 9,FLT_ISS-T,0.013375075808487272,4511.28730916604
OSD-245,Cyp7a1,Blautia,16S,ISS-T Flight 10,FLT_ISS-T,0.011237149408531122,3939.32979818939
OSD-245,Nr1h4,Parabacteroides,Swift1S,LAR Baseline 1,BSL_LAR,0.7553689881584458,4914.9663795632
OSD-245,Nr1h4,Parabacteroides,Swift1S,LAR Baseline 2,BSL_LAR,0.7331299983888921,5206.53160678361
OSD-245,Nr1h4,Parabacteroides,Swift1S,LAR Baseline 5,BSL_LAR,0.5860911397285418,5382.03662392794
OSD-245,Nr1h4,Parabacteroides,Swift1S,LAR Baseline 6,BSL_LAR,0.624394764800402,4689.6278713353
OSD-245,Nr1h4,Parabacteroides,Swift1S,LAR Baseline 7,BSL_LAR,0.7496699178437993,3864.32283647957
OSD-245,Nr1h4,Parabacteroides,Swift1S,LAR Baseline 10,BSL_LAR,0.8375736843288942,4194.6206344986
OSD-245,Nr1h4,Parabacteroides,Swift1S,LAR GC 2,GC_LAR,0.6909895616486423,4733.19000612601
OSD-245,Nr1h4,Parabacteroides,Swift1S,LAR GC 3,GC_LAR,0.6886932436638188,4418.33734480592
OSD-245,Nr1h4,Parabacteroides,Swift1S,LAR GC 4,GC_LAR,0.6128465890565518,3955.26279559698
OSD-245,Nr1h4,Parabacteroides,Swift1S,LAR GC 5,GC_LAR,0.5628724124946992,5685.00336177792
OSD-245,Nr1h4,Parabacteroides,Swift1S,LAR GC 8,GC_LAR,0.6814868069717346,5673.50586653785
OSD-245,Nr1h4,Parabacteroides,Swift1S,LAR GC 9,GC_LAR,0.7625114342309509,4889.1727647923
OSD-245,Nr1h4,Parabacteroides,Swift1S,LAR Flight 1,FLT_LAR,0.7905409986368477,5421.33708038761
OSD-245,Nr1h4,Parabacteroides,Swift1S,LAR Flight 2,FLT_LAR,0.7556409918023188,5402.96579345191
OSD-245,Nr1h4,Parabacteroides,Swift1S,LAR Flight 3,FLT_LAR,0.5791844029298732,5199.99877269013
OSD-245,Nr1h4,Parabacteroides,Swift1S,LAR Flight 4,FLT_LAR,0.5937370815508994,4929.21706582249
OSD-245,Nr1h4,Parabacteroides,Swift1S,LAR Flight 5,FLT_LAR,0.7990284922074616,5632.76394886352
OSD-245,Nr1h4,Parabacteroides,Swift1S,LAR Flight 6,FLT_LAR,0.6428809779932608,5288.54353610211
OSD-245,Nr1h4,Parabacteroides,Swift1S,LAR Flight 7,FLT_LAR,0.6037507104118085,5672.45659120808
OSD-245,Nr1h4,Parabacteroides,Swift1S,LAR Flight 9,FLT_LAR,0.8059201852517923,5612.26679222196
OSD-245,Nr1h4,Parabacteroides,Swift1S,LAR Flight 10,FLT_LAR,0.812647166939343,4884.49589661345
OSD-245,Nr1h4,Parabacteroides,Swift1S,ISS-T Baseline 1,BSL_ISS-T,0.43998092867492317,4115.89179549407
OSD-245,Nr1h4,Parabacteroides,Swift1S,ISS-T Baseline 2,BSL_ISS-T,0.3136050738353889,3856.16120071116
OSD-245,Nr1h4,Parabacteroides,Swift1S,ISS-T Baseline 3,BSL_ISS-T,0.36289218152858604,5712.8296645125
OSD-245,Nr1h4,Parabacteroides,Swift1S,ISS-T Baseline 4,BSL_ISS-T,0.18124537163841978,5156.85530145678
OSD-245,Nr1h4,Parabacteroides,Swift1S,ISS-T Baseline 5,BSL_ISS-T,0.3830185515633813,5502.87239444216
OSD-245,Nr1h4,Parabacteroides,Swift1S,ISS-T Baseline 6,BSL_ISS-T,0.3587585409450324,3861.41470884389
OSD-245,Nr1h4,Parabacteroides,Swift1S,ISS-T Baseline 7,BSL_ISS-T,0.7803768514408117,4729.80313690246
OSD-245,Nr1h4,Parabacteroides,Swift1S,ISS-T Baseline 8,BSL_ISS-T,0.4105195424717173,3682.22725792405
OSD-245,Nr1h4,Parabacteroides,Swift1S,ISS-T Baseline 10,BSL_ISS-T,0.39082787364090216,4116.94287357923
OSD-245,Nr1h4,Parabacteroides,Swift1S,ISS-T GC 2,GC_ISS-T,0.010893703513263884,4342.06537647778
OSD-245,Nr1h4,Parabacteroides,Swift1S,ISS-T GC 3,GC_ISS-T,0.12311366493019588,6280.42595882553
OSD-245,Nr1h4,Parabacteroides,Swift1S,ISS-T GC 4,GC_ISS-T,0.41008310684149185,4341.82772030534
OSD-245,Nr1h4,Parabacteroides,Swift1S,ISS-T GC 5,GC_ISS-T,0.33159638992417584,4746.59836103013
OSD-245,Nr1h4,Parabacteroides,Swift1S,ISS-T GC 6,GC_ISS-T,0.08965215029469523,5791.97359330584
OSD-245,Nr1h4,Parabacteroides,Swift1S,ISS-T GC 8,GC_ISS-T,0.6574708244754186,5529.92321149274
OSD-245,Nr1h4,Parabacteroides,Swift1S,ISS-T GC 9,GC_ISS-T,0.7460535228741757,4898.59714299235
OSD-245,Nr1h4,Parabacteroides,Swift1S,ISS-T GC 10,GC_ISS-T,0.22749705363107,4804.51955916354
OSD-245,Nr1h4,Parabacteroides,Swift1S,ISS-T Flight 3,FLT_ISS-T,0.18155358413039083,3954.22891049693
OSD-245,Nr1h4,Parabacteroides,Swift1S,ISS-T Flight 4,FLT_ISS-T,0.2861097883785962,4380.55798207179
OSD-245,Nr1h4,Parabacteroides,Swift1S,ISS-T Flight 5,FLT_ISS-T,0.1214901603368793,3835.33121765831
OSD-245,Nr1h4,Parabacteroides,Swift1S,ISS-T Flight 7,FLT_ISS-T,0.07072174608552832,4582.03669497286
OSD-245,Nr1h4,Parabacteroides,Swift1S,ISS-T Flight 8,FLT_ISS-T,0.5701052129006996,4315.73684183848
OSD-245,Nr1h4,Parabacteroides,Swift1S,ISS-T Flight 9,FLT_ISS-T,0.16376252178406278,4946.11462071393
OSD-245,Nr1h4,Parabacteroides,Swift1S,ISS-T Flight 10,FLT_ISS-T,0.10091579758913599,3604.36235067284
OSD-245,Nr1h4,Parabacteroides,NxtaFlex,LAR Baseline 1,BSL_LAR,0.760045041026705,4914.9663795632
OSD-245,Nr1h4,Parabacteroides,NxtaFlex,LAR Baseline 2,BSL_LAR,0.7143466660431369,5206.53160678361
OSD-245,Nr1h4,Parabacteroides,NxtaFlex,LAR Baseline 5,BSL_LAR,0.6065089516953678,5382.03662392794
OSD-245,Nr1h4,Parabacteroides,NxtaFlex,LAR Baseline 6,BSL_LAR,0.6035009242857953,4689.6278713353
OSD-245,Nr1h4,Parabacteroides,NxtaFlex,LAR Baseline 7,BSL_LAR,0.7357553447877997,3864.32283647957
OSD-245,Nr1h4,Parabacteroides,NxtaFlex,LAR Baseline 10,BSL_LAR,0.8266514530568323,4194.6206344986
OSD-245,Nr1h4,Parabacteroides,NxtaFlex,LAR GC 2,GC_LAR,0.6595960279102817,4733.19000612601
OSD-245,Nr1h4,Parabacteroides,NxtaFlex,LAR GC 3,GC_LAR,0.6193351711514232,4418.33734480592
OSD-245,Nr1h4,Parabacteroides,NxtaFlex,LAR GC 4,GC_LAR,0.6319352570914868,3955.26279559698
OSD-245,Nr1h4,Parabacteroides,NxtaFlex,LAR GC 5,GC_LAR,0.5680754926752736,5685.00336177792
OSD-245,Nr1h4,Parabacteroides,NxtaFlex,LAR GC 8,GC_LAR,0.649369592546216,5673.50586653785
OSD-245,Nr1h4,Parabacteroides,NxtaFlex,LAR GC 9,GC_LAR,0.762792123124757,4889.1727647923
OSD-245,Nr1h4,Parabacteroides,NxtaFlex,LAR Flight 1,FLT_LAR,0.7529281469721835,5421.33708038761
OSD-245,Nr1h4,Parabacteroides,NxtaFlex,LAR Flight 2,FLT_LAR,0.6997843217559399,5402.96579345191
OSD-245,Nr1h4,Parabacteroides,NxtaFlex,LAR Flight 3,FLT_LAR,0.5526585619969463,5199.99877269013
OSD-245,Nr1h4,Parabacteroides,NxtaFlex,LAR Flight 4,FLT_LAR,0.5645464748982301,4929.21706582249
OSD-245,Nr1h4,Parabacteroides,NxtaFlex,LAR Flight 5,FLT_LAR,0.8013963095540465,5632.76394886352
OSD-245,Nr1h4,Parabacteroides,NxtaFlex,LAR Flight 6,FLT_LAR,0.6659361641217258,5288.54353610211
OSD-245,Nr1h4,Parabacteroides,NxtaFlex,LAR Flight 7,FLT_LAR,0.6368508939704618,5672.45659120808
OSD-245,Nr1h4,Parabacteroides,NxtaFlex,LAR Flight 9,FLT_LAR,0.8066281776049418,5612.26679222196
OSD-245,Nr1h4,Parabacteroides,NxtaFlex,LAR Flight 10,FLT_LAR,0.7906113661263895,4884.49589661345
OSD-245,Nr1h4,Parabacteroides,NxtaFlex,ISS-T Baseline 1,BSL_ISS-T,0.38839622170246685,4115.89179549407
OSD-245,Nr1h4,Parabacteroides,NxtaFlex,ISS-T Baseline 2,BSL_ISS-T,0.20484085306573044,3856.16120071116
OSD-245,Nr1h4,Parabacteroides,NxtaFlex,ISS-T Baseline 3,BSL_ISS-T,0.2762649811040496,5712.8296645125
OSD-245,Nr1h4,Parabacteroides,NxtaFlex,ISS-T Baseline 4,BSL_ISS-T,0.1218276080425921,5156.85530145678
OSD-245,Nr1h4,Parabacteroides,NxtaFlex,ISS-T Baseline 5,BSL_ISS-T,0.314240005701877,5502.87239444216
OSD-245,Nr1h4,Parabacteroides,NxtaFlex,ISS-T Baseline 6,BSL_ISS-T,0.24624732938723562,3861.41470884389
OSD-245,Nr1h4,Parabacteroides,NxtaFlex,ISS-T Baseline 7,BSL_ISS-T,0.6548315854443849,4729.80313690246
OSD-245,Nr1h4,Parabacteroides,NxtaFlex,ISS-T Baseline 8,BSL_ISS-T,0.29772840912016646,3682.22725792405
OSD-245,Nr1h4,Parabacteroides,NxtaFlex,ISS-T Baseline 10,BSL_ISS-T,0.2900608910797224,4116.94287357923
OSD-245,Nr1h4,Parabacteroides,NxtaFlex,ISS-T GC 2,GC_ISS-T,0.00850429982863443,4342.06537647778
OSD-245,Nr1h4,Parabacteroides,NxtaFlex,ISS-T GC 3,GC_ISS-T,0.10331067394403443,6280.42595882553
OSD-245,Nr1h4,Parabacteroides,NxtaFlex,ISS-T GC 4,GC_ISS-T,0.3601224331046074,4341.82772030534
OSD-245,Nr1h4,Parabacteroides,NxtaFlex,ISS-T GC 5,GC_ISS-T,0.2671942319418183,4746.59836103013
OSD-245,Nr1h4,Parabacteroides,NxtaFlex,ISS-T GC 6,GC_ISS-T,0.07555574358137976,5791.97359330584
OSD-245,Nr1h4,Parabacteroides,NxtaFlex,ISS-T GC 8,GC_ISS-T,0.5045519344971222,5529.92321149274
OSD-245,Nr1h4,Parabacteroides,NxtaFlex,ISS-T GC 9,GC_ISS-T,0.7151537031155729,4898.59714299235
OSD-245,Nr1h4,Parabacteroides,NxtaFlex,ISS-T GC 10,GC_ISS-T,0.18466353659270104,4804.51955916354
OSD-245,Nr1h4,Parabacteroides,NxtaFlex,ISS-T Flight 3,FLT_ISS-T,0.14655006079793365,3954.22891049693
OSD-245,Nr1h4,Parabacteroides,NxtaFlex,ISS-T Flight 4,FLT_ISS-T,0.1716299246295923,4380.55798207179
OSD-245,Nr1h4,Parabacteroides,NxtaFlex,ISS-T Flight 5,FLT_ISS-T,0.09032214199966279,3835.33121765831
OSD-245,Nr1h4,Parabacteroides,NxtaFlex,ISS-T Flight 7,FLT_ISS-T,0.05739259883826002,4582.03669497286
OSD-245,Nr1h4,Parabacteroides,NxtaFlex,ISS-T Flight 8,FLT_ISS-T,0.40906621991575143,4315.73684183848
OSD-245,Nr1h4,Parabacteroides,NxtaFlex,ISS-T Flight 9,FLT_ISS-T,0.11315100768857626,4946.11462071393
OSD-245,Nr1h4,Parabacteroides,NxtaFlex,ISS-T Flight 10,FLT_ISS-T,0.05105565243609903,3604.36235067284
OSD-245,Nr1h4,Parabacteroides,16S,LAR Baseline 1,BSL_LAR,0.6776008705363535,4914.9663795632
OSD-245,Nr1h4,Parabacteroides,16S,LAR Baseline 2,BSL_LAR,0.6492033752658938,5206.53160678361
OSD-245,Nr1h4,Parabacteroides,16S,LAR Baseline 5,BSL_LAR,0.6324050708964192,5382.03662392794
OSD-245,Nr1h4,Parabacteroides,16S,LAR Baseline 6,BSL_LAR,0.5004846614878425,4689.6278713353
OSD-245,Nr1h4,Parabacteroides,16S,LAR Baseline 7,BSL_LAR,0.6429821690313215,3864.32283647957
OSD-245,Nr1h4,Parabacteroides,16S,LAR Baseline 10,BSL_LAR,0.6125464559172525,4194.6206344986
OSD-245,Nr1h4,Parabacteroides,16S,LAR GC 2,GC_LAR,0.5325194632092333,4733.19000612601
OSD-245,Nr1h4,Parabacteroides,16S,LAR GC 3,GC_LAR,0.5651796881514216,4418.33734480592
OSD-245,Nr1h4,Parabacteroides,16S,LAR GC 4,GC_LAR,0.6521895339035748,3955.26279559698
OSD-245,Nr1h4,Parabacteroides,16S,LAR GC 5,GC_LAR,0.5385470596044073,5685.00336177792
OSD-245,Nr1h4,Parabacteroides,16S,LAR GC 8,GC_LAR,0.539526769163668,5673.50586653785
OSD-245,Nr1h4,Parabacteroides,16S,LAR GC 9,GC_LAR,0.5867152363167724,4889.1727647923
OSD-245,Nr1h4,Parabacteroides,16S,LAR Flight 1,FLT_LAR,0.5561264298438029,5421.33708038761
OSD-245,Nr1h4,Parabacteroides,16S,LAR Flight 2,FLT_LAR,0.563783679328622,5402.96579345191
OSD-245,Nr1h4,Parabacteroides,16S,LAR Flight 3,FLT_LAR,0.5108480716843896,5199.99877269013
OSD-245,Nr1h4,Parabacteroides,16S,LAR Flight 4,FLT_LAR,0.6633608963104922,4929.21706582249
OSD-245,Nr1h4,Parabacteroides,16S,LAR Flight 5,FLT_LAR,0.7069197776504653,5632.76394886352
OSD-245,Nr1h4,Parabacteroides,16S,LAR Flight 6,FLT_LAR,0.6267161223188211,5288.54353610211
OSD-245,Nr1h4,Parabacteroides,16S,LAR Flight 7,FLT_LAR,0.613839603678321,5672.45659120808
OSD-245,Nr1h4,Parabacteroides,16S,LAR Flight 9,FLT_LAR,0.6038062771172592,5612.26679222196
OSD-245,Nr1h4,Parabacteroides,16S,LAR Flight 10,FLT_LAR,0.6121989348453936,4884.49589661345
OSD-245,Nr1h4,Parabacteroides,16S,ISS-T Baseline 1,BSL_ISS-T,0.4634365122305436,4115.89179549407
OSD-245,Nr1h4,Parabacteroides,16S,ISS-T Baseline 2,BSL_ISS-T,0.4373868151471741,3856.16120071116
OSD-245,Nr1h4,Parabacteroides,16S,ISS-T Baseline 3,BSL_ISS-T,0.5138926984475287,5712.8296645125
OSD-245,Nr1h4,Parabacteroides,16S,ISS-T Baseline 4,BSL_ISS-T,0.5579685255729719,5156.85530145678
OSD-245,Nr1h4,Parabacteroides,16S,ISS-T Baseline 5,BSL_ISS-T,0.57435968052878,5502.87239444216
OSD-245,Nr1h4,Parabacteroides,16S,ISS-T Baseline 6,BSL_ISS-T,0.5447752585775989,3861.41470884389
OSD-245,Nr1h4,Parabacteroides,16S,ISS-T Baseline 7,BSL_ISS-T,0.5372830880247409,4729.80313690246
OSD-245,Nr1h4,Parabacteroides,16S,ISS-T Baseline 8,BSL_ISS-T,0.5092427685315973,3682.22725792405
OSD-245,Nr1h4,Parabacteroides,16S,ISS-T Baseline 10,BSL_ISS-T,0.4844970162732633,4116.94287357923
OSD-245,Nr1h4,Parabacteroides,16S,ISS-T GC 2,GC_ISS-T,0.3273453769703537,4342.06537647778
OSD-245,Nr1h4,Parabacteroides,16S,ISS-T GC 3,GC_ISS-T,0.45831156770561265,6280.42595882553
OSD-245,Nr1h4,Parabacteroides,16S,ISS-T GC 4,GC_ISS-T,0.572504075956651,4341.82772030534
OSD-245,Nr1h4,Parabacteroides,16S,ISS-T GC 5,GC_ISS-T,0.5531378868699948,4746.59836103013
OSD-245,Nr1h4,Parabacteroides,16S,ISS-T GC 6,GC_ISS-T,0.5574703193343638,5791.97359330584
OSD-245,Nr1h4,Parabacteroides,16S,ISS-T GC 8,GC_ISS-T,0.5863413101833342,5529.92321149274
OSD-245,Nr1h4,Parabacteroides,16S,ISS-T GC 9,GC_ISS-T,0.5659076215789096,4898.59714299235
OSD-245,Nr1h4,Parabacteroides,16S,ISS-T GC 10,GC_ISS-T,0.6004110193960392,4804.51955916354
OSD-245,Nr1h4,Parabacteroides,16S,ISS-T Flight 3,FLT_ISS-T,0.5086575055925162,3954.22891049693
OSD-245,Nr1h4,Parabacteroides,16S,ISS-T Flight 4,FLT_ISS-T,0.5453952013641874,4380.55798207179
OSD-245,Nr1h4,Parabacteroides,16S,ISS-T Flight 5,FLT_ISS-T,0.5009010827410216,3835.33121765831
OSD-245,Nr1h4,Parabacteroides,16S,ISS-T Flight 7,FLT_ISS-T,0.6058433056240675,4582.03669497286
OSD-245,Nr1h4,Parabacteroides,16S,ISS-T Flight 8,FLT_ISS-T,0.5327907011668593,4315.73684183848
OSD-245,Nr1h4,Parabacteroides,16S,ISS-T Flight 9,FLT_ISS-T,0.543755839302398,4946.11462071393
OSD-245,Nr1h4,Parabacteroides,16S,ISS-T Flight 10,FLT_ISS-T,0.4703354440951817,3604.36235067284
