sample,nxtaflex_unknown_pct,swift_unknown_pct,delta_unknown_pp,assigned_composition_bray_curtis
Mmus_C57-6T_FCS_BSL_ISS-T_Rep1_B1,47.86991,39.18949,-8.68042,0.04897995435301549
Mmus_C57-6T_FCS_BSL_ISS-T_Rep2_B2,73.34667,61.072190000000006,-12.274479999999999,0.05364009463599052
Mmus_C57-6T_FCS_BSL_ISS-T_Rep3_B3,66.66477,57.17712,-9.487650000000002,0.03661961269134124
Mmus_C57-6T_FCS_BSL_ISS-T_Rep4_B4,83.71107,76.82786,-6.883210000000006,0.051735800000000096
Mmus_C57-6T_FCS_BSL_ISS-T_Rep5_B5,64.42349,56.46229,-7.961200000000002,0.023800002960509624
Mmus_C57-6T_FCS_BSL_ISS-T_Rep6_B6,70.79278,57.89311,-12.899669999999986,0.032103709045669074
Mmus_C57-6T_FCS_BSL_ISS-T_Rep7_B7,22.9428,10.1733,-12.7695,0.029393790495819097
Mmus_C57-6T_FCS_BSL_ISS-T_Rep8_B8,62.55856,48.60873,-13.949829999999997,0.030637400000000092
Mmus_C57-6T_FCS_BSL_ISS-T_Rep9_B10,62.9101,51.767790000000005,-11.14231,0.04373580947199629
Mmus_C57-6T_FCS_BSL_LAR_Rep1_B1,17.72893,17.17409,-0.5548399999999981,0.015482305047090448
Mmus_C57-6T_FCS_BSL_LAR_Rep2_B2,21.20276,18.97179,-2.2309700000000015,0.009663995150241224
Mmus_C57-6T_FCS_BSL_LAR_Rep3_B5,30.681159999999995,33.20901,2.5278500000000035,0.010955809391972672
Mmus_C57-6T_FCS_BSL_LAR_Rep4_B6,28.28364,25.905549999999998,-2.3780899999999994,0.013416017317656546
Mmus_C57-6T_FCS_BSL_LAR_Rep5_B7,20.32946,18.39669,-1.9327700000000032,0.01048879438990142
Mmus_C57-6T_FCS_BSL_LAR_Rep6_B8,25.804339999999996,21.72546,-4.078879999999996,0.011113493723178797
Mmus_C57-6T_FCS_BSL_LAR_Rep7_B10,8.81847,6.83598,-1.9824899999999992,0.012845496358689609
Mmus_C57-6T_FCS_FLT_ISS-T_Rep1_F3,81.54648,77.00271,-4.543770000000002,0.022835797716420237
Mmus_C57-6T_FCS_FLT_ISS-T_Rep2_F4,78.59589,66.48587,-12.110019999999999,0.06038312335757576
Mmus_C57-6T_FCS_FLT_ISS-T_Rep3_F5,87.89394,84.49914,-3.394800000000009,0.061710280271341914
Mmus_C57-6T_FCS_FLT_ISS-T_Rep4_F7,91.75806,90.29514,-1.4629199999999898,0.0675624493784902
Mmus_C57-6T_FCS_FLT_ISS-T_Rep5_F8,53.42831,37.29365,-16.13466,0.03606229639377039
Mmus_C57-6T_FCS_FLT_ISS-T_Rep6_F9,85.50595,79.85131,-5.65464,0.0627178765527507
Mmus_C57-6T_FCS_FLT_ISS-T_Rep7_F10,92.19762,86.94112,-5.256500000000008,0.13018308648269855
Mmus_C57-6T_FCS_FLT_LAR_Rep1_F1,9.94689,7.99864,-1.94825,0.025877124920844995
Mmus_C57-6T_FCS_FLT_LAR_Rep2_F2,19.82822,14.49058,-5.337640000000002,0.015955104673688266
Mmus_C57-6T_FCS_FLT_LAR_Rep3_F3,30.615359999999995,29.960330000000003,-0.6550299999999953,0.04038788609688859
Mmus_C57-6T_FCS_FLT_LAR_Rep4_F4,38.14845,35.26289,-2.885559999999998,0.016638600000000024
Mmus_C57-6T_FCS_FLT_LAR_Rep5_F5,15.052750000000001,14.24376,-0.8089900000000011,0.013111700000000047
Mmus_C57-6T_FCS_FLT_LAR_Rep6_F6,26.693290000000005,28.46537,1.772079999999998,0.017185669313594127
Mmus_C57-6T_FCS_FLT_LAR_Rep7_F7,31.292409999999997,33.84325,2.5508399999999987,0.018251599999999958
Mmus_C57-6T_FCS_FLT_LAR_Rep8_F9,13.31381,13.055049999999998,-0.2587600000000023,0.01122918785909893
Mmus_C57-6T_FCS_FLT_LAR_Rep9_F10,14.556359999999998,11.61251,-2.9438499999999976,0.0069803138733428045
Mmus_C57-6T_FCS_GC_ISS-T_Rep1_G2,97.32619,96.99713,-0.32906000000000324,0.08649888128372372
Mmus_C57-6T_FCS_GC_ISS-T_Rep2_G3,85.50113,82.98402,-2.51711,0.05153450515345047
Mmus_C57-6T_FCS_GC_ISS-T_Rep3_G4,59.128550000000004,52.80957000000001,-6.318979999999996,0.02173520543207948
Mmus_C57-6T_FCS_GC_ISS-T_Rep4_G5,68.8327,60.80391,-8.028789999999997,0.03316798931822108
Mmus_C57-6T_FCS_GC_ISS-T_Rep5_G6,89.62774,88.21181,-1.4159299999999986,0.05616271719440828
Mmus_C57-6T_FCS_GC_ISS-T_Rep6_G7,55.81442,39.99579,-15.81863,0.0362837147851337
Mmus_C57-6T_FCS_GC_ISS-T_Rep7_G8,44.48381,28.82655,-15.657259999999996,0.0228157144752629
Mmus_C57-6T_FCS_GC_ISS-T_Rep8_G9,20.96585,17.0947,-3.871150000000001,0.013838402654179769
Mmus_C57-6T_FCS_GC_ISS-T_Rep9_G10,78.29442,73.67699,-4.617429999999989,0.0316503757697382
Mmus_C57-6T_FCS_GC_LAR_Rep1_G2,26.09578,22.58805,-3.507730000000003,0.011175698882430116
Mmus_C57-6T_FCS_GC_LAR_Rep2_G3,29.95283,23.43613,-6.5166999999999975,0.019769116782310203
Mmus_C57-6T_FCS_GC_LAR_Rep3_G4,31.686999999999998,33.45941,1.772410000000002,0.009862009896660119
Mmus_C57-6T_FCS_GC_LAR_Rep4_G5,36.01214,36.19326,0.18112000000000128,0.011596707731010734
Mmus_C57-6T_FCS_GC_LAR_Rep5_G8,25.772380000000002,23.58243,-2.1899500000000014,0.022154508139819236
Mmus_C57-6T_FCS_GC_LAR_Rep6_G9,15.02697,14.843419999999998,-0.18355000000000177,0.010055601005560195
Mmus_C57-6T_FCS_GC_LAR_Rep7_G10,36.16153,33.42573,-2.735799999999994,0.03651098254291172
