accession,source,role,used_in
MGYS00006862,EBI MGnify,primary,160-study interaction audit + keystones
MGYS00005791,EBI MGnify,primary,160-study interaction audit + keystones
MGYS00006825,EBI MGnify,primary,160-study interaction audit + keystones
MGYS00006824,EBI MGnify,primary,160-study interaction audit + keystones
MGYS00006822,EBI MGnify,primary,160-study interaction audit + keystones
MGYS00006814,EBI MGnify,primary,160-study interaction audit + keystones
MGYS00006815,EBI MGnify,primary,160-study interaction audit + keystones
MGYS00006811,EBI MGnify,primary,160-study interaction audit + keystones
MGYS00006807,EBI MGnify,primary,160-study interaction audit + keystones
MGYS00006805,EBI MGnify,primary,160-study interaction audit + keystones
MGYS00006806,EBI MGnify,primary,160-study interaction audit + keystones
MGYS00006760,EBI MGnify,primary,160-study interaction audit + keystones
MGYS00002338,EBI MGnify,primary,160-study interaction audit + keystones
MGYS00006797,EBI MGnify,primary,160-study interaction audit + keystones
MGYS00006551,EBI MGnify,primary,160-study interaction audit + keystones
MGYS00006795,EBI MGnify,primary,160-study interaction audit + keystones
MGYS00006794,EBI MGnify,primary,160-study interaction audit + keystones
MGYS00006789,EBI MGnify,primary,160-study interaction audit + keystones
MGYS00006787,EBI MGnify,primary,160-study interaction audit + keystones
MGYS00006786,EBI MGnify,primary,160-study interaction audit + keystones
MGYS00006759,EBI MGnify,primary,160-study interaction audit + keystones
MGYS00006780,EBI MGnify,primary,160-study interaction audit + keystones
MGYS00006779,EBI MGnify,primary,160-study interaction audit + keystones
MGYS00006769,EBI MGnify,primary,160-study interaction audit + keystones
MGYS00006765,EBI MGnify,primary,160-study interaction audit + keystones
MGYS00006755,EBI MGnify,primary,160-study interaction audit + keystones
MGYS00005333,EBI MGnify,primary,160-study interaction audit + keystones
MGYS00005230,EBI MGnify,primary,160-study interaction audit + keystones
MGYS00002675,EBI MGnify,primary,160-study interaction audit + keystones
MGYS00006069,EBI MGnify,primary,160-study interaction audit + keystones
MGYS00006006,EBI MGnify,primary,160-study interaction audit + keystones
MGYS00002061,EBI MGnify,primary,160-study interaction audit + keystones
MGYS00000633,EBI MGnify,primary,160-study interaction audit + keystones
MGYS00002238,EBI MGnify,primary,160-study interaction audit + keystones
MGYS00006562,EBI MGnify,primary,160-study interaction audit + keystones
MGYS00005154,EBI MGnify,primary,160-study interaction audit + keystones
MGYS00006649,EBI MGnify,primary,160-study interaction audit + keystones
MGYS00006641,EBI MGnify,primary,160-study interaction audit + keystones
MGYS00006642,EBI MGnify,primary,160-study interaction audit + keystones
MGYS00006364,EBI MGnify,primary,160-study interaction audit + keystones
MGYS00006640,EBI MGnify,primary,160-study interaction audit + keystones
MGYS00005253,EBI MGnify,primary,160-study interaction audit + keystones
MGYS00006320,EBI MGnify,primary,160-study interaction audit + keystones
MGYS00006276,EBI MGnify,primary,160-study interaction audit + keystones
MGYS00006263,EBI MGnify,primary,160-study interaction audit + keystones
MGYS00006017,EBI MGnify,primary,160-study interaction audit + keystones
MGYS00005592,EBI MGnify,primary,160-study interaction audit + keystones
MGYS00005569,EBI MGnify,primary,160-study interaction audit + keystones
MGYS00005528,EBI MGnify,primary,160-study interaction audit + keystones
MGYS00005506,EBI MGnify,primary,160-study interaction audit + keystones
MGYS00005189,EBI MGnify,primary,160-study interaction audit + keystones
MGYS00005223,EBI MGnify,primary,160-study interaction audit + keystones
MGYS00005197,EBI MGnify,primary,160-study interaction audit + keystones
MGYS00005143,EBI MGnify,primary,160-study interaction audit + keystones
MGYS00002159,EBI MGnify,primary,160-study interaction audit + keystones
MGYS00003719,EBI MGnify,primary,160-study interaction audit + keystones
MGYS00002395,EBI MGnify,primary,160-study interaction audit + keystones
MGYS00002394,EBI MGnify,primary,160-study interaction audit + keystones
MGYS00002272,EBI MGnify,primary,160-study interaction audit + keystones
MGYS00002269,EBI MGnify,primary,160-study interaction audit + keystones
MGYS00002229,EBI MGnify,primary,160-study interaction audit + keystones
MGYS00006648,EBI MGnify,primary,160-study interaction audit + keystones
MGYS00005232,EBI MGnify,primary,160-study interaction audit + keystones
MGYS00005156,EBI MGnify,primary,160-study interaction audit + keystones
MGYS00006246,EBI MGnify,primary,160-study interaction audit + keystones
MGYS00005384,EBI MGnify,primary,160-study interaction audit + keystones
MGYS00005172,EBI MGnify,primary,160-study interaction audit + keystones
MGYS00005533,EBI MGnify,primary,160-study interaction audit + keystones
MGYS00005212,EBI MGnify,primary,160-study interaction audit + keystones
MGYS00005238,EBI MGnify,primary,160-study interaction audit + keystones
MGYS00005101,EBI MGnify,primary,160-study interaction audit + keystones
MGYS00005102,EBI MGnify,primary,160-study interaction audit + keystones
MGYS00005135,EBI MGnify,primary,160-study interaction audit + keystones
MGYS00005098,EBI MGnify,primary,160-study interaction audit + keystones
MGYS00005037,EBI MGnify,primary,160-study interaction audit + keystones
MGYS00005090,EBI MGnify,primary,160-study interaction audit + keystones
MGYS00002184,EBI MGnify,primary,160-study interaction audit + keystones
MGYS00002072,EBI MGnify,primary,160-study interaction audit + keystones
MGYS00006855,EBI MGnify,primary,160-study interaction audit + keystones
MGYS00006799,EBI MGnify,primary,160-study interaction audit + keystones
MGYS00002673,EBI MGnify,primary,160-study interaction audit + keystones
MGYS00006747,EBI MGnify,primary,160-study interaction audit + keystones
MGYS00001223,EBI MGnify,primary,160-study interaction audit + keystones
MGYS00001224,EBI MGnify,primary,160-study interaction audit + keystones
MGYS00005267,EBI MGnify,primary,160-study interaction audit + keystones
MGYS00000426,EBI MGnify,primary,160-study interaction audit + keystones
MGYS00005228,EBI MGnify,primary,160-study interaction audit + keystones
MGYS00006537,EBI MGnify,primary,160-study interaction audit + keystones
MGYS00006536,EBI MGnify,primary,160-study interaction audit + keystones
MGYS00006538,EBI MGnify,primary,160-study interaction audit + keystones
MGYS00005628,EBI MGnify,primary,160-study interaction audit + keystones
MGYS00006450,EBI MGnify,primary,160-study interaction audit + keystones
MGYS00006456,EBI MGnify,primary,160-study interaction audit + keystones
MGYS00006446,EBI MGnify,primary,160-study interaction audit + keystones
MGYS00006433,EBI MGnify,primary,160-study interaction audit + keystones
MGYS00006430,EBI MGnify,primary,160-study interaction audit + keystones
MGYS00006427,EBI MGnify,primary,160-study interaction audit + keystones
MGYS00006424,EBI MGnify,primary,160-study interaction audit + keystones
MGYS00006652,EBI MGnify,primary,160-study interaction audit + keystones
MGYS00001412,EBI MGnify,primary,160-study interaction audit + keystones
MGYS00001368,EBI MGnify,primary,160-study interaction audit + keystones
MGYS00003172,EBI MGnify,primary,160-study interaction audit + keystones
MGYS00006578,EBI MGnify,primary,160-study interaction audit + keystones
MGYS00000957,EBI MGnify,primary,160-study interaction audit + keystones
MGYS00001704,EBI MGnify,primary,160-study interaction audit + keystones
MGYS00000867,EBI MGnify,primary,160-study interaction audit + keystones
MGYS00006031,EBI MGnify,primary,160-study interaction audit + keystones
MGYS00006021,EBI MGnify,primary,160-study interaction audit + keystones
MGYS00006018,EBI MGnify,primary,160-study interaction audit + keystones
MGYS00001349,EBI MGnify,primary,160-study interaction audit + keystones
MGYS00005260,EBI MGnify,primary,160-study interaction audit + keystones
MGYS00005227,EBI MGnify,primary,160-study interaction audit + keystones
MGYS00000983,EBI MGnify,primary,160-study interaction audit + keystones
MGYS00001347,EBI MGnify,primary,160-study interaction audit + keystones
MGYS00005740,EBI MGnify,primary,160-study interaction audit + keystones
MGYS00005726,EBI MGnify,primary,160-study interaction audit + keystones
MGYS00005169,EBI MGnify,primary,160-study interaction audit + keystones
MGYS00005151,EBI MGnify,primary,160-study interaction audit + keystones
MGYS00006750,EBI MGnify,primary,160-study interaction audit + keystones
MGYS00006533,EBI MGnify,primary,160-study interaction audit + keystones
MGYS00006532,EBI MGnify,primary,160-study interaction audit + keystones
MGYS00005766,EBI MGnify,primary,160-study interaction audit + keystones
MGYS00006062,EBI MGnify,primary,160-study interaction audit + keystones
MGYS00006042,EBI MGnify,primary,160-study interaction audit + keystones
MGYS00005621,EBI MGnify,primary,160-study interaction audit + keystones
MGYS00005611,EBI MGnify,primary,160-study interaction audit + keystones
MGYS00005610,EBI MGnify,primary,160-study interaction audit + keystones
MGYS00005609,EBI MGnify,primary,160-study interaction audit + keystones
MGYS00005600,EBI MGnify,primary,160-study interaction audit + keystones
MGYS00005593,EBI MGnify,primary,160-study interaction audit + keystones
MGYS00005576,EBI MGnify,primary,160-study interaction audit + keystones
MGYS00005187,EBI MGnify,primary,160-study interaction audit + keystones
MGYS00005316,EBI MGnify,primary,160-study interaction audit + keystones
MGYS00005317,EBI MGnify,primary,160-study interaction audit + keystones
MGYS00005309,EBI MGnify,primary,160-study interaction audit + keystones
MGYS00004995,EBI MGnify,primary,160-study interaction audit + keystones
MGYS00003706,EBI MGnify,primary,160-study interaction audit + keystones
MGYS00003681,EBI MGnify,primary,160-study interaction audit + keystones
MGYS00006764,EBI MGnify,primary,160-study interaction audit + keystones
MGYS00006763,EBI MGnify,primary,160-study interaction audit + keystones
MGYS00006762,EBI MGnify,primary,160-study interaction audit + keystones
MGYS00006761,EBI MGnify,primary,160-study interaction audit + keystones
MGYS00006758,EBI MGnify,primary,160-study interaction audit + keystones
MGYS00006041,EBI MGnify,primary,160-study interaction audit + keystones
MGYS00006117,EBI MGnify,primary,160-study interaction audit + keystones
MGYS00006086,EBI MGnify,primary,160-study interaction audit + keystones
MGYS00005503,EBI MGnify,primary,160-study interaction audit + keystones
MGYS00003166,EBI MGnify,primary,160-study interaction audit + keystones
MGYS00004672,EBI MGnify,primary,160-study interaction audit + keystones
MGYS00002905,EBI MGnify,primary,160-study interaction audit + keystones
MGYS00002608,EBI MGnify,primary,160-study interaction audit + keystones
MGYS00002413,EBI MGnify,primary,160-study interaction audit + keystones
MGYS00002065,EBI MGnify,primary,160-study interaction audit + keystones
MGYS00006798,EBI MGnify,primary,160-study interaction audit + keystones
MGYS00006019,EBI MGnify,primary,160-study interaction audit + keystones
MGYS00005862,EBI MGnify,primary,160-study interaction audit + keystones
MGYS00005215,EBI MGnify,primary,160-study interaction audit + keystones
MGYS00005163,EBI MGnify,primary,160-study interaction audit + keystones
MGYS00003800,EBI MGnify,primary,160-study interaction audit + keystones
MGYS00003705,EBI MGnify,primary,160-study interaction audit + keystones
cNODE:Ocean,"github.com/yixueyang/cNODE (6 tables, one repository)",primary,cNODE benchmark
cNODE:Drosophila_Gut,"github.com/yixueyang/cNODE (6 tables, one repository)",primary,cNODE benchmark
cNODE:Soil_Vitro,"github.com/yixueyang/cNODE (6 tables, one repository)",primary,cNODE benchmark
cNODE:Soil_Vivo,"github.com/yixueyang/cNODE (6 tables, one repository)",primary,cNODE benchmark
cNODE:Human_Oral,"github.com/yixueyang/cNODE (6 tables, one repository)",primary,cNODE benchmark
cNODE:Human_Gut,"github.com/yixueyang/cNODE (6 tables, one repository)",primary,cNODE benchmark
MDSINE2:gibson/healthy,github.com/gerberlab/MDSINE2_Paper,primary,forecasting
MDSINE2:gibson/uc,github.com/gerberlab/MDSINE2_Paper,primary,forecasting
41564_2025_2112_MOESM5_ESM,Nature Microbiology Source Data,primary,head-to-head
NCBI Taxonomy,NCBI E-utilities,reference,phylum mapping
BugSigDB genus signatures,BugSigDB,reference,literature cross-check
GTDB r232 bac120 taxonomy,GTDB,reference,taxonomy replication
Madin 2020 condensed_species_NCBI,github bacteria-archaea-traits,reference,traits
KEGG genome list + 10 KO links,KEGG REST,reference,genomic anaerobe index
BV-BRC oxygen_requirement facets,BV-BRC API,reference,third anaerobe source
figshare:4272392,figshare (IJSEM phenotypic db),reference,anaerobe-keystone IJSEM check
OToL synth induced subtree (161 genera; data/otol/induced.tre),Open Tree of Life,reference,anaerobe-keystone PGLS on independent phylogeny
ProTraits_binaryIntegratedPr0.95.txt,ProTraits,reference,anaerobe-keystone ProTraits check (gate failed)
Disbiome experiment dump (10866 records),Disbiome,reference,keystone literature check
Europe PMC TITLE_ABS hit counts for 248 genera (results/keystone_europepmc_counts.csv),Europe PMC,reference,study-bias control of keystone literature link
Wikidata genus Gram-staining table (3117 genera; results/keystone_wikidata_gram.csv),Wikidata,reference,Gram-stain replication
ENA public assembly counts for 200 genera (results/keystone_ena_counts.csv),ENA,reference,sequencing-effort control
GBIF occurrence and country counts for 202 genera (results/keystone_gbif_counts.csv),GBIF,reference,generalism rival
UniProt reference-proteome EC 7.1.1.9 / EC 1.2.7.1 / recA counts for 200 genera (results/keystone_uniprot_counts.csv),UniProt,reference,annotation-pipeline replication of GAI
Crossref works counts for 248 genera (results/keystone_crossref_counts.csv),Crossref,reference,independent literature-volume covariate
Ensembl Genomes genome hit counts for 203 genera (results/keystone_ensembl_counts.csv),EBI Search / Ensembl Bacteria,reference,sequencing-effort covariate (curated archive)
InterPro PFOR/COX1/RecA protein counts for 200 genera (results/keystone_interpro_counts.csv),InterPro,reference,signature-based replication of GAI
HOMD taxon table v4.2 (data/ref/HOMD_taxon_table_v4.2.csv; 121 oral genera),HOMD,reference,oral-origin covariate
RNAcentral rRNA sequence counts for 203 genera (results/keystone_rnacentral_counts.csv),RNAcentral,reference,marker-gene sequencing-effort covariate
