genus,genus_clean,frac_top,p,anaerobe,PFOR,FeFe_H2ase,DSR,coxA,katE,cydA,n_genomes,GAI,genome_mb,gc,n_ref_genomes,mean_ra,log_mb,log_ab
Cardiobacterium,Cardiobacterium,0.4333333333333333,2.302322724161098e-06,0.0,0.0,0.0,0.0,0.0,0.0,0.0,1.0,0.0,2.7131365,58.5,2,0.0026248722265191132,0.4334716440032155,-2.580726410260153
Eikenella,Eikenella,0.3928571428571428,4.232321631540403e-05,0.0,0.0,0.0,0.0,0.0,0.0,0.0,2.0,0.0,2.2359,56.5,5,0.0017694116062033614,0.3494523759499131,-2.7519257519877383
Comamonas,Comamonas,0.2549019607843137,0.0012261499891986,0.0,0.0,0.0,0.0,0.9333333333333332,0.7333333333333333,0.8666666666666667,15.0,-0.9333333333333332,4.870663,63.5,20,0.001145940468227966,0.6875880818806397,-2.9404591235033206
Simonsiella,Simonsiella,0.35,0.0023860894089661,0.0,0.0,0.0,0.0,0.0,1.0,0.0,1.0,0.0,2.469862,41.5,1,0.0006461821914956268,0.3926726883556995,-3.188973441707263
Sutterella,Sutterella,0.2321428571428571,0.0030302254033037,1.0,1.0,0.3333333333333333,0.0,0.0,0.3333333333333333,1.0,3.0,1.0,2.8584389999999997,59.25,6,0.012850174890062831,0.4561289286664125,-1.8910571661111877
Agathobacter,Agathobacter,0.2077922077922078,0.003583040147751,,1.0,0.0,0.0,0.0,0.0,0.0,3.0,1.0,3.1550545,42.5,2,0.006239493071979116,0.49900686559119417,-2.20478109461569
Collinsella,Collinsella,0.208955223880597,0.0058896992767573,1.0,1.0,0.0,0.0,0.0,0.0,0.0,3.0,1.0,2.133572,61.5,12,0.011357553241027777,0.32910730324177206,-1.9446769819570122
Desulfovibrio,Desulfovibrio,0.2058823529411764,0.0067476180354449,1.0,0.9166666666666666,0.6666666666666666,1.0,0.25,0.75,0.8333333333333334,12.0,0.6666666666666666,3.43928,57.0,19,0.011435010873365695,0.5364675342124832,-1.9417254403864102
Solobacterium,Solobacterium,0.2244897959183673,0.0080049718880168,1.0,1.0,0.0,0.0,0.0,0.0,0.0,1.0,1.0,2.615268,37.0,1,0.003804286126002676,0.41751619987914673,-2.419612682317271
Bilophila,Bilophila,0.2142857142857142,0.0084452800290179,1.0,1.0,1.0,1.0,0.0,1.0,1.0,1.0,1.0,4.46153,59.0,1,0.009153762907155676,0.649483817593371,-2.0383528987077053
Barnesiella,Barnesiella,0.2127659574468085,0.0162603599013835,1.0,1.0,0.0,0.0,0.0,0.0,1.0,1.0,1.0,3.354558,44.0,3,0.008040517018098901,0.5256353051885435,-2.094662014629461
Bergeyella,Bergeyella,0.2040816326530612,0.0215012688811389,0.0,0.0,0.0,0.0,0.0,1.0,0.0,2.0,0.0,2.3460335,38.5,4,0.005975320572664036,0.3703342092975277,-2.2235661148062817
Cetobacterium,Cetobacterium,0.2333333333333333,0.0258267886619098,1.0,1.0,0.0,0.0,0.0,0.0,0.0,1.0,1.0,2.7983,28.5,3,0.034622159761525245,0.44689427247187324,-1.4606333002857241
Mogibacterium,Mogibacterium,0.2,0.0319940218418636,1.0,1.0,0.0,0.0,0.0,0.0,0.0,2.0,1.0,1.80621,41.0,5,0.003115345036896996,0.25676824240006624,-2.5063544639248057
Eubacterium,Eubacterium,0.1833333333333333,0.034209123078733,1.0,1.0,0.0,0.0,0.0,0.0,0.0,8.0,1.0,2.9184305,40.0,16,0.001621464126914505,0.46514935540671104,-2.7898248967804813
Subdoligranulum,Subdoligranulum,0.1686746987951807,0.0354670014330848,1.0,1.0,0.0,0.0,0.0,0.0,0.0,1.0,1.0,3.244954,58.0,1,0.015969837667448996,0.5112085446840717,-1.7966723045997681
Slackia,Slackia,0.2051282051282051,0.0366206152215798,1.0,1.0,0.0,0.0,0.0,0.0,1.0,2.0,1.0,2.2189924999999997,60.0,6,0.0014958839577837188,0.3461558343572364,-2.8248118659545964
Enhydrobacter,Enhydrobacter,0.25,0.0431744952844633,0.0,0.0,0.0,0.0,1.0,1.0,1.0,1.0,-1.0,6.769764,64.5,1,0.0028279222768841914,0.8305735290567521,-2.5483789843860647
Fastidiosipila,Fastidiosipila,0.1627906976744186,0.0460600018705894,1.0,0.0,0.0,0.0,0.0,0.0,0.0,1.0,0.0,1.785891,33.5,1,0.003152624492073413,0.25185494864932834,-2.5011900201793487
Stomatobaculum,Stomatobaculum,0.2058823529411764,0.0481443266291247,,1.0,0.0,0.0,0.0,0.0,0.0,1.0,1.0,2.313632,55.0,1,0.0015347467516401386,0.36429428241220324,-2.8136803946125046
Phascolarctobacterium,Phascolarctobacterium,0.1785714285714285,0.0494113454583335,1.0,0.5,0.0,0.0,0.0,0.0,0.0,2.0,0.5,2.4001710000000003,45.25,2,0.01372181935812684,0.3802421840911325,-1.8625566535062046
Propionibacterium,Propionibacterium,0.2142857142857142,0.0550069488682914,0.5,1.0,0.0,0.0,0.0,0.5,1.0,4.0,1.0,2.80895,68.5,5,0.0015802199879390293,0.44854400872192063,-2.8010077044500132
Aggregatibacter,Aggregatibacter,0.1944444444444444,0.0628281423758372,0.0,0.0,0.0,0.0,0.0,0.7,1.0,10.0,0.0,2.223148,42.75,4,0.0033114795544442427,0.34696837562916993,-2.4798467936345916
Fretibacterium,Fretibacterium,0.2068965517241379,0.0637174444522859,1.0,1.0,0.0,0.0,0.0,0.0,0.0,1.0,1.0,2.849698,63.0,1,0.004459365027347599,0.45479883759340767,-2.3506295980421705
Leptotrichia,Leptotrichia,0.1764705882352941,0.0642949935064128,0.8333333333333334,1.0,0.0,0.0,0.0,0.0,0.0,12.0,1.0,2.4299985,29.5,10,0.02172511606920136,0.3856060055152159,-1.6630179046263254
Dolosigranulum,Dolosigranulum,0.1891891891891892,0.0710850582717572,0.0,0.0,0.0,0.0,0.0,0.0,0.0,2.0,0.0,1.9871165,39.5,2,0.00412167734250068,0.2982233295275154,-2.3848206535214316
Cutibacterium,Cutibacterium,0.1666666666666666,0.086189992869628,1.0,1.0,0.0,0.0,0.9375,1.0,1.0,16.0,0.0625,2.518083,61.75,8,0.04954088825488139,0.40107004104107236,-1.3050274446002579
Anaerotruncus,Anaerotruncus,0.1794871794871795,0.0894338897394184,1.0,1.0,0.0,0.0,0.0,0.0,0.0,1.0,1.0,3.486471,54.5,2,0.004446608027363491,0.5423860571524802,-2.3518734945946638
Abiotrophia,Abiotrophia,0.175,0.0995164239655512,0.0,0.0,0.0,0.0,0.0,0.0,0.0,1.0,0.0,2.046826,47.0,1,0.0032905489702294705,0.31108092500166873,-2.48259967928002
Lautropia,Lautropia,0.1607142857142857,0.1029707941707624,0.0,0.0,0.0,0.0,0.0,1.0,1.0,1.0,0.0,3.4996195,65.25,2,0.005314676587287658,0.544020827769281,-2.2744414499695305
Moraxella,Moraxella,0.1818181818181818,0.1061086357508095,0.0,0.0,0.0,0.0,0.0,0.8333333333333334,0.8888888888888888,18.0,0.0,2.2149615000000002,44.0,20,0.009111149992433482,0.3453661818083583,-2.04037914007579
Butyricimonas,Butyricimonas,0.1818181818181818,0.1061086357508095,1.0,1.0,0.0,0.0,0.0,1.0,1.0,3.0,1.0,4.976422,43.5,7,0.002031635366746159,0.6969172013653206,-2.69194052220461
Butyricicoccus,Butyricicoccus,0.1515151515151515,0.1199235489365509,1.0,1.0,0.0,0.0,0.0,0.0,0.0,1.0,1.0,2.993277,53.25,4,0.012137244441856477,0.4761469086226876,-1.9158441208675918
Tumebacillus,Tumebacillus,0.1851851851851851,0.1265574483082461,0.0,0.0,0.0,0.0,1.0,0.5,0.5,2.0,-1.0,4.720451,55.0,7,0.0072822644612490104,0.6739834938574595,-2.1376739201739907
Leuconostoc,Leuconostoc,0.1714285714285714,0.1316357748418372,0.0833333333333333,0.0,0.0,0.0,0.0,0.0,1.0,14.0,0.0,1.918359,37.5,18,0.0024987593295005303,0.2829298839240623,-2.6021018020884688
Marinomonas,Marinomonas,0.2,0.1329533234343351,0.0,0.0,0.0,0.0,0.0,0.0,0.9090909090909092,11.0,0.0,3.9609189999999996,44.5,20,0.0006172749148320921,0.5977959612599552,-3.208818373703299
Finegoldia,Finegoldia,0.1666666666666666,0.1453973013350372,1.0,1.0,0.0,0.0,0.0,0.0,0.0,1.0,1.0,1.9877905,32.0,2,0.007359752055976958,0.2983706107009407,-2.1330778110599105
Alistipes,Alistipes,0.141025641025641,0.1536206356148474,1.0,0.9,0.0,0.0,0.0,0.6,0.8,10.0,0.9,3.301347,58.0,17,0.034602278652688494,0.518691174819557,-1.4608827499554482
Ruminococcus,Ruminococcus,0.1555555555555555,0.1585073853983558,1.0,1.0,0.0,0.0,0.0,0.0,0.0,8.0,1.0,3.228728,43.0,11,0.005177178355363705,0.5090314599831844,-2.2858229949563267
Paucibacter,Paucibacter,0.1363636363636363,0.1670511156120358,0.0,0.5,0.0,0.0,1.0,0.0,1.0,2.0,-0.5,5.3977745,68.0,20,0.05757111499630854,0.7322147373062153,-1.2397878158053481
Carnobacterium,Carnobacterium,0.1818181818181818,0.1719278970664558,0.0,0.2857142857142857,0.0,0.0,0.0,0.5714285714285714,0.4285714285714285,7.0,0.2857142857142857,2.622777,35.0,12,0.002054053205143938,0.41876136653905566,-2.68717692979701
Erysipelothrix,Erysipelothrix,0.1739130434782608,0.19273101351862,0.0,0.0,0.0,0.0,0.0,0.0,0.0,9.0,0.0,1.9203095000000001,36.75,10,0.0010919425142651422,0.2833712304273378,-2.9614026801308
Neisseria,Neisseria,0.1363636363636363,0.2111646675100303,0.0,0.0,0.0,0.0,0.0,0.9347826086956522,0.217391304347826,46.0,0.0,2.35847,51.0,20,0.03208772721004267,0.37263035634287356,-1.4936475087261722
Fluviicola,Fluviicola,0.15625,0.2114982886993275,0.0,0.0,0.0,0.0,1.0,0.5,0.0,2.0,-1.0,4.4526354999999995,39.0,2,0.006285566662027626,0.6486171445321124,-2.2015864748774745
Ezakiella,Ezakiella,0.1666666666666666,0.2142622390466099,,1.0,0.0,0.0,0.0,0.0,0.0,1.0,1.0,1.806048,36.0,3,0.0017285586154387848,0.2567292885345807,-2.762064714985121
Akkermansia,Akkermansia,0.1343283582089552,0.2239069616556361,1.0,1.0,0.0,0.0,0.0,1.0,1.0,3.0,1.0,3.175525,57.0,3,0.02471780643002834,0.5018155361647827,-1.606972503379622
Selenomonas,Selenomonas,0.1515151515151515,0.2303178695829913,1.0,1.0,0.1428571428571428,0.0,0.0,0.0,1.0,7.0,1.0,2.5848215,55.75,2,0.003141236156876861,0.4124305573945024,-2.502761178374867
Methanobrevibacter,Methanobrevibacter,0.1515151515151515,0.2303178695829913,1.0,1.0,0.0,0.0,0.0,0.1111111111111111,0.0,9.0,1.0,2.1215029999999997,28.5,16,0.00797806522002101,0.3266436502353353,-2.0980479850360183
Nocardia,Nocardia,0.16,0.236408642446828,0.0,0.0,0.0,0.0,1.0,1.0,0.9523809523809524,21.0,-1.0,7.9954275,68.25,20,0.0008715245374999364,0.9028416895866264,-3.0592223507860004
Fibrobacter,Fibrobacter,0.16,0.236408642446828,1.0,1.0,0.0,0.0,0.0,0.0,0.0,2.0,1.0,3.6169475,48.0,2,0.005441435109283118,0.5583422050221192,-2.2642067403940382
Megasphaera,Megasphaera,0.1323529411764706,0.2369300182146215,1.0,1.0,0.0,0.0,0.0,0.0,0.0,5.0,1.0,2.520121,49.5,16,0.003474628652745126,0.4014213933096165,-2.458966631152851
Lachnoanaerobaculum,Lachnoanaerobaculum,0.1470588235294117,0.2495917162121227,1.0,1.0,0.0,0.0,0.0,0.0,0.0,2.0,1.0,2.821554,36.5,5,0.0022924447799638355,0.4504883663826348,-2.639511712059447
Kingella,Kingella,0.1470588235294117,0.2495917162121227,0.0,0.0,0.0,0.0,0.0,0.0,0.0,3.0,0.0,2.301481,54.0,7,0.0017530158110192014,0.36200739390337267,-2.7559664961424732
Parabacteroides,Parabacteroides,0.1264367816091954,0.2509802597054413,1.0,0.875,0.0,0.0,0.0,0.75,1.0,8.0,0.875,5.293802,43.5,20,0.01372672370459359,0.7237676936869933,-1.8624014703737144
Corynebacterium,Corynebacterium,0.1208791208791208,0.2999864799367842,0.0679611650485436,0.0227272727272727,0.0,0.0,0.9715909090909092,0.9545454545454546,0.5113636363636364,176.0,-0.9488636363636364,2.647571,58.75,20,0.011820626966843478,0.42284761542532473,-1.9273227489963924
Tannerella,Tannerella,0.1428571428571428,0.3054336969081328,1.0,1.0,0.0,0.0,0.0,0.0,1.0,2.0,1.0,3.1895325,51.75,2,0.007032182632252577,0.503727031787859,-2.1528481050166106
Anaerostipes,Anaerostipes,0.1204819277108433,0.3162541477570478,1.0,1.0,0.0,0.0,0.0,0.0,0.0,3.0,1.0,3.060001,40.0,6,0.007560903017288085,0.48572156840785813,-2.121368896839486
Bradyrhizobium,Bradyrhizobium,0.123076923076923,0.3231424039411192,0.0714285714285714,0.0,0.0,0.0,0.98,0.78,0.84,50.0,-0.98,8.406782,63.5,20,0.004827638676850806,0.9246297856799689,-2.316175291290657
Olsenella,Olsenella,0.1276595744680851,0.3285688971461327,1.0,1.0,0.0,0.0,0.0,0.0,0.0,2.0,1.0,2.252827,65.0,9,0.0023715841856193944,0.35272784248720623,-2.6247783686999093
Pedobacter,Pedobacter,0.131578947368421,0.329863552054893,0.0,0.0,0.0,0.0,1.0,0.6470588235294118,0.8235294117647058,17.0,-1.0,5.145008000000001,38.75,20,0.002202442414405701,0.711386054385751,-2.656898295021381
Atopobium,Atopobium,0.1228070175438596,0.3428914377280611,1.0,1.0,0.0,0.0,0.0,0.0,0.0,1.0,1.0,1.657369,49.0,3,0.005458011384870417,0.2194192113902398,-2.2628859999638236
Gemmata,Gemmata,0.1428571428571428,0.3515911755169639,0.0,0.0,0.0,0.0,1.0,1.0,0.0,3.0,-1.0,9.113587,66.25,4,0.019265186462689526,0.9596893437894329,-1.7152042408252473
Treponema,Treponema,0.125,0.3709823034657993,1.0,0.896551724137931,0.0,0.0,0.0,0.0344827586206896,0.0344827586206896,29.0,0.896551724137931,2.824471,44.0,20,0.0083431203645858,0.4509371200160063,-2.0786194398046316
Marvinbryantia,Marvinbryantia,0.12,0.3838769922757232,1.0,1.0,0.0,0.0,0.0,0.0,0.0,1.0,1.0,4.577574,49.5,1,0.0033215511532404185,0.6606353737343881,-2.4785283240348823
Brevundimonas,Brevundimonas,0.1159420289855072,0.3854441012423575,0.0,0.0,0.0,0.0,1.0,0.6666666666666666,1.0,24.0,-1.0,3.3823915,67.0,20,0.002386399458843624,0.5292238742402301,-2.622074908912313
Stenotrophomonas,Stenotrophomonas,0.1166666666666666,0.3935485978991385,0.0,0.0,0.0,0.0,1.0,1.0,1.0,24.0,-1.0,4.56894,66.5,20,0.0030796215973845223,0.6598154548733872,-2.5113616441889075
Coxiella,Coxiella,0.1212121212121212,0.4230563358743078,0.0,0.0,0.0,0.0,0.0,0.3333333333333333,0.5555555555555556,9.0,0.0,1.296467,38.0,9,0.0011655263122799778,0.1127614668051007,-2.933105460771538
Phenylobacterium,Phenylobacterium,0.1162790697674418,0.4325290574717899,0.0,0.25,0.0,0.0,1.0,0.0,0.75,4.0,-0.75,4.1832665,68.75,16,0.003097976147878981,0.6215155327118012,-2.508781766414607
Coprobacter,Coprobacter,0.125,0.4357262730487911,1.0,1.0,0.0,0.0,0.0,1.0,1.0,2.0,1.0,3.343475,38.5,3,0.0024831722123000053,0.5241980802194425,-2.6048183005006287
Filifactor,Filifactor,0.125,0.4357262730487911,1.0,1.0,0.0,0.0,0.0,0.0,0.0,1.0,1.0,2.370313,39.5,2,0.005996434202469055,0.3748056984140625,-2.2220345079556068
Shewanella,Shewanella,0.125,0.4357262730487911,0.0204081632653061,0.081081081081081,0.1621621621621621,0.0,0.9594594594594594,0.918918918918919,1.0,74.0,-0.8783783783783783,4.96889,44.5,20,0.001578543225529874,0.6962593825531819,-2.8014684847621654
Blautia,Blautia,0.1078431372549019,0.4432030664009525,1.0,1.0,0.0,0.0,0.0,0.2307692307692307,0.0,13.0,1.0,3.740058,43.5,20,0.019800796466098412,0.5728783371963722,-1.703295407722216
Enterobacter,Enterobacter,0.1142857142857142,0.4690151340299661,0.0,0.9821428571428572,0.0,0.0,0.0,0.9821428571428572,1.0,56.0,0.9821428571428572,4.832873,55.5,20,0.003786649151348765,0.6842053827399788,-2.421630256355687
Aeromonas,Aeromonas,0.1111111111111111,0.4914885946337808,0.0,0.9393939393939394,0.0,0.0,0.3333333333333333,0.8787878787878788,1.0,33.0,0.6060606060606062,4.6082735,60.5,20,0.0036169071757153805,0.6635382464602861,-2.4415425799835977
Caulobacter,Caulobacter,0.1111111111111111,0.4914885946337808,0.0,0.0,0.0,0.0,1.0,0.4545454545454545,1.0,11.0,-1.0,5.39348,68.5,13,0.0009755560751977904,0.7318690726291395,-3.010302813871505
Pseudopropionibacterium,Pseudopropionibacterium,0.1111111111111111,0.5154188583079999,1.0,1.0,0.0,0.0,0.0,0.0,1.0,1.0,1.0,3.402349,66.0,3,0.0015063607959149763,0.5317788598351172,-2.821782784234193
Parvimonas,Parvimonas,0.1041666666666666,0.5314392758472106,1.0,0.0,0.0,0.0,0.0,0.0,0.0,3.0,0.0,1.483273,28.25,4,0.0036740391946141378,0.17122109133994093,-2.4347380247664883
Brachybacterium,Brachybacterium,0.1052631578947368,0.5351640227227555,0.0769230769230769,0.0,0.0,0.0,1.0,1.0,1.0,12.0,-1.0,3.6940165,71.25,20,0.005019727352925637,0.5674988309642517,-2.2992333620422847
Sphingobacterium,Sphingobacterium,0.1025641025641025,0.5562806425628786,0.0,0.0,0.0,0.0,1.0,0.9473684210526316,0.7894736842105263,19.0,-1.0,5.2759425,40.0,20,0.007694476136607979,0.72230005373013,-2.1137645042140147
Acinetobacter,Acinetobacter,0.099009900990099,0.5617514622659117,0.0,0.0,0.0,0.0,0.0,0.9444444444444444,1.0,90.0,0.0,3.6519105,40.0,20,0.01619911381233911,0.5625201254251239,-1.7904819343526022
Enterococcus,Enterococcus,0.0989010989010989,0.565055679835745,0.0,0.95,0.0,0.0,0.0,0.275,0.575,40.0,0.95,3.2386109999999997,38.0,20,0.01576108614596849,0.5103587866335016,-1.8023863032345167
Arthrobacter,Arthrobacter,0.1,0.5688015931709377,0.0294117647058823,0.0,0.0,0.0,0.975609756097561,0.975609756097561,0.975609756097561,41.0,-0.975609756097561,3.9220829999999998,66.0,20,0.0019673376373995246,0.5935167800662333,-2.705900403118908
Dorea,Dorea,0.0985915492957746,0.5736490594127721,1.0,1.0,0.0,0.0,0.0,0.0,0.0,2.0,1.0,3.019761,41.5,7,0.005208334844379179,0.47997257193444653,-2.283217726193257
Intestinimonas,Intestinimonas,0.1,0.5768693469069974,1.0,1.0,0.0,0.0,0.0,1.0,0.0,1.0,1.0,3.3345399999999996,59.25,2,0.002031760618643618,0.5230359314338089,-2.691913761609516
Massilia,Massilia,0.0983606557377049,0.5794548905240392,0.0,0.0,0.0,0.0,1.0,1.0,0.9,10.0,-1.0,6.004297,65.5,20,0.002197701648268868,0.7784621662945784,-2.657833698015853
Facklamia,Facklamia,0.1,0.5886487604404943,0.0,0.0,0.0,0.0,0.0,0.0,0.0,1.0,0.0,1.9653665,37.75,4,0.001558261721940946,0.293443549157169,-2.807080982402606
Williamsia,Williamsia,0.1,0.6082530018748321,0.0,0.0,0.0,0.0,1.0,1.0,1.0,1.0,-1.0,4.809572,68.0,9,0.00030451115025329547,0.6821064305716324,-3.514972934668207
Cloacibacterium,Cloacibacterium,0.1,0.6082530018748321,0.0,1.0,0.0,0.0,0.0,1.0,0.0,1.0,1.0,2.759562,33.0,3,0.0017875037010427644,0.44084015594989445,-2.747510156806157
Methylobacterium,Methylobacterium,0.0952380952380952,0.6111403728323437,0.0,0.0,0.0,0.0,1.0,1.0,0.9545454545454546,22.0,-1.0,6.301626499999999,69.75,20,0.008043046310956373,0.7994526587878391,-2.0945254377601654
Peredibacter,Peredibacter,0.0967741935483871,0.6114143824771845,0.0,0.0,0.0,0.0,1.0,0.0,0.0,2.0,-1.0,4.153408,42.5,1,0.0007980120678346696,0.6184045950745567,-3.0974466612937346
Terrisporobacter,Terrisporobacter,0.0967741935483871,0.6114143824771845,1.0,1.0,0.0,0.0,0.0,0.0,0.0,5.0,1.0,4.062251,28.5,7,0.0018830592503094813,0.6087667542601163,-2.7249054435400413
Granulicatella,Granulicatella,0.0952380952380952,0.6117004170520003,0.3333333333333333,0.0,0.0,0.0,0.0,0.0,0.0,2.0,0.0,2.0506935,36.0,4,0.009746194062018041,0.31190075485606944,-2.011120387251802
Halomonas,Halomonas,0.09375,0.6333164809193795,0.0,0.0,0.0,0.0,0.9736842105263158,0.7631578947368421,1.0,38.0,-0.9736842105263158,3.887926,63.0,20,0.012323850230757511,0.589717990282657,-1.9092183494828436
Gordonia,Gordonia,0.0952380952380952,0.6352700362282919,0.0,0.0,0.0,0.0,1.0,0.88,1.0,25.0,-1.0,5.152691,67.5,20,0.0013273371514530882,0.7120340991816967,-2.8766916806668608
Turicibacter,Turicibacter,0.0909090909090909,0.6604455124559978,1.0,1.0,0.0,0.0,0.0,0.0,0.0,5.0,1.0,2.663111,34.5,3,0.00552339176854766,0.4253892684602841,-2.2577155305124235
Hungatella,Hungatella,0.0909090909090909,0.6608011336923114,1.0,1.0,0.0,0.0,0.0,1.0,0.0,1.0,1.0,6.931886,48.5,3,0.0010927350292672675,0.8408514118061544,-2.96108787842779
Limnobacter,Limnobacter,0.0909090909090909,0.6608011336923114,0.0,0.0,0.0,0.0,1.0,1.0,0.5,2.0,-1.0,3.297222,52.5,7,0.0016361579586997555,0.5181481889172452,-2.7859094163228453
Arcobacter,Arcobacter,0.0909090909090909,0.6608011336923114,0.0526315789473684,0.0,0.0,0.0,0.0,0.5384615384615384,0.6923076923076923,13.0,0.0,2.8789325,27.5,18,0.010646153196505569,0.45923148244626993,-1.9727664970440097
Ralstonia,Ralstonia,0.088235294117647,0.6744867738362695,0.0,0.0,0.0,0.0,1.0,0.6875,0.9375,16.0,-1.0,5.521407,64.0,19,0.00842112997325683,0.7420497615105948,-2.0745780606796242
Ilumatobacter,Ilumatobacter,0.0869565217391304,0.6848733113012442,0.0,0.0,0.0,0.0,1.0,1.0,1.0,1.0,-1.0,4.775416,67.5,3,0.0012415988567512687,0.6790112101888872,-2.905669050293839
Weissella,Weissella,0.0869565217391304,0.6880561169183461,0.0555555555555555,0.0,0.0,0.0,0.0,0.3333333333333333,0.7333333333333333,15.0,0.0,1.793601,39.5,20,0.0052342003311239,0.2537258373864693,-2.281066694875872
Sellimonas,Sellimonas,0.0833333333333333,0.7075230420514673,,1.0,0.0,0.0,0.0,0.0,0.0,3.0,1.0,3.22805,45.5,3,0.0023085912867380947,0.5089402529880508,-2.636464867562001
Lachnoclostridium,Lachnoclostridium,0.0869565217391304,0.7120145513804161,1.0,1.0,0.0,0.0,0.0,0.5,0.0,2.0,1.0,3.65804,42.5,7,0.010806335744378715,0.5632484500972863,-1.9662813563820543
Haemophilus,Haemophilus,0.0851063829787234,0.7343157532397324,0.0769230769230769,0.0,0.0,0.0,0.0,0.8695652173913043,1.0,23.0,0.0,2.061978,39.5,11,0.026865281650635238,0.314284027325009,-1.5707924366690142
Microbacterium,Microbacterium,0.0816326530612244,0.7352337339766317,0.0,0.0,0.0,0.0,0.967741935483871,0.5967741935483871,0.9193548387096774,62.0,-0.967741935483871,3.631131,69.75,20,0.002704569880320536,0.5600419172001032,-2.567741244490345
Roseomonas,Roseomonas,0.0789473684210526,0.7463302211239846,0.0,0.0,0.0,0.0,1.0,1.0,1.0,6.0,-1.0,5.1167394999999996,70.5,20,0.0015246183778156285,0.7089933070263715,-2.816554088357538
Actinomyces,Actinomyces,0.0823529411764705,0.7578449260136146,0.4594594594594595,0.0869565217391304,0.0,0.0,0.0,0.391304347826087,0.9565217391304348,23.0,0.0869565217391304,3.1056585,70.0,20,0.02430163497190649,0.4921536987462153,-1.6143466362074734
Peptostreptococcus,Peptostreptococcus,0.0784313725490196,0.763562609007388,1.0,1.0,0.0,0.0,0.0,0.0,0.0,3.0,1.0,2.082949,31.0,7,0.003373744885274103,0.31867863658733836,-2.471759052197516
Bifidobacterium,Bifidobacterium,0.0816326530612244,0.775278475920071,0.8285714285714286,0.0,0.0,0.0,0.0,0.03125,0.109375,64.0,0.0,2.240227,60.5,20,0.019217357100982557,0.35029202719687286,-1.7162837411458252
Fusobacterium,Fusobacterium,0.0808080808080808,0.784763296071283,1.0,1.0,0.0,0.0,0.0,0.0,0.0,17.0,1.0,2.260134,27.75,20,0.024796321582128467,0.35413418858783435,-1.6055952258238149
Dyadobacter,Dyadobacter,0.0714285714285714,0.7848459730887516,0.0,0.0,0.0,0.0,1.0,0.8571428571428571,1.0,7.0,-1.0,6.946576,45.75,20,0.003314016328702471,0.8417707915359445,-2.479514328059234
Gemmatirosa,Gemmatirosa,0.0714285714285714,0.7848459730887516,,1.0,0.0,0.0,1.0,0.0,1.0,1.0,0.0,7.479215,72.5,1,0.0012283810848444808,0.8738560177763877,-2.910313473182675
Faecalitalea,Faecalitalea,0.0714285714285714,0.7848459730887516,1.0,1.0,0.0,0.0,0.0,0.0,0.0,1.0,1.0,1.882013,34.5,1,0.00242281900235698,0.27462261898962564,-2.615499814048851
Paraprevotella,Paraprevotella,0.073170731707317,0.7914253184930894,1.0,1.0,0.0,0.0,0.0,0.0,1.0,1.0,1.0,4.179545,48.25,2,0.003382851762702443,0.6211290055202962,-2.4705886704706166
Psychrobacter,Psychrobacter,0.073170731707317,0.7914253184930894,0.0256410256410256,0.0,0.0,0.0,0.0,0.9444444444444444,0.8888888888888888,18.0,0.0,3.1797370000000003,43.0,20,0.009185014453374492,0.502391200433418,-2.036872875593923
Aquabacterium,Aquabacterium,0.0689655172413793,0.8011278994496028,0.0,0.0,0.0,0.0,1.0,0.5,0.5,2.0,-1.0,4.256308,66.0,7,0.0011870423314418411,0.6290330473557328,-2.925168084620759
Streptomyces,Streptomyces,0.0792079207920792,0.8028386628328019,0.0053475935828877,0.024,0.0,0.0,1.0,0.984,1.0,250.0,-0.976,8.748425999999998,72.0,20,0.034245045451141896,0.9419299226217435,-1.465389571263642
Eggerthella,Eggerthella,0.0666666666666666,0.8163049808073963,1.0,1.0,0.0,0.0,0.0,1.0,1.0,3.0,1.0,4.012476,65.0,5,0.003115378056137362,0.6034124477559223,-2.5063498623810907
Legionella,Legionella,0.0697674418604651,0.8176186853856384,0.0,0.0,0.0,0.0,1.0,0.3,0.9666666666666668,30.0,-1.0,3.4431874999999996,39.0,20,0.0019025240353361579,0.5369606730091059,-2.7204416350839393
Deinococcus,Deinococcus,0.0681818181818181,0.8296311089521422,0.0,0.0,0.0,0.0,0.6153846153846154,0.9230769230769232,0.3461538461538461,26.0,-0.6153846153846154,3.518695,66.5,20,0.0023912260401627475,0.5463816238804847,-2.6211977864907743
Flavonifractor,Flavonifractor,0.0681818181818181,0.8296311089521422,1.0,1.0,0.0,0.0,0.0,0.0,0.0,1.0,1.0,3.351356,58.5,3,0.0041110972465002935,0.5252205635032972,-2.385936623312618
Roseburia,Roseburia,0.0736842105263157,0.848933539294995,1.0,0.7142857142857143,0.0,0.0,0.0,0.0,0.0,7.0,0.7142857142857143,3.385415,42.5,11,0.011778422502833959,0.5296119141327392,-1.928876000718728
Staphylococcus,Staphylococcus,0.0736842105263157,0.848933539294995,0.0833333333333333,0.0,0.0,0.0,0.0,0.982608695652174,0.9130434782608696,115.0,0.0,2.595585,33.25,20,0.049790390041205085,0.41423525568703523,-1.3028457492256802
Helicobacter,Helicobacter,0.0606060606060606,0.8557852795477143,0.0789473684210526,0.0,0.0,0.0,0.0,0.988095238095238,0.0833333333333333,84.0,0.0,1.7171254999999999,38.5,20,0.012082540305926964,0.23480203771517263,-1.917805804947643
Dialister,Dialister,0.0705882352941176,0.8640122599861861,1.0,1.0,0.0,0.0,0.0,0.0,0.0,3.0,1.0,1.7982555,46.0,6,0.008302305815051323,0.2548513972731145,-2.080748966491606
Bacillus,Bacillus,0.0727272727272727,0.870161480012168,0.0112994350282485,0.0462427745664739,0.0,0.0,0.9826589595375722,0.9710982658959536,0.9826589595375722,173.0,-0.9364161849710982,1663.504756,38.75,2,0.017405176662506548,3.2210240468649576,-1.7592966129564935
Dietzia,Dietzia,0.0571428571428571,0.8776235086447748,0.0,0.0,0.0,0.0,1.0,1.0,0.75,8.0,-1.0,3.713155,70.5,13,0.0018265913677129755,0.5697430785662292,-2.738120901920488
Photobacterium,Photobacterium,0.05,0.8784233454094308,0.0625,0.5714285714285714,0.0,0.0,1.0,0.2857142857142857,1.0,7.0,-0.4285714285714286,4.7734385,43.75,20,0.03533844448224297,0.6788313315761717,-1.4517402816598346
Kocuria,Kocuria,0.0612244897959183,0.8799573346772351,0.0,0.0,0.0,0.0,0.8571428571428571,1.0,0.4285714285714285,7.0,-0.8571428571428571,3.296304,70.5,20,0.0039948109152365815,0.5180272574651017,-2.398395071099781
Catenibacterium,Catenibacterium,0.0612244897959183,0.8799573346772351,1.0,1.0,0.0,0.0,0.0,0.0,0.0,1.0,1.0,2.615233,34.25,2,0.0029908121783431994,0.41751038769906423,-2.5240656743334777
Ruminiclostridium,Ruminiclostridium,0.0612244897959183,0.8799573346772351,1.0,1.0,0.0,0.0,0.0,0.0,0.0,3.0,1.0,4.643679000000001,38.0,8,0.009391998091840478,0.6668621909659823,-2.027195765889041
Flavisolibacter,Flavisolibacter,0.0476190476190476,0.8905810108684877,0.0,0.0,0.0,0.0,1.0,0.5,0.0,2.0,-1.0,5.079621,41.5,5,0.003137546200663078,0.7058313099711326,-2.503271473976675
Chryseobacterium,Chryseobacterium,0.0615384615384615,0.9004471748135983,0.0,0.0,0.0,0.0,0.0,1.0,0.8723404255319149,47.0,0.0,4.5062835,35.75,20,0.0044466916740274675,0.6538185106484841,-2.351865326846344
Jeotgalicoccus,Jeotgalicoccus,0.0454545454545454,0.9015229097816388,0.0,0.0,0.0,0.0,1.0,1.0,1.0,1.0,-1.0,2.191063,40.5,7,0.0016605500454919665,0.34065486508193077,-2.7794865733418255
Acidaminococcus,Acidaminococcus,0.0454545454545454,0.9015229097816388,1.0,1.0,0.0,0.0,0.0,0.0,0.0,3.0,1.0,2.487932,53.5,6,0.003942278089797125,0.39583850607169524,-2.4041425943176815
Novosphingobium,Novosphingobium,0.0454545454545454,0.9015229097816388,0.0,0.0588235294117647,0.0,0.0,1.0,0.8235294117647058,0.7058823529411765,17.0,-0.9411764705882352,4.8670645,64.25,20,0.0015257350731039114,0.6872671017003524,-2.81623631741056
Porphyromonas,Porphyromonas,0.0606060606060606,0.9068051410155196,1.0,0.8888888888888888,0.0,0.0,0.0,0.1111111111111111,1.0,9.0,0.8888888888888888,2.2344665,48.0,20,0.01952298954578405,0.34917384793161876,-1.7094314335605643
Lactococcus,Lactococcus,0.0588235294117647,0.918447882785011,0.0,0.9545454545454546,0.0,0.0,0.0,0.0,1.0,22.0,0.9545454545454546,2.259956,38.0,15,0.006314874372791486,0.3540999837742936,-2.199566517002255
Hyphomicrobium,Hyphomicrobium,0.05,0.9195263039855228,0.0,0.0,0.0,0.0,1.0,1.0,1.0,5.0,-1.0,3.653837,61.0,7,0.0021987058317512577,0.5627491692947016,-2.6576353938092603
Leucobacter,Leucobacter,0.0416666666666666,0.9202335569231276,0.0,0.0,0.0,0.0,1.0,0.4166666666666667,0.9166666666666666,12.0,-1.0,3.2766925000000002,67.75,20,0.00040558398607914406,0.5154356870890417,-3.390849730701476
Faecalibaculum,Faecalibaculum,0.04,0.9282102012308148,,1.0,0.0,0.0,0.0,0.0,0.0,1.0,1.0,2.542486,54.0,1,0.003760981932243711,0.4052585701928209,-2.4245832945766286
Oscillibacter,Oscillibacter,0.0571428571428571,0.9287694277368974,1.0,1.0,0.0,0.0,0.0,0.0,0.0,2.0,1.0,2.9660325,58.75,4,0.011067947749622692,0.4721759054561299,-1.9558936626129733
Anaerococcus,Anaerococcus,0.0517241379310344,0.938209796729051,1.0,1.0,0.0,0.0,0.0,0.75,0.0,4.0,1.0,1.905932,32.5,20,0.0057603763952275375,0.28010740178416166,-2.2394737510483345
Gemmatimonas,Gemmatimonas,0.037037037037037,0.94185026299696,0.0,0.0,0.0,0.0,1.0,0.3333333333333333,0.6666666666666666,3.0,-1.0,4.716552,64.5,3,0.006828854910114871,0.673624626899106,-2.1655885221465465
Lawsonella,Lawsonella,0.0454545454545454,0.9428911025791792,,1.0,0.0,0.0,0.0,1.0,0.0,1.0,1.0,1.860551,58.5,1,0.01320319662631797,0.26964157906865655,-1.8792880171280726
Brevibacterium,Brevibacterium,0.0444444444444444,0.9476322185914736,0.0,0.0,0.0,0.0,0.9,1.0,0.8,10.0,-0.9,3.976123,64.5,20,0.005556498706283213,0.5994598106837838,-2.25512062972733
Desulfosporosinus,Desulfosporosinus,0.0344827586206896,0.9528987130275376,1.0,1.0,0.0,1.0,0.0,0.0,1.0,3.0,1.0,5.425743,42.5,15,0.003265173637961745,0.7344592187795769,-2.485960730804462
Intestinibacter,Intestinibacter,0.0344827586206896,0.9528987130275376,1.0,1.0,0.0,0.0,0.0,0.0,0.0,1.0,1.0,3.006269,29.0,1,0.0016719610604626575,0.47802783852259073,-2.77651416747933
Nakamurella,Nakamurella,0.0344827586206896,0.9528987130275376,0.0,0.3333333333333333,0.0,0.0,1.0,0.6666666666666666,1.0,3.0,-0.6666666666666667,4.843278,71.5,11,0.001734813437513189,0.6851393978924805,-2.760496953936319
Iamia,Iamia,0.0333333333333333,0.9576088417247838,0.0,0.5,0.0,0.0,1.0,1.0,0.5,2.0,-0.5,4.576919,75.0,1,0.0017569597890820592,0.6605732265709936,-2.7549910630389807
Medicago,Medicago,0.032258064516129,0.9618479575523056,,0.0,0.0,0.0,0.0,1.0,0.0,1.0,0.0,541.0671245,34.0,6,0.019173479607689337,2.7332511467915923,-1.7172764139018377
Pajaroellobacter,Pajaroellobacter,0.032258064516129,0.9618479575523056,,0.0,0.0,0.0,1.0,0.0,0.0,1.0,-1.0,1.821632,47.5,1,0.0017659004847123772,0.26046064677998626,-2.7527879101182187
Lysobacter,Lysobacter,0.032258064516129,0.9618479575523056,0.0,0.0,0.0,0.0,1.0,0.9375,0.9375,16.0,-1.0,4.069271499999999,67.5,20,0.0015591793408280706,0.609516666756275,-2.806825477122882
Mycobacterium,Mycobacterium,0.05,0.9646937415188622,0.0,0.1363636363636363,0.0,0.0,0.990909090909091,0.5636363636363636,0.9181818181818182,110.0,-0.8545454545454546,6.057791,66.5,20,0.005279484247136291,0.7823142856504377,-2.277326248637434
Altererythrobacter,Altererythrobacter,0.0303030303030303,0.9690968456173674,0.0,0.0,0.0,0.0,1.0,0.1666666666666666,0.5,6.0,-1.0,2.733758,61.25,8,0.0013290661936471082,0.436760066955898,-2.876126744882296
Ferruginibacter,Ferruginibacter,0.0303030303030303,0.9690968456173674,0.0,0.5,0.0,0.0,1.0,0.5,0.0,2.0,-0.5,3.760165,37.0,5,0.002791424395410031,0.5752069026450185,-2.5540185765295327
Gemella,Gemella,0.044776119402985,0.969280674082702,0.1428571428571428,0.0,0.0,0.0,0.0,0.0,1.0,5.0,0.0,1.815277,30.5,8,0.012192598614787623,0.2589429050704985,-1.913868105053964
Nocardioides,Nocardioides,0.044776119402985,0.969280674082702,0.0,0.125,0.0,0.0,0.84375,0.78125,0.84375,32.0,-0.71875,4.397211,72.5,20,0.005742562488466031,0.6431773057236563,-2.24081864955992
Faecalibacterium,Faecalibacterium,0.0515463917525773,0.9708660715848146,1.0,1.0,0.0,0.0,0.0,0.0,0.0,6.0,1.0,2.9354620000000002,56.5,12,0.04044297920003255,0.4676764627422534,-1.3931461216369356
Paracoccus,Paracoccus,0.0384615384615384,0.9717057741118126,0.0,0.0,0.0,0.0,0.967741935483871,0.7096774193548387,0.6129032258064516,31.0,-0.967741935483871,4.3355505,66.0,20,0.002624690606880815,0.6370442492016847,-2.580756449472956
Sphingomonas,Sphingomonas,0.0476190476190476,0.973614419469635,0.0,0.0,0.0,0.0,0.9818181818181818,0.6363636363636364,0.6545454545454545,55.0,-0.9818181818181818,4.3045675,66.25,20,0.017313367123083363,0.6339295223868154,-1.7615933782107274
Paenibacillus,Paenibacillus,0.0428571428571428,0.975818701642854,0.0139860139860139,0.6274509803921569,0.0,0.0,0.6862745098039216,0.9019607843137256,0.803921568627451,102.0,-0.0588235294117647,7.231695,48.25,20,0.0031710584449909265,0.8592401012877967,-2.498658819430342
Clostridium,Clostridium,0.0490196078431372,0.9793640065142518,1.0,1.0,0.4615384615384615,0.0,0.0,0.1282051282051282,0.0128205128205128,78.0,1.0,4.9034875,30.0,20,0.006174912823175706,0.6905050725313406,-2.209298842963925
Hymenobacter,Hymenobacter,0.025,0.9852191170585656,0.0,0.0,0.0,0.0,1.0,0.8518518518518519,0.2592592592592592,27.0,-1.0,4.9143365,59.5,20,0.006983496876196678,0.691464890664557,-2.155864872550687
Rothia,Rothia,0.0389610389610389,0.9863104260537002,0.0,0.0,0.0,0.0,0.8333333333333334,0.8333333333333334,1.0,6.0,-0.8333333333333334,2.506025,59.0,17,0.01801435052092614,0.39898539918322745,-1.744357283481848
Megamonas,Megamonas,0.024390243902439,0.9866972053527088,1.0,0.5,0.0,0.0,0.0,0.0,1.0,2.0,0.5,2.330046,31.5,3,0.005779053016017297,0.36736449499553264,-2.238068178109199
Lactobacillus,Lactobacillus,0.0483870967741935,0.987759962986042,0.1719745222929936,0.0,0.0,0.0,0.0,0.0,0.3,40.0,0.0,1.944524,36.25,20,0.07363863770952399,0.2888133077319963,-1.1328883567940633
Veillonella,Veillonella,0.0421052631578947,0.9884599362038464,1.0,1.0,0.0,0.0,0.0,0.5714285714285714,1.0,7.0,1.0,2.0795165,38.5,20,0.02630214538157462,0.3179623706401313,-1.5799923146211814
Devosia,Devosia,0.0222222222222222,0.9912720364319124,0.0,0.0,0.0,0.0,1.0,0.6428571428571429,0.8571428571428571,14.0,-1.0,4.0070975,62.0,20,0.003094332765659842,0.6028299097391214,-2.5092926550376293
Rhodococcus,Rhodococcus,0.0212765957446808,0.9929303495098488,0.0,0.180327868852459,0.0,0.0,1.0,0.9836065573770492,0.9836065573770492,61.0,-0.819672131147541,6.12844,67.75,20,0.010218102704502088,0.7873499385292637,-1.9905872360595647
Pseudomonas,Pseudomonas,0.0441176470588235,0.994695056461212,0.0,0.0,0.0,0.0,0.8790322580645161,0.9637096774193548,0.9919354838709676,248.0,-0.8790322580645161,6.480494,60.5,20,0.04132154240697933,0.8116081128608306,-1.3838129659676601
Flavobacterium,Flavobacterium,0.027027027027027,0.9962087599681586,0.0192307692307692,0.0149253731343283,0.0,0.0,0.9850746268656716,0.4776119402985074,0.4328358208955223,67.0,-0.9701492537313432,5.338278000000001,34.0,20,0.015822114584731806,0.7274011866718342,-1.8007080269174964
Streptococcus,Streptococcus,0.037037037037037,0.998208418667266,0.1648351648351648,0.053475935828877,0.0,0.0,0.0,0.0053475935828877,0.1711229946524064,187.0,0.053475935828877,2.0658469999999998,39.0,20,0.06571152133502267,0.31509815381658374,-1.1823518689701915
Prevotella,Prevotella,0.0138888888888888,0.9994924712139436,1.0,1.0,0.0,0.0,0.0,0.0,0.9411764705882352,17.0,1.0,3.109817,43.75,20,0.02323430722083213,0.4927348333263366,-1.6338515808382206
Bacteroides,Bacteroides,0.018018018018018,0.999888863354428,1.0,1.0,0.0,0.0,0.0,0.5517241379310345,0.9655172413793104,29.0,1.0,5.3954854999999995,43.0,20,0.0569608986376774,0.7320305297389038,-1.244415543350762
Geodermatophilus,Geodermatophilus,0.0,1.0,0.0,0.0,0.0,0.0,1.0,1.0,1.0,2.0,-1.0,5.0961110000000005,75.0,20,0.001531981777162474,0.707238878935317,-2.814463007653661
Conexibacter,Conexibacter,0.0,1.0,0.0,0.0,0.0,0.0,1.0,0.0,1.0,1.0,-1.0,6.359369,72.5,3,0.00495620238229229,0.8034140254890977,-2.3047633502660037
Exiguobacterium,Exiguobacterium,0.0,1.0,0.0,0.0,0.0,0.0,1.0,1.0,1.0,13.0,-1.0,3.024664,48.0,18,0.0008660979821884445,0.4806771373188447,-3.061931824416037
Aerococcus,Aerococcus,0.0,1.0,0.0,0.0,0.0,0.0,0.0,0.1,0.0,10.0,0.0,1.985575,42.0,13,0.001004564230114246,0.2978862960692403,-2.997590183751193
Acidovorax,Acidovorax,0.0,1.0,0.0,0.0,0.0,0.0,1.0,0.8125,0.375,16.0,-1.0,5.0886495,65.0,12,0.0005874550507767365,0.7066025382267711,-3.2302867051997732
Bdellovibrio,Bdellovibrio,0.0,1.0,0.0,0.0,0.0,0.0,1.0,0.6,0.5,10.0,-1.0,3.6922905,46.0,4,0.0015636826576150844,0.5672958628803612,-2.8055737309748747
Butyrivibrio,Butyrivibrio,0.0,1.0,1.0,1.0,0.0,0.0,0.0,0.0,0.0,3.0,1.0,4.404886,39.5,3,0.002050624062349631,0.6439346731994643,-2.687902215979659
Capnocytophaga,Capnocytophaga,0.0,1.0,0.2857142857142857,0.0,0.0,0.0,0.125,0.3125,0.625,16.0,-0.125,2.83135,38.5,15,0.01812731488011078,0.45199355840546956,-1.741642563928884
Cellvibrio,Cellvibrio,0.0,1.0,0.0,0.0,0.0,0.0,1.0,0.6,1.0,5.0,-1.0,4.391071,49.5,7,0.0017795581987764043,0.6425704593450907,-2.7494438265421737
Haliangium,Haliangium,0.0,1.0,0.0,0.0,0.0,0.0,1.0,1.0,0.0,1.0,-1.0,9.446314,69.5,1,0.007041446779717871,0.9752623776371258,-2.1522764263247502
Micrococcus,Micrococcus,0.0,1.0,0.0,0.0,0.0,0.0,1.0,1.0,0.8571428571428571,7.0,-1.0,2.568106,73.0,11,0.0016177556393721132,0.4096129455124715,-2.7908187055900093
Pseudonocardia,Pseudonocardia,0.0,1.0,0.0,0.0,0.0,0.0,1.0,0.9166666666666666,1.0,12.0,-1.0,7.05462,73.0,20,0.0033185270151393485,0.848473625269984,-2.4789237926057925
Sediminibacterium,Sediminibacterium,0.0,1.0,0.0,0.0,0.0,0.0,1.0,0.0,0.0,2.0,-1.0,3.857482,41.0,7,0.015536857123415007,0.5863039082105163,-1.8086088763746848
Pseudolabrys,Pseudolabrys,0.0,1.0,,0.0,0.0,0.0,1.0,0.0,1.0,1.0,-1.0,5.593741,64.5,1,0.0051678900138011005,0.7477023539062921,-2.286602708866835
Undibacterium,Undibacterium,0.0,1.0,0.0,0.0,0.0,0.0,1.0,0.5,0.0,2.0,-1.0,6.4329205,51.0,4,0.0015569428608319523,0.8084081842894316,-2.8074484745713106
