genus,studies,top,frac_top,p,q_bh,genus_clean,taxid,phylum,anaerobe,gram_neg,motile,spore,genome_size,gc_content,doubling_h
Cardiobacterium,30,13,0.4333333333333333,2.302322724161098e-06,0.0005709760355919,Cardiobacterium,2717.0,Pseudomonadota,0.0,1.0,,,2555040.625,59.3,
Eikenella,28,11,0.3928571428571428,4.232321631540403e-05,0.0052480788231101,Eikenella,538.0,Pseudomonadota,0.0,1.0,1.0,0.0,2244536.692,55.7,
Comamonas,51,13,0.2549019607843137,0.0012261499891986,0.0986250289039328,Comamonas,283.0,Pseudomonadota,0.0,1.0,0.9090909090909091,0.0,4522912.0,65.155,
Johnsonella,35,10,0.2857142857142857,0.0017422103851516,0.0986250289039328,Johnsonella,43994.0,Bacillota,,1.0,0.0,0.0,2672404.0,,
Simonsiella,20,7,0.35,0.0023860894089661,0.0986250289039328,Simonsiella,71.0,Pseudomonadota,0.0,1.0,1.0,0.0,2406700.5,41.4,
Desulfobulbus,20,7,0.35,0.0023860894089661,0.0986250289039328,Desulfobulbus,893.0,Thermodesulfobacteriota,1.0,1.0,0.75,0.0,4376325.5,57.7,
Sutterella,56,13,0.2321428571428571,0.0030302254033037,0.1073565571456185,Sutterella,40544.0,Pseudomonadota,1.0,1.0,0.0,0.0,2592017.625,58.295,
Agathobacter,77,16,0.2077922077922078,0.003583040147751,0.1110742445802834,Agathobacter,1766253.0,Bacillota,,,,,,,
Collinsella,67,14,0.208955223880597,0.0058896992767573,0.1611099574766492,Collinsella,102106.0,Actinomycetota,1.0,0.0,0.0,0.0,2399821.0,62.5,
Desulfovibrio,68,14,0.2058823529411764,0.0067476180354449,0.1611099574766492,Desulfovibrio,872.0,Thermodesulfobacteriota,1.0,1.0,0.9473684210526315,0.0,3701969.75,60.8,20.0
Anaerosporobacter,30,8,0.2666666666666666,0.0077836192379213,0.1611099574766492,Anaerosporobacter,653683.0,Bacillota,1.0,0.0,1.0,1.0,5217774.0,,
Solobacterium,49,11,0.2244897959183673,0.0080049718880168,0.1611099574766492,Solobacterium,123375.0,Bacillota,1.0,0.0,,0.0,2174775.0,36.77,
Bilophila,56,12,0.2142857142857142,0.0084452800290179,0.1611099574766492,Bilophila,35832.0,Thermodesulfobacteriota,1.0,1.0,,0.0,4510768.0,58.52,
Barnesiella,47,10,0.2127659574468085,0.0162603599013835,0.2880406611102225,Barnesiella,397864.0,Bacteroidota,1.0,1.0,0.0,0.0,3255281.5,47.805,
Bergeyella,49,10,0.2040816326530612,0.0215012688811389,0.3504201263576335,Bergeyella,59735.0,Bacteroidota,0.0,,,0.0,2377063.0,36.18,
Anaerovorax,23,6,0.2608695652173913,0.0226077500875892,0.3504201263576335,Anaerovorax,109326.0,Bacillota,1.0,0.0,1.0,0.0,3263909.0,31.5,
Odoribacter,57,11,0.1929824561403508,0.0242384045634919,0.3535955489262357,Odoribacter,283168.0,Bacteroidota,1.0,1.0,0.0,0.0,4072859.2145,43.387,
Cetobacterium,30,7,0.2333333333333333,0.0258267886619098,0.3558357548974252,Cetobacterium,180162.0,Fusobacteriota,1.0,1.0,,0.0,2822777.5,,
Mogibacterium,45,9,0.2,0.0319940218418636,0.4128142079523551,Mogibacterium,86331.0,Bacillota,1.0,0.0,,0.0,1811020.0,41.0,
Eubacterium,60,11,0.1833333333333333,0.034209123078733,0.4128142079523551,Eubacterium,1730.0,Bacillota,1.0,0.05,0.5,0.0,2933308.0,39.099999999999994,
Subdoligranulum,83,14,0.1686746987951807,0.0354670014330848,0.4128142079523551,Subdoligranulum,292632.0,Bacillota,1.0,1.0,0.0,0.0,3241471.0,57.918,
Slackia,39,8,0.2051282051282051,0.0366206152215798,0.4128142079523551,Slackia,84108.0,Actinomycetota,1.0,0.0,0.0,0.0,2100457.0,60.2,
Campylobacter,69,12,0.1739130434782608,0.0400178951487547,0.43149730421266,Campylobacter,194.0,Campylobacterota,0.16129032258064516,1.0,0.8695652173913043,0.0,1738630.0,32.209,1.145
Enhydrobacter,20,5,0.25,0.0431744952844633,0.4461364512727883,Enhydrobacter,212791.0,Pseudomonadota,0.0,1.0,0.0,,4109402.667,,
Fastidiosipila,86,14,0.1627906976744186,0.0460600018705894,0.453852358283953,Fastidiosipila,236752.0,Bacillota,1.0,0.0,0.0,0.0,1785890.0,33.7,
Stomatobaculum,34,7,0.2058823529411764,0.0481443266291247,0.453852358283953,Stomatobaculum,1213720.0,Bacillota,,1.0,0.0,0.0,2308581.0,,
Phascolarctobacterium,56,10,0.1785714285714285,0.0494113454583335,0.453852358283953,Phascolarctobacterium,33024.0,Bacillota,1.0,1.0,,0.0,2219696.0,47.64,
Fournierella,28,6,0.2142857142857142,0.0550069488682914,0.470404252390906,Fournierella,,,1.0,,,,3828233.0,,
Propionibacterium,28,6,0.2142857142857142,0.0550069488682914,0.470404252390906,Propionibacterium,1743.0,Actinomycetota,0.5,0.0,0.0,0.0,2617564.907,57.416,
Moryella,43,8,0.1860465116279069,0.0606693515912235,0.4831866178663752,Moryella,437755.0,Bacillota,1.0,0.0,0.0,0.0,,,
Aggregatibacter,36,7,0.1944444444444444,0.0628281423758372,0.4831866178663752,Aggregatibacter,416916.0,Pseudomonadota,0.0,1.0,0.0,0.0,2139861.133,42.6,
Fretibacterium,29,6,0.2068965517241379,0.0637174444522859,0.4831866178663752,Fretibacterium,1434006.0,Synergistota,1.0,1.0,1.0,,2728333.0,56.73,
Leptotrichia,51,9,0.1764705882352941,0.0642949935064128,0.4831866178663752,Leptotrichia,32067.0,Fusobacteriota,0.8333333333333334,1.0,0.0,0.0,2369937.5,29.885,
Dolosigranulum,37,7,0.1891891891891892,0.0710850582717572,0.5185027779822297,Dolosigranulum,29393.0,Bacillota,0.0,0.0,,,1846028.0,,
Anaeroplasma,30,6,0.2,0.0731901083998799,0.5186041966620062,Anaeroplasma,2086.0,Mycoplasmatota,,1.0,,,2199979.0,,
Papillibacter,24,5,0.2083333333333333,0.0850748858786708,0.5777058981531825,Papillibacter,100175.0,Bacillota,1.0,0.0,0.0,0.0,2890610.0,,
Cutibacterium,54,9,0.1666666666666666,0.086189992869628,0.5777058981531825,Cutibacterium,1912216.0,Actinomycetota,1.0,0.0,0.0,0.0,2526263.425,60.2,5.1
Anaerotruncus,39,7,0.1794871794871795,0.0894338897394184,0.5836738067204149,Anaerotruncus,244127.0,Bacillota,1.0,0.0,0.0,0.0,3563075.5,54.2,
Abiotrophia,40,7,0.175,0.0995164239655512,0.6265462301476376,Abiotrophia,46123.0,Bacillota,0.0,0.0,0.0,0.0,2041839.0,37.1,
Lautropia,56,9,0.1607142857142857,0.1029707941707624,0.6265462301476376,Lautropia,47670.0,Pseudomonadota,0.0,1.0,,0.0,3137198.0,,
Moraxella,33,6,0.1818181818181818,0.1061086357508095,0.6265462301476376,Moraxella,475.0,Pseudomonadota,0.0,1.0,0.0,0.0,2396277.25,43.468,
Butyricimonas,33,6,0.1818181818181818,0.1061086357508095,0.6265462301476376,Butyricimonas,574697.0,Bacteroidota,1.0,1.0,0.0,0.0,4744699.0,43.55,
Butyricicoccus,66,10,0.1515151515151515,0.1199235489365509,0.6729066165656145,Butyricicoccus,580596.0,Bacillota,1.0,0.0,0.0,0.0,3285179.0,,
Enterorhabdus,42,7,0.1666666666666666,0.1214472068150656,0.6729066165656145,Enterorhabdus,580024.0,Actinomycetota,1.0,0.0,0.0,0.0,2978365.0,,
Hydrogenoanaerobacterium,27,5,0.1851851851851851,0.1265574483082461,0.6729066165656145,Hydrogenoanaerobacterium,596767.0,Bacillota,1.0,0.0,0.0,0.0,3178920.0,,
Tumebacillus,27,5,0.1851851851851851,0.1265574483082461,0.6729066165656145,Tumebacillus,432330.0,Bacillota,0.0,0.0,0.5,1.0,4689798.0,53.0,
Leuconostoc,35,6,0.1714285714285714,0.1316357748418372,0.6729066165656145,Leuconostoc,1243.0,Bacillota,0.08333333333333333,0.0,0.0,0.0,1905964.9665,37.1755,
Saccharofermentans,20,4,0.2,0.1329533234343351,0.6729066165656145,Saccharofermentans,1200657.0,Bacillota,1.0,0.0,0.0,1.0,,,
Marinomonas,20,4,0.2,0.1329533234343351,0.6729066165656145,Marinomonas,28253.0,Pseudomonadota,0.0,1.0,1.0,0.0,3882569.333,44.1,
Parasutterella,60,9,0.15,0.1416356047983447,0.691053967992992,Parasutterella,577310.0,Pseudomonadota,1.0,1.0,0.0,0.0,2831860.0,48.14,
Ammopiptanthus,28,5,0.1785714285714285,0.1421119047082362,0.691053967992992,Ammopiptanthus,,,,,,,,,
Finegoldia,36,6,0.1666666666666666,0.1453973013350372,0.6934332832901777,Finegoldia,150022.0,Bacillota,1.0,0.0,0.0,0.0,1957807.545,31.77,
Alistipes,78,11,0.141025641025641,0.1536206356148474,0.718828634575135,Alistipes,239759.0,Bacteroidota,1.0,0.8888888888888888,0.1111111111111111,0.0,3311993.0,56.6,
Ruminococcus,45,7,0.1555555555555555,0.1585073853983558,0.7279598440517083,Ruminococcus,1263.0,Bacillota,1.0,0.0,0.0,0.0,3070687.0,42.623,
Paucibacter,88,12,0.1363636363636363,0.1670511156120358,0.753248666759725,Paucibacter,,,0.0,1.0,1.0,,,,
Carnobacterium,22,4,0.1818181818181818,0.1719278970664558,0.7613949727228759,Carnobacterium,2747.0,Bacillota,0.0,0.0,0.3333333333333333,0.0,2601629.5,35.2,
Erysipelothrix,23,4,0.1739130434782608,0.19273101351862,0.8385489710985572,Erysipelothrix,1647.0,Bacillota,0.0,0.0,0.0,0.0,1931566.5,36.8,
Oribacterium,65,9,0.1384615384615384,0.198722696795465,0.8497108414702642,Oribacterium,265975.0,Bacillota,1.0,0.0,1.0,0.0,2515191.0,43.0,
Neisseria,66,9,0.1363636363636363,0.2111646675100303,0.8710989390747419,Neisseria,482.0,Pseudomonadota,0.0,1.0,0.0,0.0,2307428.0,51.025,0.58
Fluviicola,32,5,0.15625,0.2114982886993275,0.8710989390747419,Fluviicola,332102.0,Bacteroidota,0.0,1.0,1.0,0.0,4633577.6,36.495,
Ezakiella,24,4,0.1666666666666666,0.2142622390466099,0.8710989390747419,Ezakiella,1582879.0,Bacillota,,,,,1741782.5,36.7,
Akkermansia,67,9,0.1343283582089552,0.2239069616556361,0.8769946942869572,Akkermansia,239934.0,Verrucomicrobiota,1.0,1.0,0.0,0.0,2880686.548,56.6835,
Selenomonas,33,5,0.1515151515151515,0.2303178695829913,0.8769946942869572,Selenomonas,970.0,Bacillota,1.0,0.8571428571428571,1.0,0.0,2409106.0,55.95,2.545
Methanobrevibacter,33,5,0.1515151515151515,0.2303178695829913,0.8769946942869572,Methanobrevibacter,2172.0,Methanobacteriota,1.0,0.0,0.0,0.0,2213230.25,31.4825,25.75
Nocardia,25,4,0.16,0.236408642446828,0.8769946942869572,Nocardia,1817.0,Actinomycetota,0.0,0.0,0.0,0.8,7646102.0,68.09,
Fibrobacter,25,4,0.16,0.236408642446828,0.8769946942869572,Fibrobacter,832.0,Fibrobacterota,1.0,1.0,0.0,0.0,3549223.111,48.062,
Megasphaera,68,9,0.1323529411764706,0.2369300182146215,0.8769946942869572,Megasphaera,906.0,Bacillota,1.0,1.0,0.0,0.0,2661757.0,49.0,
Lachnoanaerobaculum,34,5,0.1470588235294117,0.2495917162121227,0.8891872058135635,Lachnoanaerobaculum,1164882.0,Bacillota,1.0,0.0,,1.0,2841332.3334999997,,
Kingella,34,5,0.1470588235294117,0.2495917162121227,0.8891872058135635,Kingella,32257.0,Pseudomonadota,0.0,1.0,0.5,0.0,2186592.0,50.425,
Parabacteroides,87,11,0.1264367816091954,0.2509802597054413,0.8891872058135635,Parabacteroides,375288.0,Bacteroidota,1.0,0.8333333333333334,0.0,0.0,4633018.6,44.706500000000005,
Catonella,35,5,0.1428571428571428,0.2692510397738372,0.940482505125516,Catonella,43996.0,Bacillota,1.0,,,0.0,2041839.0,47.0,
Corynebacterium,91,11,0.1208791208791208,0.2999864799367842,1.0,Corynebacterium,1716.0,Actinomycetota,0.06796116504854369,0.0,0.0,0.0,2602438.6665000003,59.8315,0.617
Tannerella,28,4,0.1428571428571428,0.3054336969081328,1.0,Tannerella,195950.0,Bacteroidota,1.0,1.0,0.0,0.0,3378253.0,47.084,
Candidatus_Soleaferrea,37,5,0.1351351351351351,0.3094535637428832,1.0,Candidatus_Soleaferrea,1470353.0,Bacillota,,,,,,,
Lachnospira,55,7,0.1272727272727272,0.3095572392044166,1.0,Lachnospira,28050.0,Bacillota,1.0,0.0,,1.0,2714589.5,,4.0
Anaerostipes,83,10,0.1204819277108433,0.3162541477570478,1.0,Anaerostipes,207244.0,Bacillota,1.0,0.0,0.0,0.3333333333333333,3351944.4375,40.6135,
Bradyrhizobium,65,8,0.123076923076923,0.3231424039411192,1.0,Bradyrhizobium,374.0,Pseudomonadota,0.07142857142857142,1.0,1.0,0.0,8678936.0,63.745,15.996
Olsenella,47,6,0.1276595744680851,0.3285688971461327,1.0,Olsenella,133925.0,Actinomycetota,1.0,0.0,0.0,0.0,2315525.5,64.7,
Acetitomaculum,29,4,0.1379310344827586,0.328952034984918,1.0,Acetitomaculum,31980.0,Bacillota,,0.0,,,3082721.0,,
Pedobacter,38,5,0.131578947368421,0.329863552054893,1.0,Pedobacter,84567.0,Bacteroidota,0.0,1.0,0.29411764705882354,0.0,5692362.0,40.849999999999994,
Atopobium,57,7,0.1228070175438596,0.3428914377280611,1.0,Atopobium,1380.0,Actinomycetota,1.0,0.0,0.0,0.0,1583720.25,45.7,
Gemmata,21,3,0.1428571428571428,0.3515911755169639,1.0,Gemmata,113.0,Planctomycetota,0.0,1.0,,0.0,9180527.0,67.288,
Negativibacillus,58,7,0.1206896551724138,0.3597233721407732,1.0,Negativibacillus,1980693.0,Bacillota,,,,,,,
Treponema,40,5,0.125,0.3709823034657993,1.0,Treponema,157.0,Spirochaetota,1.0,1.0,1.0,0.0,2816576.5834999997,45.645,4.0
Anaerofilum,22,3,0.1363636363636363,0.3799590615880966,1.0,Anaerofilum,52784.0,Bacillota,,0.0,,,,,
Phaselicystis,22,3,0.1363636363636363,0.3799590615880966,1.0,Phaselicystis,651810.0,Myxococcota,0.0,1.0,,1.0,,,
Marvinbryantia,50,6,0.12,0.3838769922757232,1.0,Marvinbryantia,248744.0,Bacillota,1.0,0.0,0.0,0.0,4548960.0,49.5,
Brevundimonas,69,8,0.1159420289855072,0.3854441012423575,1.0,Brevundimonas,41275.0,Pseudomonadota,0.0,1.0,1.0,0.0,3225878.0,67.161,
Stenotrophomonas,60,7,0.1166666666666666,0.3935485978991385,1.0,Stenotrophomonas,40323.0,Pseudomonadota,0.0,1.0,0.625,0.0,4039330.714,65.713,
Coxiella,33,4,0.1212121212121212,0.4230563358743078,1.0,Coxiella,776.0,Pseudomonadota,0.0,1.0,1.0,1.0,1358479.6400000001,38.2745,9.6
Phenylobacterium,43,5,0.1162790697674418,0.4325290574717899,1.0,Phenylobacterium,20.0,Pseudomonadota,0.0,1.0,0.6,0.0,3328570.0,70.232,7.5
Coprobacter,24,3,0.125,0.4357262730487911,1.0,Coprobacter,1348911.0,Bacteroidota,1.0,1.0,0.0,0.0,3775575.5,38.3,
Filifactor,24,3,0.125,0.4357262730487911,1.0,Filifactor,44259.0,Bacillota,1.0,0.5,,0.0,1931011.6,35.4,
Shewanella,24,3,0.125,0.4357262730487911,1.0,Shewanella,22.0,Pseudomonadota,0.02040816326530612,1.0,1.0,0.0,4828833.143,45.1365,1.2365
Blautia,102,11,0.1078431372549019,0.4432030664009525,1.0,Blautia,572511.0,Bacillota,1.0,0.0,0.0,0.0,3718704.125,41.5875,1.8
Holdemania,34,4,0.1176470588235294,0.4461849518292653,1.0,Holdemania,61170.0,Bacillota,1.0,0.0,0.0,0.0,3780530.5,50.2,
Enterobacter,35,4,0.1142857142857142,0.4690151340299661,1.0,Enterobacter,547.0,Pseudomonadota,0.0,1.0,0.8571428571428571,0.0,4932898.857,55.1075,
Aeromonas,36,4,0.1111111111111111,0.4914885946337808,1.0,Aeromonas,642.0,Pseudomonadota,0.0,1.0,0.9375,0.0,4535085.25,61.079,4.2675
Caulobacter,36,4,0.1111111111111111,0.4914885946337808,1.0,Caulobacter,75.0,Pseudomonadota,0.0,1.0,1.0,0.0,4616425.6,66.74549999999999,1.42
Pseudopropionibacterium,27,3,0.1111111111111111,0.5154188583079999,1.0,Pseudopropionibacterium,,,1.0,0.0,0.0,0.0,3430559.857,66.117,
Parvimonas,48,5,0.1041666666666666,0.5314392758472106,1.0,Parvimonas,543311.0,Bacillota,1.0,0.0,0.0,0.0,1647684.0,28.678,
Mycoplasma,48,5,0.1041666666666666,0.5314392758472106,1.0,Mycoplasma,2093.0,Mycoplasmatota,0.0425531914893617,0.9915254237288136,0.14285714285714285,0.0,842941.0,27.8,3.115
Brachybacterium,38,4,0.1052631578947368,0.5351640227227555,1.0,Brachybacterium,43668.0,Actinomycetota,0.07692307692307693,0.0,0.0,0.0,3667820.8,72.0,
Sphingobacterium,39,4,0.1025641025641025,0.5562806425628786,1.0,Sphingobacterium,28453.0,Bacteroidota,0.0,1.0,0.041666666666666664,0.0,5050264.0,39.85,
Acinetobacter,101,10,0.099009900990099,0.5617514622659117,1.0,Acinetobacter,469.0,Pseudomonadota,0.0,1.0,0.034482758620689655,0.0,3606609.167,38.8225,0.73
Enterococcus,91,9,0.0989010989010989,0.565055679835745,1.0,Enterococcus,1350.0,Bacillota,0.0,0.0,0.0,0.0625,3050178.496,38.0825,0.4515
Arthrobacter,50,5,0.1,0.5688015931709377,1.0,Arthrobacter,1663.0,Actinomycetota,0.029411764705882353,0.0,0.23529411764705882,0.0,4251942.5625,65.509,11.11
Dorea,71,7,0.0985915492957746,0.5736490594127721,1.0,Dorea,189330.0,Bacillota,1.0,0.0,0.0,0.0,3531209.0,40.9125,
Intestinimonas,40,4,0.1,0.5768693469069974,1.0,Intestinimonas,1392389.0,Bacillota,1.0,0.0,0.0,1.0,3231847.875,59.223,
Massilia,61,6,0.0983606557377049,0.5794548905240392,1.0,Massilia,149698.0,Pseudomonadota,0.0,1.0,0.8823529411764706,0.0,6113501.0,65.60749999999999,
Facklamia,30,3,0.1,0.5886487604404943,1.0,Facklamia,66831.0,Bacillota,0.0,0.0,0.0,0.0,1903811.5,38.87,
Williamsia,20,2,0.1,0.6082530018748321,1.0,Williamsia,85043.0,Actinomycetota,0.0,0.0,0.0,0.75,4744957.0,66.675,
Cloacibacterium,20,2,0.1,0.6082530018748321,1.0,Cloacibacterium,501783.0,Bacteroidota,0.0,1.0,0.5,0.0,2736266.0,,
Methylobacterium,84,8,0.0952380952380952,0.6111403728323437,1.0,Methylobacterium,407.0,Pseudomonadota,0.0,1.0,0.8333333333333334,0.0,6116904.8,68.293,4.2
Peredibacter,31,3,0.0967741935483871,0.6114143824771845,1.0,Peredibacter,263370.0,Bdellovibrionota,0.0,1.0,,0.0,,,
Terrisporobacter,31,3,0.0967741935483871,0.6114143824771845,1.0,Terrisporobacter,1505652.0,Bacillota,1.0,0.0,1.0,1.0,3995327.8334999997,,5.0
Granulicatella,63,6,0.0952380952380952,0.6117004170520003,1.0,Granulicatella,117563.0,Bacillota,0.3333333333333333,0.0,0.0,0.0,1923088.0,35.45,
Halomonas,32,3,0.09375,0.6333164809193795,1.0,Halomonas,2745.0,Pseudomonadota,0.0,1.0,0.8085106382978723,0.0,3824363.0,59.9095,1.77
Gordonia,21,2,0.0952380952380952,0.6352700362282919,1.0,Gordonia,2053.0,Actinomycetota,0.0,0.0,0.0,0.0,4941607.0,67.58,
Acidibacter,33,3,0.0909090909090909,0.6543424954238868,1.0,Acidibacter,1549619.0,Pseudomonadota,,,,,,,
Turicibacter,77,7,0.0909090909090909,0.6604455124559978,1.0,Turicibacter,191303.0,Bacillota,1.0,0.0,,0.0,2953411.0,34.1,
Alloprevotella,77,7,0.0909090909090909,0.6604455124559978,1.0,Alloprevotella,1283313.0,Bacteroidota,1.0,1.0,0.0,0.0,2585744.5,46.6,
Hungatella,22,2,0.0909090909090909,0.6608011336923114,1.0,Hungatella,1649459.0,Bacillota,1.0,0.0,1.0,1.0,6757502.333,48.7,
Limnobacter,22,2,0.0909090909090909,0.6608011336923114,1.0,Limnobacter,131079.0,Pseudomonadota,0.0,1.0,1.0,0.0,,,
Arcobacter,22,2,0.0909090909090909,0.6608011336923114,1.0,Arcobacter,28196.0,Campylobacterota,0.05263157894736842,1.0,0.9166666666666666,0.0,2661980.0,27.2,1.22
Peptoniphilus,56,5,0.0892857142857142,0.6706712131335167,1.0,Peptoniphilus,162289.0,Bacillota,1.0,0.0,0.0,0.3333333333333333,1838015.0,31.795,
Ralstonia,34,3,0.088235294117647,0.6744867738362695,1.0,Ralstonia,48736.0,Pseudomonadota,0.0,1.0,1.0,0.0,5590453.685,64.029,1.0
Ilumatobacter,23,2,0.0869565217391304,0.6848733113012442,1.0,Ilumatobacter,682522.0,Actinomycetota,0.0,0.3333333333333333,0.0,0.0,4555481.375,67.15,
Peptococcus,57,5,0.087719298245614,0.6860039469102792,1.0,Peptococcus,2740.0,Bacillota,1.0,1.0,,,1968473.0,,
Weissella,46,4,0.0869565217391304,0.6880561169183461,1.0,Weissella,46255.0,Bacillota,0.05555555555555555,0.0,0.07142857142857142,0.0,1830577.5,38.7405,
Candidatus_Saccharimonas,47,4,0.0851063829787234,0.7044129671607624,1.0,Candidatus_Saccharimonas,,,,,,,,,
Caproiciproducens,24,2,0.0833333333333333,0.7075230420514673,1.0,Caproiciproducens,1738645.0,Bacillota,,,,,,,
Sellimonas,24,2,0.0833333333333333,0.7075230420514673,1.0,Sellimonas,1769710.0,Bacillota,,,,,3185562.0,,
Lachnoclostridium,92,8,0.0869565217391304,0.7120145513804161,1.0,Lachnoclostridium,1506553.0,Bacillota,1.0,0.08,0.9333333333333333,0.9411764705882353,4864209.9305,48.224999999999994,
Haemophilus,94,8,0.0851063829787234,0.7343157532397324,1.0,Haemophilus,724.0,Pseudomonadota,0.07692307692307693,1.0,0.0,0.0,2048028.341,38.525,1.1560000000000001
Microbacterium,49,4,0.0816326530612244,0.7352337339766317,1.0,Microbacterium,33882.0,Actinomycetota,0.0,0.0,0.2894736842105263,0.1111111111111111,3515331.0,70.018,
Roseomonas,38,3,0.0789473684210526,0.7463302211239846,1.0,Roseomonas,125216.0,Pseudomonadota,0.0,1.0,0.3,0.25,5845233.0,66.545,
Planococcus,26,2,0.0769230769230769,0.7487357043078514,1.0,Planococcus,1372.0,Bacillota,0.0,0.0,0.8,0.0,3485580.0,42.0205,
Actinomyces,85,7,0.0823529411764705,0.7578449260136146,1.0,Actinomyces,1654.0,Actinomycetota,0.4594594594594595,0.0,0.0,0.0,2532235.0,68.5,
Shuttleworthia,51,4,0.0784313725490196,0.763562609007388,1.0,Shuttleworthia,,,1.0,0.0,0.0,0.0,2168977.0,51.28,
Peptostreptococcus,51,4,0.0784313725490196,0.763562609007388,1.0,Peptostreptococcus,1257.0,Bacillota,1.0,0.0,0.0,0.5,2074148.0,36.28,
Candidatus_Stoquefichus,27,2,0.074074074074074,0.7674010519878396,1.0,Candidatus_Stoquefichus,1470349.0,Bacillota,,,,,,,
Pirellula,27,2,0.074074074074074,0.7674010519878396,1.0,Pirellula,123.0,Planctomycetota,0.0,1.0,1.0,0.0,6196199.2,57.5,
Vibrio,27,2,0.074074074074074,0.7674010519878396,1.0,Vibrio,662.0,Pseudomonadota,0.01098901098901099,1.0,0.8688524590163934,0.0,4808162.066,44.706,0.315
Arenimonas,27,2,0.074074074074074,0.7674010519878396,1.0,Arenimonas,490567.0,Pseudomonadota,0.0,1.0,0.5714285714285714,0.0,3092383.0,68.19999999999999,
Bifidobacterium,98,8,0.0816326530612244,0.775278475920071,1.0,Bifidobacterium,1678.0,Actinomycetota,0.8285714285714286,0.0,0.041666666666666664,0.0,2206595.8125,60.212500000000006,1.51
Fusobacterium,99,8,0.0808080808080808,0.784763296071283,1.0,Fusobacterium,848.0,Fusobacteriota,1.0,1.0,0.0,0.0,2359515.9885,28.6,0.47
Dyadobacter,28,2,0.0714285714285714,0.7848459730887516,1.0,Dyadobacter,120831.0,Bacteroidota,0.0,1.0,0.0,0.0,6967790.0,51.5,
Gemmatirosa,28,2,0.0714285714285714,0.7848459730887516,1.0,Gemmatirosa,1706036.0,Gemmatimonadota,,,,,7472229.333,72.641,
Faecalitalea,28,2,0.0714285714285714,0.7848459730887516,1.0,Faecalitalea,1573534.0,Bacillota,1.0,0.0,,0.0,1957554.0,33.053,
Paraprevotella,41,3,0.073170731707317,0.7914253184930894,1.0,Paraprevotella,577309.0,Bacteroidota,1.0,1.0,0.0,0.0,4011668.0,48.52,
Psychrobacter,41,3,0.073170731707317,0.7914253184930894,1.0,Psychrobacter,497.0,Pseudomonadota,0.02564102564102564,1.0,0.0,0.0,3176011.0,42.4375,2.56
Anaerofustis,29,2,0.0689655172413793,0.8011278994496028,1.0,Anaerofustis,264995.0,Bacillota,1.0,0.0,,0.0,2284603.0,33.3,
Gaiella,29,2,0.0689655172413793,0.8011278994496028,1.0,Gaiella,1154586.0,Actinomycetota,,,,,,,
Aquabacterium,29,2,0.0689655172413793,0.8011278994496028,1.0,Aquabacterium,92793.0,Pseudomonadota,0.0,1.0,0.5,0.0,4342954.0,67.2656,
Rubrobacter,29,2,0.0689655172413793,0.8011278994496028,1.0,Rubrobacter,42255.0,Actinomycetota,0.0,0.0,0.0,0.0,3242668.3835,68.326,3.38
Streptomyces,101,8,0.0792079207920792,0.8028386628328019,1.0,Streptomyces,1883.0,Actinomycetota,0.0053475935828877,0.0017793594306049821,0.043010752688172046,0.9403973509933775,8386179.4,71.5615,1.27
Eggerthella,30,2,0.0666666666666666,0.8163049808073963,1.0,Eggerthella,84111.0,Actinomycetota,1.0,0.0,0.0,0.0,3636528.0,64.222,
Legionella,43,3,0.0697674418604651,0.8176186853856384,1.0,Legionella,445.0,Pseudomonadota,0.0,1.0,0.8888888888888888,0.0,3572726.4,39.2,2.4
Deinococcus,44,3,0.0681818181818181,0.8296311089521422,1.0,Deinococcus,1298.0,Deinococcota,0.0,0.022727272727272728,0.0,0.0,3943553.6,66.059,1.02
Flavonifractor,44,3,0.0681818181818181,0.8296311089521422,1.0,Flavonifractor,946234.0,Bacillota,1.0,0.0,1.0,1.0,3961981.571,60.715,
Roseburia,95,7,0.0736842105263157,0.848933539294995,1.0,Roseburia,841.0,Bacillota,1.0,0.0,1.0,0.0,3820293.0,41.9,2.0
Staphylococcus,95,7,0.0736842105263157,0.848933539294995,1.0,Staphylococcus,1279.0,Bacillota,0.08333333333333333,0.0,0.0,0.0,2593488.0,33.1,0.369
Fusicatenibacter,71,5,0.0704225352112676,0.8499618939444202,1.0,Fusicatenibacter,1407607.0,Bacillota,1.0,,0.0,0.0,,,
Tyzzerella,46,3,0.0652173913043478,0.8516246193425087,1.0,Tyzzerella,1506577.0,Bacillota,1.0,0.0,1.0,1.0,3861016.0,40.1,
Holdemanella,46,3,0.0652173913043478,0.8516246193425087,1.0,Holdemanella,1573535.0,Bacillota,1.0,0.0,,0.0,2415920.0,33.8,
Helicobacter,33,2,0.0606060606060606,0.8557852795477143,1.0,Helicobacter,209.0,Campylobacterota,0.07894736842105263,1.0,1.0,0.0,1841447.5,37.9,3.295
Dialister,85,6,0.0705882352941176,0.8640122599861861,1.0,Dialister,39948.0,Bacillota,1.0,0.5,0.0,0.0,1610935.75,40.35,
Bacillus,110,8,0.0727272727272727,0.870161480012168,1.0,Bacillus,1386.0,Bacillota,0.011299435028248588,0.0064516129032258064,0.8455284552845529,0.967479674796748,4510236.75,39.9,0.585
Dietzia,35,2,0.0571428571428571,0.8776235086447748,1.0,Dietzia,37914.0,Actinomycetota,0.0,0.0,0.0,0.125,3598411.0,70.77,
Aquicella,20,1,0.05,0.8784233454094308,1.0,Aquicella,254245.0,Pseudomonadota,0.0,1.0,,,2529370.0,,
Photobacterium,20,1,0.05,0.8784233454094308,1.0,Photobacterium,657.0,Pseudomonadota,0.0625,1.0,0.9230769230769231,0.0,5037666.3125,43.69,1.6749999999999998
Kocuria,49,3,0.0612244897959183,0.8799573346772351,1.0,Kocuria,57493.0,Actinomycetota,0.0,0.0,0.0,0.125,2990466.0,71.525,
Catenibacterium,49,3,0.0612244897959183,0.8799573346772351,1.0,Catenibacterium,135858.0,Bacillota,1.0,0.0,0.0,0.0,2671313.0,36.817,
Ruminiclostridium,49,3,0.0612244897959183,0.8799573346772351,1.0,Ruminiclostridium,1508657.0,Bacillota,1.0,0.1,0.7857142857142857,0.9411764705882353,3987921.6,41.5,8.6
Eisenbergiella,36,2,0.0555555555555555,0.887358002275304,1.0,Eisenbergiella,1432051.0,Bacillota,,,,,7570753.429,,
Solirubrobacter,36,2,0.0555555555555555,0.887358002275304,1.0,Solirubrobacter,207599.0,Actinomycetota,0.0,0.0,0.0,0.0,8224731.0,,
Flavisolibacter,21,1,0.0476190476190476,0.8905810108684877,1.0,Flavisolibacter,398041.0,Bacteroidota,0.0,1.0,0.0,,4900391.0,41.5,
Chryseobacterium,65,4,0.0615384615384615,0.9004471748135983,1.0,Chryseobacterium,59732.0,Bacteroidota,0.0,1.0,0.017857142857142856,0.0,4328797.0,37.1,
Jeotgalicoccus,22,1,0.0454545454545454,0.9015229097816388,1.0,Jeotgalicoccus,227979.0,Bacillota,0.0,0.0,0.0,0.0,2234187.0,40.2,
Chthoniobacter,22,1,0.0454545454545454,0.9015229097816388,1.0,Chthoniobacter,295577.0,Verrucomicrobiota,0.0,1.0,0.0,0.0,7848700.0,61.1,
Acidaminococcus,22,1,0.0454545454545454,0.9015229097816388,1.0,Acidaminococcus,904.0,Bacillota,1.0,1.0,0.0,0.0,2371793.3449999997,52.9,
Novosphingobium,22,1,0.0454545454545454,0.9015229097816388,1.0,Novosphingobium,165696.0,Pseudomonadota,0.0,1.0,0.25,0.15384615384615385,4449711.25,64.5555,
Porphyromonas,66,4,0.0606060606060606,0.9068051410155196,1.0,Porphyromonas,836.0,Bacteroidota,1.0,1.0,0.0,0.0,2263639.8334999997,47.667500000000004,6.453
Lactococcus,68,4,0.0588235294117647,0.918447882785011,1.0,Lactococcus,1357.0,Bacillota,0.0,0.0,0.0,0.0,2229146.5,38.378,0.8075
Erysipelatoclostridium,68,4,0.0588235294117647,0.918447882785011,1.0,Erysipelatoclostridium,,,1.0,0.0,0.6666666666666666,1.0,3143441.0,31.38,
Hyphomicrobium,40,2,0.05,0.9195263039855228,1.0,Hyphomicrobium,81.0,Pseudomonadota,0.0,1.0,1.0,0.0,3838869.0,63.7,
Caldicoprobacter,24,1,0.0416666666666666,0.9202335569231276,1.0,Caldicoprobacter,715222.0,Bacillota,1.0,1.0,0.0,0.5,2652571.75,44.8,
Leucobacter,24,1,0.0416666666666666,0.9202335569231276,1.0,Leucobacter,55968.0,Actinomycetota,0.0,0.0,0.0,0.0,3368725.5,69.9,
Faecalibaculum,25,1,0.04,0.9282102012308148,1.0,Faecalibaculum,1729679.0,Bacillota,,,,,2542487.333,54.0,
Oscillibacter,70,4,0.0571428571428571,0.9287694277368974,1.0,Oscillibacter,459786.0,Bacillota,1.0,1.0,1.0,0.0,3774592.75,49.895,
Rubellimicrobium,26,1,0.0384615384615384,0.9353891811077332,1.0,Rubellimicrobium,295418.0,Pseudomonadota,0.0,1.0,0.6666666666666666,0.0,4044042.0,69.7,
Anaerococcus,58,3,0.0517241379310344,0.938209796729051,1.0,Anaerococcus,165779.0,Bacillota,1.0,0.0,0.0,0.0,2015695.0,33.6995,
Pedomicrobium,27,1,0.037037037037037,0.94185026299696,1.0,Pedomicrobium,47494.0,Pseudomonadota,0.0,1.0,,,,,
Gemmatimonas,27,1,0.037037037037037,0.94185026299696,1.0,Gemmatimonas,173479.0,Gemmatimonadota,0.0,1.0,1.0,0.0,4675788.9,64.35,12.0
Lawsonella,44,2,0.0454545454545454,0.9428911025791792,1.0,Lawsonella,1847725.0,Actinomycetota,,,,,1896952.167,58.6,
Brevibacterium,45,2,0.0444444444444444,0.9476322185914736,1.0,Brevibacterium,1696.0,Actinomycetota,0.0,0.0,0.1,0.05263157894736842,3962674.0,63.925,
Desulfosporosinus,29,1,0.0344827586206896,0.9528987130275376,1.0,Desulfosporosinus,79206.0,Bacillota,1.0,0.5714285714285714,0.5,1.0,4991180.75,42.069,
Intestinibacter,29,1,0.0344827586206896,0.9528987130275376,1.0,Intestinibacter,1505657.0,Bacillota,1.0,0.0,1.0,1.0,2574193.0,28.8,
Nakamurella,29,1,0.0344827586206896,0.9528987130275376,1.0,Nakamurella,53460.0,Actinomycetota,0.0,0.0,0.0,0.0,5820860.0,70.9,11.0
Iamia,30,1,0.0333333333333333,0.9576088417247838,1.0,Iamia,467975.0,Actinomycetota,0.0,1.0,0.0,0.0,,,
Medicago,31,1,0.032258064516129,0.9618479575523056,1.0,Medicago,,,,,,,,,
Pajaroellobacter,31,1,0.032258064516129,0.9618479575523056,1.0,Pajaroellobacter,1882917.0,Myxococcota,,,,,1821632.0,,
Lysobacter,31,1,0.032258064516129,0.9618479575523056,1.0,Lysobacter,68.0,Pseudomonadota,0.0,1.0,0.4444444444444444,0.0,3289345.0,67.9,
Mycobacterium,80,4,0.05,0.9646937415188622,1.0,Mycobacterium,1763.0,Actinomycetota,0.0,0.0,0.0,0.0,5589007.75,66.855,20.121499999999997
Altererythrobacter,33,1,0.0303030303030303,0.9690968456173674,1.0,Altererythrobacter,361177.0,Pseudomonadota,0.0,1.0,0.2,0.0,2889896.0,63.5,
Marmoricola,33,1,0.0303030303030303,0.9690968456173674,1.0,Marmoricola,86795.0,Actinomycetota,0.0,0.0,0.5,0.0,4108226.5,,
Ferruginibacter,33,1,0.0303030303030303,0.9690968456173674,1.0,Ferruginibacter,1004303.0,Bacteroidota,0.0,1.0,0.0,0.0,,,
Gemella,67,3,0.044776119402985,0.969280674082702,1.0,Gemella,1378.0,Bacillota,0.14285714285714285,0.0,0.6,0.0,1782542.9165,30.2175,
Nocardioides,67,3,0.044776119402985,0.969280674082702,1.0,Nocardioides,1839.0,Actinomycetota,0.0,0.0,0.21739130434782608,0.023809523809523808,4441683.25,71.015,
Faecalibacterium,97,5,0.0515463917525773,0.9708660715848146,1.0,Faecalibacterium,216851.0,Bacillota,1.0,1.0,0.0,0.0,3117349.846,56.239,
Romboutsia,83,4,0.0481927710843373,0.97160705391133,1.0,Romboutsia,1501226.0,Bacillota,1.0,0.0,,1.0,3758965.0,,
Paracoccus,52,2,0.0384615384615384,0.9717057741118126,1.0,Paracoccus,265.0,Pseudomonadota,0.0,0.9705882352941176,0.11764705882352941,0.0,3911405.0,67.385,2.1
Sphingomonas,84,4,0.0476190476190476,0.973614419469635,1.0,Sphingomonas,13687.0,Pseudomonadota,0.0,1.0,0.5869565217391305,0.0,4051356.425,66.11,
Paenibacillus,70,3,0.0428571428571428,0.975818701642854,1.0,Paenibacillus,44249.0,Bacillota,0.013986013986013986,0.015625,0.9191919191919192,1.0,6257966.0,50.4995,3.85
Oscillospira,36,1,0.0277777777777777,0.9774716004550608,1.0,Oscillospira,119852.0,Bacillota,,0.0,,,,,
Clostridium,102,5,0.0490196078431372,0.9793640065142518,1.0,Clostridium,1485.0,Bacillota,1.0,0.052083333333333336,0.9259259259259259,0.9692307692307692,4106453.0,29.471,2.68
Hymenobacter,40,1,0.025,0.9852191170585656,1.0,Hymenobacter,89966.0,Bacteroidota,0.0,1.0,0.0,0.0,4988042.5,61.0,
Rothia,77,3,0.0389610389610389,0.9863104260537002,1.0,Rothia,32207.0,Actinomycetota,0.0,0.0,0.0,0.0,2520558.083,56.8,
Megamonas,41,1,0.024390243902439,0.9866972053527088,1.0,Megamonas,158846.0,Bacillota,1.0,1.0,0.0,0.0,2331933.0,32.155,
Lactobacillus,124,6,0.0483870967741935,0.987759962986042,1.0,Lactobacillus,1578.0,Bacillota,0.17197452229299362,0.0,0.07894736842105263,0.009708737864077669,2225262.8334999997,39.7,0.9199999999999999
Veillonella,95,4,0.0421052631578947,0.9884599362038464,1.0,Veillonella,29465.0,Bacillota,1.0,1.0,0.0,0.0,2096161.7,38.954,
Devosia,45,1,0.0222222222222222,0.9912720364319124,1.0,Devosia,46913.0,Pseudomonadota,0.0,1.0,0.9090909090909091,0.0,4122645.5,,
Rhodococcus,47,1,0.0212765957446808,0.9929303495098488,1.0,Rhodococcus,1827.0,Actinomycetota,0.0,0.0,0.0,0.0,5711537.755000001,67.41,5.3
Pseudomonas,136,6,0.0441176470588235,0.994695056461212,1.0,Pseudomonas,286.0,Pseudomonadota,0.0,1.0,0.9764705882352941,0.012987012987012988,5854361.75,60.6,0.94
Flavobacterium,74,2,0.027027027027027,0.9962087599681586,1.0,Flavobacterium,237.0,Bacteroidota,0.019230769230769232,1.0,0.3380281690140845,0.0,3731010.5,34.4,6.074999999999999
Streptococcus,135,5,0.037037037037037,0.998208418667266,1.0,Streptococcus,1301.0,Bacillota,0.16483516483516483,0.0,0.0,0.0,2107517.139,38.9675,0.7
Prevotella,72,1,0.0138888888888888,0.9994924712139436,1.0,Prevotella,838.0,Bacteroidota,1.0,1.0,0.0,0.0,3042452.75,45.099999999999994,
Bacteroides,111,2,0.018018018018018,0.999888863354428,1.0,Bacteroides,816.0,Bacteroidota,1.0,1.0,0.0,0.0,4839924.0,42.8,0.955
Geodermatophilus,22,0,0.0,1.0,1.0,Geodermatophilus,1860.0,Actinomycetota,0.0,0.0,1.0,1.0,4869823.0,74.0,
Conexibacter,26,0,0.0,1.0,1.0,Conexibacter,191494.0,Actinomycetota,0.0,0.0,1.0,0.0,6169641.571,72.6,
Exiguobacterium,22,0,0.0,1.0,1.0,Exiguobacterium,33986.0,Bacillota,0.0,0.0,0.8888888888888888,0.0,3117550.3334999997,47.07,
Aerococcus,27,0,0.0,1.0,1.0,Aerococcus,1375.0,Bacillota,0.0,0.0,0.0,0.0,2011281.6,40.841499999999996,
Acidovorax,28,0,0.0,1.0,1.0,Acidovorax,12916.0,Pseudomonadota,0.0,1.0,0.875,0.0,5105401.909,66.8,11.0
Bdellovibrio,46,0,0.0,1.0,1.0,Bdellovibrio,958.0,Bdellovibrionota,0.0,1.0,1.0,0.0,3168292.034,45.6255,1.4
Blastocatella,23,0,0.0,1.0,1.0,Blastocatella,1281902.0,Acidobacteriota,0.0,,,,,,9.8
Butyrivibrio,26,0,0.0,1.0,1.0,Butyrivibrio,830.0,Bacillota,1.0,0.25,1.0,0.0,3817433.973,38.6205,
Bryobacter,28,0,0.0,1.0,1.0,Bryobacter,911113.0,Acidobacteriota,0.0,,0.0,,5747993.0,,
Capnocytophaga,44,0,0.0,1.0,1.0,Capnocytophaga,1016.0,Bacteroidota,0.2857142857142857,1.0,1.0,0.0,2672385.0,39.413,
Cellvibrio,25,0,0.0,1.0,1.0,Cellvibrio,10.0,Pseudomonadota,0.0,1.0,1.0,0.0,4861574.2,52.0,
Haliangium,39,0,0.0,1.0,1.0,Haliangium,162027.0,Myxococcota,0.0,1.0,1.0,1.0,9446313.0,69.5,
Luteolibacter,28,0,0.0,1.0,1.0,Luteolibacter,518753.0,Verrucomicrobiota,0.0,1.0,0.0,0.0,,,
Micrococcus,21,0,0.0,1.0,1.0,Micrococcus,1269.0,Actinomycetota,0.0,0.0,0.0,0.0,2680738.0,71.99600000000001,
Pseudonocardia,38,0,0.0,1.0,1.0,Pseudonocardia,1847.0,Actinomycetota,0.0,0.0,0.0,0.75,6104892.0,71.799,
Sediminibacterium,27,0,0.0,1.0,1.0,Sediminibacterium,504481.0,Bacteroidota,0.0,1.0,1.0,0.0,3857482.0,,
Reyranella,31,0,0.0,1.0,1.0,Reyranella,445219.0,Pseudomonadota,0.0,1.0,0.0,0.0,5771094.0,,
Pseudolabrys,20,0,0.0,1.0,1.0,Pseudolabrys,556257.0,Pseudomonadota,,1.0,,,,,
Undibacterium,23,0,0.0,1.0,1.0,Undibacterium,401469.0,Pseudomonadota,0.0,1.0,0.5,0.0,,,
