genus,studies,top,frac_top,p,q_bh,genus_clean,bugsigdb_signatures,kscore
Cardiobacterium,30,13,0.4333333333333333,2.302322724161098e-06,0.0005709760355919,Cardiobacterium,93,5.637833799950916
Eikenella,28,11,0.3928571428571428,4.232321631540403e-05,0.0052480788231101,Eikenella,52,4.373421335893586
Comamonas,51,13,0.2549019607843137,0.0012261499891986,0.0986250289039328,Comamonas,73,2.911456401353468
Johnsonella,35,10,0.2857142857142857,0.0017422103851516,0.0986250289039328,Johnsonella,35,2.7588994018005515
Simonsiella,20,7,0.35,0.0023860894089661,0.0986250289039328,Simonsiella,11,2.622313286946856
Desulfobulbus,20,7,0.35,0.0023860894089661,0.0986250289039328,Desulfobulbus,23,2.622313286946856
Sutterella,56,13,0.2321428571428571,0.0030302254033037,0.1073565571456185,Sutterella,350,2.518525065302948
Agathobacter,77,16,0.2077922077922078,0.003583040147751,0.1110742445802834,Agathobacter,198,2.4457483255628776
Collinsella,67,14,0.208955223880597,0.0058896992767573,0.1611099574766492,Collinsella,369,2.2299068793689347
Desulfovibrio,68,14,0.2058823529411764,0.0067476180354449,0.1611099574766492,Desulfovibrio,293,2.17084950963265
Anaerosporobacter,30,8,0.2666666666666666,0.0077836192379213,0.1611099574766492,Anaerosporobacter,52,2.108818417204539
Solobacterium,49,11,0.2244897959183673,0.0080049718880168,0.1611099574766492,Solobacterium,121,2.096640188904034
Bilophila,56,12,0.2142857142857142,0.0084452800290179,0.1611099574766492,Bilophila,239,2.0733859454960553
Barnesiella,47,10,0.2127659574468085,0.0162603599013835,0.2880406611102225,Barnesiella,165,1.7888698461063361
Bergeyella,49,10,0.2040816326530612,0.0215012688811389,0.3504201263576335,Bergeyella,83,1.6675359097673685
Anaerovorax,23,6,0.2608695652173913,0.0226077500875892,0.3504201263576335,Anaerovorax,57,1.645742656282002
Odoribacter,57,11,0.1929824561403508,0.0242384045634919,0.3535955489262357,Odoribacter,312,1.6154959699873976
Cetobacterium,30,7,0.2333333333333333,0.0258267886619098,0.3558357548974252,Cetobacterium,29,1.5879295912372855
Mogibacterium,45,9,0.2,0.0319940218418636,0.4128142079523551,Mogibacterium,176,1.4949311630437219
Eubacterium,60,11,0.1833333333333333,0.034209123078733,0.4128142079523551,Eubacterium,272,1.4658580584354741
Subdoligranulum,83,14,0.1686746987951807,0.0354670014330848,0.4128142079523551,Subdoligranulum,258,1.4501755275165924
Slackia,39,8,0.2051282051282051,0.0366206152215798,0.4128142079523551,Slackia,100,1.436274363882141
Campylobacter,69,12,0.1739130434782608,0.0400178951487547,0.43149730421266,Campylobacter,280,1.3977457580116792
Enhydrobacter,20,5,0.25,0.0431744952844633,0.4461364512727883,Enhydrobacter,60,1.3647727306905262
Fastidiosipila,86,14,0.1627906976744186,0.0460600018705894,0.453852358283953,Fastidiosipila,21,1.3366760487342142
Stomatobaculum,34,7,0.2058823529411764,0.0481443266291247,0.453852358283953,Stomatobaculum,92,1.3174548831777464
Phascolarctobacterium,56,10,0.1785714285714285,0.0494113454583335,0.453852358283953,Phascolarctobacterium,293,1.3061733202216077
Fournierella,28,6,0.2142857142857142,0.0550069488682914,0.470404252390906,Fournierella,0,1.2595824438779752
Propionibacterium,28,6,0.2142857142857142,0.0550069488682914,0.470404252390906,Propionibacterium,93,1.2595824438779752
Moryella,43,8,0.1860465116279069,0.0606693515912235,0.4831866178663752,Moryella,77,1.2170306465897982
Aggregatibacter,36,7,0.1944444444444444,0.0628281423758372,0.4831866178663752,Aggregatibacter,152,1.201845780771882
Fretibacterium,29,6,0.2068965517241379,0.0637174444522859,0.4831866178663752,Fretibacterium,47,1.1957416509896606
Leptotrichia,51,9,0.1764705882352941,0.0642949935064128,0.4831866178663752,Leptotrichia,276,1.1918228432062574
Dolosigranulum,37,7,0.1891891891891892,0.0710850582717572,0.5185027779822297,Dolosigranulum,20,1.14822167623321
Anaeroplasma,30,6,0.2,0.0731901083998799,0.5186041966620062,Anaeroplasma,92,1.1355476096195898
Papillibacter,24,5,0.2083333333333333,0.0850748858786708,0.5777058981531825,Papillibacter,25,1.0701986248039634
Cutibacterium,54,9,0.1666666666666666,0.086189992869628,0.5777058981531825,Cutibacterium,93,1.0645431552169355
Anaerotruncus,39,7,0.1794871794871795,0.0894338897394184,0.5836738067204149,Anaerotruncus,174,1.0484978801095115
Abiotrophia,40,7,0.175,0.0995164239655512,0.6265462301476376,Abiotrophia,92,1.0021052383599651
Lautropia,56,9,0.1607142857142857,0.1029707941707624,0.6265462301476376,Lautropia,130,0.9872859377132024
Moraxella,33,6,0.1818181818181818,0.1061086357508095,0.6265462301476376,Moraxella,111,0.9742492691966592
Butyricimonas,33,6,0.1818181818181818,0.1061086357508095,0.6265462301476376,Butyricimonas,184,0.9742492691966592
Butyricicoccus,66,10,0.1515151515151515,0.1199235489365509,0.6729066165656145,Butyricicoccus,258,0.9210955277518833
Enterorhabdus,42,7,0.1666666666666666,0.1214472068150656,0.6729066165656145,Enterorhabdus,103,0.9156124691565335
Hydrogenoanaerobacterium,27,5,0.1851851851851851,0.1265574483082461,0.6729066165656145,Hydrogenoanaerobacterium,43,0.8977122901423844
Tumebacillus,27,5,0.1851851851851851,0.1265574483082461,0.6729066165656145,Tumebacillus,6,0.8977122901423844
Leuconostoc,35,6,0.1714285714285714,0.1316357748418372,0.6729066165656145,Leuconostoc,79,0.8806260658514081
Saccharofermentans,20,4,0.2,0.1329533234343351,0.6729066165656145,Saccharofermentans,16,0.8763008021372065
Marinomonas,20,4,0.2,0.1329533234343351,0.6729066165656145,Marinomonas,3,0.8763008021372065
Parasutterella,60,9,0.15,0.1416356047983447,0.691053967992992,Parasutterella,223,0.8488275586256064
Ammopiptanthus,28,5,0.1785714285714285,0.1421119047082362,0.691053967992992,Ammopiptanthus,0,0.8473695397182867
Finegoldia,36,6,0.1666666666666666,0.1453973013350372,0.6934332832901777,Finegoldia,127,0.8374436541797213
Alistipes,78,11,0.141025641025641,0.1536206356148474,0.718828634575135,Alistipes,532,0.8135504423011811
Ruminococcus,45,7,0.1555555555555555,0.1585073853983558,0.7279598440517083,Ruminococcus,619,0.7999504977173421
Paucibacter,88,12,0.1363636363636363,0.1670511156120358,0.753248666759725,Paucibacter,0,0.7771506196814424
Carnobacterium,22,4,0.1818181818181818,0.1719278970664558,0.7613949727228759,Carnobacterium,37,0.7646536488566688
Erysipelothrix,23,4,0.1739130434782608,0.19273101351862,0.8385489710985572,Erysipelothrix,25,0.7150483947568272
Oribacterium,65,9,0.1384615384615384,0.198722696795465,0.8497108414702642,Oribacterium,185,0.7017525278066427
Neisseria,66,9,0.1363636363636363,0.2111646675100303,0.8710989390747419,Neisseria,378,0.6753787470714989
Fluviicola,32,5,0.15625,0.2114982886993275,0.8710989390747419,Fluviicola,5,0.6746931422910463
Ezakiella,24,4,0.1666666666666666,0.2142622390466099,0.8710989390747419,Ezakiella,47,0.6690543610099342
Akkermansia,67,9,0.1343283582089552,0.2239069616556361,0.8769946942869572,Akkermansia,477,0.6499324032426506
Selenomonas,33,5,0.1515151515151515,0.2303178695829913,0.8769946942869572,Selenomonas,185,0.6376723652914461
Methanobrevibacter,33,5,0.1515151515151515,0.2303178695829913,0.8769946942869572,Methanobrevibacter,79,0.6376723652914461
Nocardia,25,4,0.16,0.236408642446828,0.8769946942869572,Nocardia,4,0.6263366508941649
Fibrobacter,25,4,0.16,0.236408642446828,0.8769946942869572,Fibrobacter,9,0.6263366508941649
Megasphaera,68,9,0.1323529411764706,0.2369300182146215,0.8769946942869572,Megasphaera,417,0.6253799121810907
Lachnoanaerobaculum,34,5,0.1470588235294117,0.2495917162121227,0.8891872058135635,Lachnoanaerobaculum,114,0.6027698327038155
Kingella,34,5,0.1470588235294117,0.2495917162121227,0.8891872058135635,Kingella,66,0.6027698327038155
Parabacteroides,87,11,0.1264367816091954,0.2509802597054413,0.8891872058135635,Parabacteroides,583,0.6003604356430187
Catonella,35,5,0.1428571428571428,0.2692510397738372,0.940482505125516,Catonella,96,0.5698426109002946
Corynebacterium,91,11,0.1208791208791208,0.2999864799367842,1.0,Corynebacterium,412,0.5228983180175474
Tannerella,28,4,0.1428571428571428,0.3054336969081328,1.0,Tannerella,148,0.5150830511893485
Candidatus_Soleaferrea,37,5,0.1351351351351351,0.3094535637428832,1.0,Candidatus_Soleaferrea,0,0.5094045115009551
Lachnospira,55,7,0.1272727272727272,0.3095572392044166,1.0,Lachnospira,338,0.5092590352635151
Anaerostipes,83,10,0.1204819277108433,0.3162541477570478,1.0,Anaerostipes,377,0.49996376989142843
Bradyrhizobium,65,8,0.123076923076923,0.3231424039411192,1.0,Bradyrhizobium,81,0.4906060485150343
Olsenella,47,6,0.1276595744680851,0.3285688971461327,1.0,Olsenella,144,0.4833735499609712
Acetitomaculum,29,4,0.1379310344827586,0.328952034984918,1.0,Acetitomaculum,18,0.48286742259712884
Pedobacter,38,5,0.131578947368421,0.329863552054893,1.0,Pedobacter,34,0.48166566874055217
Atopobium,57,7,0.1228070175438596,0.3428914377280611,1.0,Atopobium,231,0.46484335942831273
Gemmata,21,3,0.1428571428571428,0.3515911755169639,1.0,Gemmata,4,0.4539620336903655
Negativibacillus,58,7,0.1206896551724138,0.3597233721407732,1.0,Negativibacillus,48,0.4440313440496775
Treponema,40,5,0.125,0.3709823034657993,1.0,Treponema,183,0.4306468065317348
Anaerofilum,22,3,0.1363636363636363,0.3799590615880966,1.0,Anaerofilum,42,0.42026319360467246
Phaselicystis,22,3,0.1363636363636363,0.3799590615880966,1.0,Phaselicystis,3,0.42026319360467246
Marvinbryantia,50,6,0.12,0.3838769922757232,1.0,Marvinbryantia,102,0.41580791660655547
Brevundimonas,69,8,0.1159420289855072,0.3854441012423575,1.0,Brevundimonas,75,0.4140385962958958
Stenotrophomonas,60,7,0.1166666666666666,0.3935485978991385,1.0,Stenotrophomonas,131,0.4050016305317662
Coxiella,33,4,0.1212121212121212,0.4230563358743078,1.0,Coxiella,17,0.3736017963832234
Phenylobacterium,43,5,0.1162790697674418,0.4325290574717899,1.0,Phenylobacterium,16,0.36398471114539716
Coprobacter,24,3,0.125,0.4357262730487911,1.0,Coprobacter,73,0.36078625255884467
Filifactor,24,3,0.125,0.4357262730487911,1.0,Filifactor,107,0.36078625255884467
Shewanella,24,3,0.125,0.4357262730487911,1.0,Shewanella,55,0.36078625255884467
Blautia,102,11,0.1078431372549019,0.4432030664009525,1.0,Blautia,765,0.35339724350434226
Holdemania,34,4,0.1176470588235294,0.4461849518292653,1.0,Holdemania,122,0.3504850809542832
Enterobacter,35,4,0.1142857142857142,0.4690151340299661,1.0,Enterobacter,195,0.32881314338372186
Aeromonas,36,4,0.1111111111111111,0.4914885946337808,1.0,Aeromonas,51,0.3084865558482953
Caulobacter,36,4,0.1111111111111111,0.4914885946337808,1.0,Caulobacter,27,0.3084865558482953
Pseudopropionibacterium,27,3,0.1111111111111111,0.5154188583079999,1.0,Pseudopropionibacterium,0,0.2878396953907207
Parvimonas,48,5,0.1041666666666666,0.5314392758472106,1.0,Parvimonas,217,0.274546352346905
Mycoplasma,48,5,0.1041666666666666,0.5314392758472106,1.0,Mycoplasma,89,0.274546352346905
Brachybacterium,38,4,0.1052631578947368,0.5351640227227555,1.0,Brachybacterium,35,0.2715130904161835
Sphingobacterium,39,4,0.1025641025641025,0.5562806425628786,1.0,Sphingobacterium,34,0.254706052362595
Acinetobacter,101,10,0.099009900990099,0.5617514622659117,1.0,Acinetobacter,237,0.2504557884180636
Enterococcus,91,9,0.0989010989010989,0.565055679835745,1.0,Enterococcus,463,0.24790875527087217
Arthrobacter,50,5,0.1,0.5688015931709377,1.0,Arthrobacter,69,0.2450391958500588
Dorea,71,7,0.0985915492957746,0.5736490594127721,1.0,Dorea,442,0.24135371417227455
Intestinimonas,40,4,0.1,0.5768693469069974,1.0,Intestinimonas,139,0.23892253752448936
Massilia,61,6,0.0983606557377049,0.5794548905240392,1.0,Massilia,37,0.23698036739499245
Facklamia,30,3,0.1,0.5886487604404943,1.0,Facklamia,52,0.23014376616921534
Williamsia,20,2,0.1,0.6082530018748321,1.0,Williamsia,4,0.21591573904415104
Cloacibacterium,20,2,0.1,0.6082530018748321,1.0,Cloacibacterium,24,0.21591573904415104
Methylobacterium,84,8,0.0952380952380952,0.6111403728323437,1.0,Methylobacterium,81,0.2138590251999215
Peredibacter,31,3,0.0967741935483871,0.6114143824771845,1.0,Peredibacter,1,0.21366434945518545
Terrisporobacter,31,3,0.0967741935483871,0.6114143824771845,1.0,Terrisporobacter,66,0.21366434945518545
Granulicatella,63,6,0.0952380952380952,0.6117004170520003,1.0,Granulicatella,250,0.21346122340391302
Halomonas,32,3,0.09375,0.6333164809193795,1.0,Halomonas,64,0.19837921009488083
Gordonia,21,2,0.0952380952380952,0.6352700362282919,1.0,Gordonia,22,0.19704162854259016
Acidibacter,33,3,0.0909090909090909,0.6543424954238868,1.0,Acidibacter,7,0.18419487409442037
Turicibacter,77,7,0.0909090909090909,0.6604455124559978,1.0,Turicibacter,287,0.18016300638526783
Alloprevotella,77,7,0.0909090909090909,0.6604455124559978,1.0,Alloprevotella,338,0.18016300638526783
Hungatella,22,2,0.0909090909090909,0.6608011336923114,1.0,Hungatella,117,0.1799292205970376
Limnobacter,22,2,0.0909090909090909,0.6608011336923114,1.0,Limnobacter,7,0.1799292205970376
Arcobacter,22,2,0.0909090909090909,0.6608011336923114,1.0,Arcobacter,14,0.1799292205970376
Peptoniphilus,56,5,0.0892857142857142,0.6706712131335167,1.0,Peptoniphilus,166,0.17349033425211574
Ralstonia,34,3,0.088235294117647,0.6744867738362695,1.0,Ralstonia,93,0.1710265620873219
Ilumatobacter,23,2,0.0869565217391304,0.6848733113012442,1.0,Ilumatobacter,2,0.16438975740002326
Peptococcus,57,5,0.087719298245614,0.6860039469102792,1.0,Peptococcus,170,0.16367338558126035
Weissella,46,4,0.0869565217391304,0.6880561169183461,1.0,Weissella,103,0.16237613985444738
Candidatus_Saccharimonas,47,4,0.0851063829787234,0.7044129671607624,1.0,Candidatus_Saccharimonas,0,0.15217265793682982
Caproiciproducens,24,2,0.0833333333333333,0.7075230420514673,1.0,Caproiciproducens,13,0.1502594118137759
Sellimonas,24,2,0.0833333333333333,0.7075230420514673,1.0,Sellimonas,52,0.1502594118137759
Lachnoclostridium,92,8,0.0869565217391304,0.7120145513804161,1.0,Lachnoclostridium,316,0.14751113063330942
Haemophilus,94,8,0.0851063829787234,0.7343157532397324,1.0,Haemophilus,554,0.1341171547940896
Microbacterium,49,4,0.0816326530612244,0.7352337339766317,1.0,Microbacterium,44,0.13357457487575067
Roseomonas,38,3,0.0789473684210526,0.7463302211239846,1.0,Roseomonas,18,0.12706897215201868
Planococcus,26,2,0.0769230769230769,0.7487357043078514,1.0,Planococcus,2,0.1256714565551997
Actinomyces,85,7,0.0823529411764705,0.7578449260136146,1.0,Actinomyces,450,0.12041965276718386
Shuttleworthia,51,4,0.0784313725490196,0.763562609007388,1.0,Shuttleworthia,0,0.11715534677831226
Peptostreptococcus,51,4,0.0784313725490196,0.763562609007388,1.0,Peptostreptococcus,263,0.11715534677831226
Candidatus_Stoquefichus,27,2,0.074074074074074,0.7674010519878396,1.0,Candidatus_Stoquefichus,0,0.11497760978690676
Pirellula,27,2,0.074074074074074,0.7674010519878396,1.0,Pirellula,1,0.11497760978690676
Vibrio,27,2,0.074074074074074,0.7674010519878396,1.0,Vibrio,39,0.11497760978690676
Arenimonas,27,2,0.074074074074074,0.7674010519878396,1.0,Arenimonas,2,0.11497760978690676
Bifidobacterium,98,8,0.0816326530612244,0.775278475920071,1.0,Bifidobacterium,835,0.11054227319404407
Fusobacterium,99,8,0.0808080808080808,0.784763296071283,1.0,Fusobacterium,557,0.10526131741005229
Dyadobacter,28,2,0.0714285714285714,0.7848459730887516,1.0,Dyadobacter,5,0.10521556567654063
Gemmatirosa,28,2,0.0714285714285714,0.7848459730887516,1.0,Gemmatirosa,1,0.10521556567654063
Faecalitalea,28,2,0.0714285714285714,0.7848459730887516,1.0,Faecalitalea,51,0.10521556567654063
Paraprevotella,41,3,0.073170731707317,0.7914253184930894,1.0,Paraprevotella,205,0.1015900603298401
Psychrobacter,41,3,0.073170731707317,0.7914253184930894,1.0,Psychrobacter,51,0.1015900603298401
Anaerofustis,29,2,0.0689655172413793,0.8011278994496028,1.0,Anaerofustis,33,0.09629814360237281
Gaiella,29,2,0.0689655172413793,0.8011278994496028,1.0,Gaiella,13,0.09629814360237281
Aquabacterium,29,2,0.0689655172413793,0.8011278994496028,1.0,Aquabacterium,16,0.09629814360237281
Rubrobacter,29,2,0.0689655172413793,0.8011278994496028,1.0,Rubrobacter,23,0.09629814360237281
Streptomyces,101,8,0.0792079207920792,0.8028386628328019,1.0,Streptomyces,29,0.09537172107415699
Eggerthella,30,2,0.0666666666666666,0.8163049808073963,1.0,Eggerthella,188,0.08814755357951129
Legionella,43,3,0.0697674418604651,0.8176186853856384,1.0,Legionella,7,0.08744919198046451
Deinococcus,44,3,0.0681818181818181,0.8296311089521422,1.0,Deinococcus,27,0.08111497142983133
Flavonifractor,44,3,0.0681818181818181,0.8296311089521422,1.0,Flavonifractor,200,0.08111497142983133
Roseburia,95,7,0.0736842105263157,0.848933539294995,1.0,Roseburia,624,0.07112630816269142
Staphylococcus,95,7,0.0736842105263157,0.848933539294995,1.0,Staphylococcus,426,0.07112630816269142
Fusicatenibacter,71,5,0.0704225352112676,0.8499618939444202,1.0,Fusicatenibacter,241,0.07060054442762882
Tyzzerella,46,3,0.0652173913043478,0.8516246193425087,1.0,Tyzzerella,169,0.06975179217259284
Holdemanella,46,3,0.0652173913043478,0.8516246193425087,1.0,Holdemanella,126,0.06975179217259284
Helicobacter,33,2,0.0606060606060606,0.8557852795477143,1.0,Helicobacter,148,0.06763518813273793
Dialister,85,6,0.0705882352941176,0.8640122599861861,1.0,Dialister,494,0.0634800950134993
Bacillus,110,8,0.0727272727272727,0.870161480012168,1.0,Bacillus,188,0.060400145805919604
Dietzia,35,2,0.0571428571428571,0.8776235086447748,1.0,Dietzia,25,0.05669175195800378
Aquicella,20,1,0.05,0.8784233454094308,1.0,Aquicella,2,0.05629613071756511
Photobacterium,20,1,0.05,0.8784233454094308,1.0,Photobacterium,12,0.05629613071756511
Kocuria,49,3,0.0612244897959183,0.8799573346772351,1.0,Kocuria,39,0.05553838439919645
Catenibacterium,49,3,0.0612244897959183,0.8799573346772351,1.0,Catenibacterium,152,0.05553838439919645
Ruminiclostridium,49,3,0.0612244897959183,0.8799573346772351,1.0,Ruminiclostridium,147,0.05553838439919645
Eisenbergiella,36,2,0.0555555555555555,0.887358002275304,1.0,Eisenbergiella,88,0.05190112983594635
Solirubrobacter,36,2,0.0555555555555555,0.887358002275304,1.0,Solirubrobacter,11,0.05190112983594635
Flavisolibacter,21,1,0.0476190476190476,0.8905810108684877,1.0,Flavisolibacter,7,0.05032656921260182
Chryseobacterium,65,4,0.0615384615384615,0.9004471748135983,1.0,Chryseobacterium,67,0.04554176020134896
Jeotgalicoccus,22,1,0.0454545454545454,0.9015229097816388,1.0,Jeotgalicoccus,31,0.04502323237438542
Chthoniobacter,22,1,0.0454545454545454,0.9015229097816388,1.0,Chthoniobacter,2,0.04502323237438542
Acidaminococcus,22,1,0.0454545454545454,0.9015229097816388,1.0,Acidaminococcus,142,0.04502323237438542
Novosphingobium,22,1,0.0454545454545454,0.9015229097816388,1.0,Novosphingobium,28,0.04502323237438542
Porphyromonas,66,4,0.0606060606060606,0.9068051410155196,1.0,Porphyromonas,395,0.042486026361640124
Lactococcus,68,4,0.0588235294117647,0.918447882785011,1.0,Lactococcus,201,0.03694548264729401
Erysipelatoclostridium,68,4,0.0588235294117647,0.918447882785011,1.0,Erysipelatoclostridium,0,0.03694548264729401
Hyphomicrobium,40,2,0.05,0.9195263039855228,1.0,Hyphomicrobium,9,0.03643584281266812
Caldicoprobacter,24,1,0.0416666666666666,0.9202335569231276,1.0,Caldicoprobacter,2,0.03610193394796355
Leucobacter,24,1,0.0416666666666666,0.9202335569231276,1.0,Leucobacter,14,0.03610193394796355
Faecalibaculum,25,1,0.04,0.9282102012308148,1.0,Faecalibaculum,40,0.032353662900498646
Oscillibacter,70,4,0.0571428571428571,0.9287694277368974,1.0,Oscillibacter,328,0.03209208868688953
Rubellimicrobium,26,1,0.0384615384615384,0.9353891811077332,1.0,Rubellimicrobium,13,0.02900765753247947
Anaerococcus,58,3,0.0517241379310344,0.938209796729051,1.0,Anaerococcus,149,0.027700036488888146
Pedomicrobium,27,1,0.037037037037037,0.94185026299696,1.0,Pedomicrobium,4,0.026018136616009106
Gemmatimonas,27,1,0.037037037037037,0.94185026299696,1.0,Gemmatimonas,10,0.026018136616009106
Lawsonella,44,2,0.0454545454545454,0.9428911025791792,1.0,Lawsonella,44,0.025538462384506456
Brevibacterium,45,2,0.0444444444444444,0.9476322185914736,1.0,Brevibacterium,53,0.02336018210015306
Desulfosporosinus,29,1,0.0344827586206896,0.9528987130275376,1.0,Desulfosporosinus,2,0.020953259604051474
Intestinibacter,29,1,0.0344827586206896,0.9528987130275376,1.0,Intestinibacter,104,0.020953259604051474
Nakamurella,29,1,0.0344827586206896,0.9528987130275376,1.0,Nakamurella,3,0.020953259604051474
Iamia,30,1,0.0333333333333333,0.9576088417247838,1.0,Iamia,2,0.01881185268669499
Medicago,31,1,0.032258064516129,0.9618479575523056,1.0,Medicago,0,0.016893572883868106
Pajaroellobacter,31,1,0.032258064516129,0.9618479575523056,1.0,Pajaroellobacter,1,0.016893572883868106
Lysobacter,31,1,0.032258064516129,0.9618479575523056,1.0,Lysobacter,20,0.016893572883868106
Mycobacterium,80,4,0.05,0.9646937415188622,1.0,Mycobacterium,55,0.015610538965772634
Altererythrobacter,33,1,0.0303030303030303,0.9690968456173674,1.0,Altererythrobacter,9,0.013632820043596288
Marmoricola,33,1,0.0303030303030303,0.9690968456173674,1.0,Marmoricola,9,0.013632820043596288
Ferruginibacter,33,1,0.0303030303030303,0.9690968456173674,1.0,Ferruginibacter,0,0.013632820043596288
Gemella,67,3,0.044776119402985,0.969280674082702,1.0,Gemella,338,0.01355044631862319
Nocardioides,67,3,0.044776119402985,0.969280674082702,1.0,Nocardioides,30,0.01355044631862319
Faecalibacterium,97,5,0.0515463917525773,0.9708660715848146,1.0,Faecalibacterium,780,0.012840675739071822
Romboutsia,83,4,0.0481927710843373,0.97160705391133,1.0,Romboutsia,286,0.01250934085780257
Paracoccus,52,2,0.0384615384615384,0.9717057741118126,1.0,Paracoccus,62,0.012465216579157754
Sphingomonas,84,4,0.0476190476190476,0.973614419469635,1.0,Sphingomonas,171,0.011613002721991887
Paenibacillus,70,3,0.0428571428571428,0.975818701642854,1.0,Paenibacillus,34,0.010630862855783766
Oscillospira,36,1,0.0277777777777777,0.9774716004550608,1.0,Oscillospira,229,0.009895851778466006
Clostridium,102,5,0.0490196078431372,0.9793640065142518,1.0,Clostridium,667,0.009055861170863839
Hymenobacter,40,1,0.025,0.9852191170585656,1.0,Hymenobacter,13,0.00646716975975628
Rothia,77,3,0.0389610389610389,0.9863104260537002,1.0,Rothia,362,0.005986376028107453
Megamonas,41,1,0.024390243902439,0.9866972053527088,1.0,Megamonas,257,0.005816101859116177
Lactobacillus,124,6,0.0483870967741935,0.987759962986042,1.0,Lactobacillus,938,0.0053485811372376195
Veillonella,95,4,0.0421052631578947,0.9884599362038464,1.0,Veillonella,644,0.005040928614550414
Devosia,45,1,0.0222222222222222,0.9912720364319124,1.0,Devosia,12,0.003807145001549342
Rhodococcus,47,1,0.0212765957446808,0.9929303495098488,1.0,Rhodococcus,81,0.0030812146309357994
Pseudomonas,136,6,0.0441176470588235,0.994695056461212,1.0,Pseudomonas,351,0.0023100404547263718
Flavobacterium,74,2,0.027027027027027,0.9962087599681586,1.0,Flavobacterium,54,0.001649643702705656
Streptococcus,135,5,0.037037037037037,0.998208418667266,1.0,Streptococcus,1120,0.0007787717116106691
Prevotella,72,1,0.0138888888888888,0.9994924712139436,1.0,Prevotella,1071,0.00022047290409780016
Bacteroides,111,2,0.018018018018018,0.999888863354428,1.0,Bacteroides,1156,4.826871417035387e-05
Geodermatophilus,22,0,0.0,1.0,1.0,Geodermatophilus,6,-0.0
Conexibacter,26,0,0.0,1.0,1.0,Conexibacter,1,-0.0
Exiguobacterium,22,0,0.0,1.0,1.0,Exiguobacterium,18,-0.0
Aerococcus,27,0,0.0,1.0,1.0,Aerococcus,90,-0.0
Acidovorax,28,0,0.0,1.0,1.0,Acidovorax,32,-0.0
Bdellovibrio,46,0,0.0,1.0,1.0,Bdellovibrio,5,-0.0
Blastocatella,23,0,0.0,1.0,1.0,Blastocatella,1,-0.0
Butyrivibrio,26,0,0.0,1.0,1.0,Butyrivibrio,120,-0.0
Bryobacter,28,0,0.0,1.0,1.0,Bryobacter,5,-0.0
Capnocytophaga,44,0,0.0,1.0,1.0,Capnocytophaga,190,-0.0
Cellvibrio,25,0,0.0,1.0,1.0,Cellvibrio,15,-0.0
Haliangium,39,0,0.0,1.0,1.0,Haliangium,10,-0.0
Luteolibacter,28,0,0.0,1.0,1.0,Luteolibacter,0,-0.0
Micrococcus,21,0,0.0,1.0,1.0,Micrococcus,59,-0.0
Pseudonocardia,38,0,0.0,1.0,1.0,Pseudonocardia,12,-0.0
Sediminibacterium,27,0,0.0,1.0,1.0,Sediminibacterium,20,-0.0
Reyranella,31,0,0.0,1.0,1.0,Reyranella,3,-0.0
Pseudolabrys,20,0,0.0,1.0,1.0,Pseudolabrys,3,-0.0
Undibacterium,23,0,0.0,1.0,1.0,Undibacterium,3,-0.0
