genus_clean,ensembl_genomes
Cardiobacterium,4
Eikenella,14
Comamonas,26
Simonsiella,1
Desulfobulbus,3
Sutterella,9
Agathobacter,32
Collinsella,0
Desulfovibrio,30
Solobacterium,2
Bilophila,2
Barnesiella,4
Bergeyella,2
Odoribacter,11
Cetobacterium,2
Mogibacterium,4
Eubacterium,123
Subdoligranulum,7
Slackia,2
Campylobacter,204
Enhydrobacter,4
Fastidiosipila,0
Stomatobaculum,1
Phascolarctobacterium,8
Propionibacterium,30
Aggregatibacter,13
Fretibacterium,1
Leptotrichia,11
Dolosigranulum,7
Cutibacterium,67
Anaerotruncus,9
Abiotrophia,2
Lautropia,3
Moraxella,49
Butyricimonas,6
Butyricicoccus,18
Tumebacillus,4
Leuconostoc,22
Marinomonas,24
Finegoldia,18
Alistipes,31
Ruminococcus,176
Paucibacter,4
Carnobacterium,13
Erysipelothrix,2
Neisseria,191
Fluviicola,6
Ezakiella,1
Akkermansia,21
Selenomonas,28
Methanobrevibacter,24
Nocardia,45
Fibrobacter,30
Megasphaera,22
Lachnoanaerobaculum,9
Kingella,6
Parabacteroides,79
Corynebacterium,202
Tannerella,17
Anaerostipes,14
Bradyrhizobium,98
Olsenella,1
Pedobacter,69
Atopobium,0
Gemmata,2
Treponema,43
Marvinbryantia,1
Brevundimonas,44
Stenotrophomonas,99
Coxiella,2
Phenylobacterium,13
Coprobacter,3
Filifactor,1
Shewanella,60
Blautia,73
Enterobacter,114
Aeromonas,72
Caulobacter,34
Pseudopropionibacterium,0
Parvimonas,6
Mycoplasma,47
Brachybacterium,19
Sphingobacterium,47
Acinetobacter,602
Enterococcus,516
Arthrobacter,113
Dorea,41
Intestinimonas,2
Massilia,29
Facklamia,3
Williamsia,10
Cloacibacterium,2
Methylobacterium,59
Peredibacter,0
Terrisporobacter,3
Granulicatella,3
Halomonas,96
Gordonia,46
Turicibacter,5
Hungatella,14
Limnobacter,2
Arcobacter,27
Peptoniphilus,22
Ralstonia,37
Ilumatobacter,0
Weissella,28
Caproiciproducens,1
Sellimonas,1
Lachnoclostridium,20
Haemophilus,74
Microbacterium,135
Roseomonas,13
Planococcus,19
Actinomyces,72
Peptostreptococcus,9
Pirellula,2
Vibrio,324
Bifidobacterium,281
Fusobacterium,91
Dyadobacter,14
Gemmatirosa,1
Faecalitalea,2
Paraprevotella,4
Psychrobacter,42
Aquabacterium,6
Rubrobacter,1
Streptomyces,706
Eggerthella,2
Legionella,192
Deinococcus,39
Flavonifractor,17
Roseburia,63
Staphylococcus,317
Helicobacter,663
Dialister,9
Bacillus,820
Dietzia,18
Aquicella,1
Photobacterium,62
Kocuria,35
Catenibacterium,5
Ruminiclostridium,7
Flavisolibacter,2
Chryseobacterium,156
Jeotgalicoccus,4
Acidaminococcus,7
Novosphingobium,48
Porphyromonas,40
Lactococcus,85
Hyphomicrobium,13
Leucobacter,15
Faecalibaculum,2
Oscillibacter,9
Anaerococcus,17
Gemmatimonas,2
Lawsonella,2
Brevibacterium,45
Desulfosporosinus,16
Intestinibacter,2
Nakamurella,5
Iamia,0
Medicago,1
Pajaroellobacter,0
Lysobacter,34
Mycobacterium,306
Altererythrobacter,7
Ferruginibacter,0
Gemella,0
Nocardioides,64
Faecalibacterium,50
Romboutsia,5
Paracoccus,57
Sphingomonas,148
Paenibacillus,246
Clostridium,394
Hymenobacter,35
Rothia,52
Megamonas,6
Lactobacillus,193
Veillonella,41
Devosia,29
Rhodococcus,131
Pseudomonas,1146
Flavobacterium,202
Streptococcus,915
Prevotella,185
Bacteroides,308
Geodermatophilus,21
Conexibacter,1
Exiguobacterium,21
Aerococcus,30
Acidovorax,54
Bdellovibrio,8
Butyrivibrio,25
Capnocytophaga,42
Cellvibrio,8
Haliangium,1
Luteolibacter,0
Micrococcus,29
Pseudonocardia,19
Sediminibacterium,4
Pseudolabrys,2
Undibacterium,3
