genus,studies,top,frac_top,p,q_bh,genus_clean,taxid,phylum
Cardiobacterium,30,13,0.4333333333333333,2.302322724161098e-06,0.0005709760355919,Cardiobacterium,2717,Pseudomonadota
Eikenella,28,11,0.3928571428571428,4.232321631540403e-05,0.0052480788231101,Eikenella,538,Pseudomonadota
Comamonas,51,13,0.2549019607843137,0.0012261499891986,0.0986250289039328,Comamonas,283,Pseudomonadota
Johnsonella,35,10,0.2857142857142857,0.0017422103851516,0.0986250289039328,Johnsonella,43994,Bacillota
Simonsiella,20,7,0.35,0.0023860894089661,0.0986250289039328,Simonsiella,71,Pseudomonadota
Desulfobulbus,20,7,0.35,0.0023860894089661,0.0986250289039328,Desulfobulbus,893,Thermodesulfobacteriota
Sutterella,56,13,0.2321428571428571,0.0030302254033037,0.1073565571456185,Sutterella,40544,Pseudomonadota
Agathobacter,77,16,0.2077922077922078,0.003583040147751,0.1110742445802834,Agathobacter,1766253,Bacillota
Collinsella,67,14,0.208955223880597,0.0058896992767573,0.1611099574766492,Collinsella,102106,Actinomycetota
Desulfovibrio,68,14,0.2058823529411764,0.0067476180354449,0.1611099574766492,Desulfovibrio,872,Thermodesulfobacteriota
Anaerosporobacter,30,8,0.2666666666666666,0.0077836192379213,0.1611099574766492,Anaerosporobacter,653683,Bacillota
Solobacterium,49,11,0.2244897959183673,0.0080049718880168,0.1611099574766492,Solobacterium,123375,Bacillota
Bilophila,56,12,0.2142857142857142,0.0084452800290179,0.1611099574766492,Bilophila,35832,Thermodesulfobacteriota
Barnesiella,47,10,0.2127659574468085,0.0162603599013835,0.2880406611102225,Barnesiella,397864,Bacteroidota
Bergeyella,49,10,0.2040816326530612,0.0215012688811389,0.3504201263576335,Bergeyella,59735,Bacteroidota
Anaerovorax,23,6,0.2608695652173913,0.0226077500875892,0.3504201263576335,Anaerovorax,109326,Bacillota
Odoribacter,57,11,0.1929824561403508,0.0242384045634919,0.3535955489262357,Odoribacter,283168,Bacteroidota
Cetobacterium,30,7,0.2333333333333333,0.0258267886619098,0.3558357548974252,Cetobacterium,180162,Fusobacteriota
Mogibacterium,45,9,0.2,0.0319940218418636,0.4128142079523551,Mogibacterium,86331,Bacillota
Eubacterium,60,11,0.1833333333333333,0.034209123078733,0.4128142079523551,Eubacterium,1730,Bacillota
Subdoligranulum,83,14,0.1686746987951807,0.0354670014330848,0.4128142079523551,Subdoligranulum,292632,Bacillota
Slackia,39,8,0.2051282051282051,0.0366206152215798,0.4128142079523551,Slackia,84108,Actinomycetota
Campylobacter,69,12,0.1739130434782608,0.0400178951487547,0.43149730421266,Campylobacter,194,Campylobacterota
Enhydrobacter,20,5,0.25,0.0431744952844633,0.4461364512727883,Enhydrobacter,212791,Pseudomonadota
Fastidiosipila,86,14,0.1627906976744186,0.0460600018705894,0.453852358283953,Fastidiosipila,236752,Bacillota
Stomatobaculum,34,7,0.2058823529411764,0.0481443266291247,0.453852358283953,Stomatobaculum,1213720,Bacillota
Phascolarctobacterium,56,10,0.1785714285714285,0.0494113454583335,0.453852358283953,Phascolarctobacterium,33024,Bacillota
Fournierella,28,6,0.2142857142857142,0.0550069488682914,0.470404252390906,Fournierella,,
Propionibacterium,28,6,0.2142857142857142,0.0550069488682914,0.470404252390906,Propionibacterium,1743,Actinomycetota
Moryella,43,8,0.1860465116279069,0.0606693515912235,0.4831866178663752,Moryella,437755,Bacillota
Aggregatibacter,36,7,0.1944444444444444,0.0628281423758372,0.4831866178663752,Aggregatibacter,416916,Pseudomonadota
Fretibacterium,29,6,0.2068965517241379,0.0637174444522859,0.4831866178663752,Fretibacterium,1434006,Synergistota
Leptotrichia,51,9,0.1764705882352941,0.0642949935064128,0.4831866178663752,Leptotrichia,32067,Fusobacteriota
Dolosigranulum,37,7,0.1891891891891892,0.0710850582717572,0.5185027779822297,Dolosigranulum,29393,Bacillota
Anaeroplasma,30,6,0.2,0.0731901083998799,0.5186041966620062,Anaeroplasma,2086,Mycoplasmatota
Papillibacter,24,5,0.2083333333333333,0.0850748858786708,0.5777058981531825,Papillibacter,100175,Bacillota
Cutibacterium,54,9,0.1666666666666666,0.086189992869628,0.5777058981531825,Cutibacterium,1912216,Actinomycetota
Anaerotruncus,39,7,0.1794871794871795,0.0894338897394184,0.5836738067204149,Anaerotruncus,244127,Bacillota
Abiotrophia,40,7,0.175,0.0995164239655512,0.6265462301476376,Abiotrophia,46123,Bacillota
Lautropia,56,9,0.1607142857142857,0.1029707941707624,0.6265462301476376,Lautropia,47670,Pseudomonadota
Moraxella,33,6,0.1818181818181818,0.1061086357508095,0.6265462301476376,Moraxella,475,Pseudomonadota
Butyricimonas,33,6,0.1818181818181818,0.1061086357508095,0.6265462301476376,Butyricimonas,574697,Bacteroidota
Butyricicoccus,66,10,0.1515151515151515,0.1199235489365509,0.6729066165656145,Butyricicoccus,580596,Bacillota
Enterorhabdus,42,7,0.1666666666666666,0.1214472068150656,0.6729066165656145,Enterorhabdus,580024,Actinomycetota
Hydrogenoanaerobacterium,27,5,0.1851851851851851,0.1265574483082461,0.6729066165656145,Hydrogenoanaerobacterium,596767,Bacillota
Tumebacillus,27,5,0.1851851851851851,0.1265574483082461,0.6729066165656145,Tumebacillus,432330,Bacillota
Leuconostoc,35,6,0.1714285714285714,0.1316357748418372,0.6729066165656145,Leuconostoc,1243,Bacillota
Saccharofermentans,20,4,0.2,0.1329533234343351,0.6729066165656145,Saccharofermentans,1200657,Bacillota
Marinomonas,20,4,0.2,0.1329533234343351,0.6729066165656145,Marinomonas,28253,Pseudomonadota
Parasutterella,60,9,0.15,0.1416356047983447,0.691053967992992,Parasutterella,577310,Pseudomonadota
Ammopiptanthus,28,5,0.1785714285714285,0.1421119047082362,0.691053967992992,Ammopiptanthus,,
Finegoldia,36,6,0.1666666666666666,0.1453973013350372,0.6934332832901777,Finegoldia,150022,Bacillota
Alistipes,78,11,0.141025641025641,0.1536206356148474,0.718828634575135,Alistipes,239759,Bacteroidota
Ruminococcus,45,7,0.1555555555555555,0.1585073853983558,0.7279598440517083,Ruminococcus,1263,Bacillota
Paucibacter,88,12,0.1363636363636363,0.1670511156120358,0.753248666759725,Paucibacter,,
Carnobacterium,22,4,0.1818181818181818,0.1719278970664558,0.7613949727228759,Carnobacterium,2747,Bacillota
Erysipelothrix,23,4,0.1739130434782608,0.19273101351862,0.8385489710985572,Erysipelothrix,1647,Bacillota
Oribacterium,65,9,0.1384615384615384,0.198722696795465,0.8497108414702642,Oribacterium,265975,Bacillota
Neisseria,66,9,0.1363636363636363,0.2111646675100303,0.8710989390747419,Neisseria,482,Pseudomonadota
Fluviicola,32,5,0.15625,0.2114982886993275,0.8710989390747419,Fluviicola,332102,Bacteroidota
Ezakiella,24,4,0.1666666666666666,0.2142622390466099,0.8710989390747419,Ezakiella,1582879,Bacillota
Akkermansia,67,9,0.1343283582089552,0.2239069616556361,0.8769946942869572,Akkermansia,239934,Verrucomicrobiota
Selenomonas,33,5,0.1515151515151515,0.2303178695829913,0.8769946942869572,Selenomonas,970,Bacillota
Methanobrevibacter,33,5,0.1515151515151515,0.2303178695829913,0.8769946942869572,Methanobrevibacter,2172,Methanobacteriota
Nocardia,25,4,0.16,0.236408642446828,0.8769946942869572,Nocardia,1817,Actinomycetota
Fibrobacter,25,4,0.16,0.236408642446828,0.8769946942869572,Fibrobacter,832,Fibrobacterota
Megasphaera,68,9,0.1323529411764706,0.2369300182146215,0.8769946942869572,Megasphaera,906,Bacillota
Lachnoanaerobaculum,34,5,0.1470588235294117,0.2495917162121227,0.8891872058135635,Lachnoanaerobaculum,1164882,Bacillota
Kingella,34,5,0.1470588235294117,0.2495917162121227,0.8891872058135635,Kingella,32257,Pseudomonadota
Parabacteroides,87,11,0.1264367816091954,0.2509802597054413,0.8891872058135635,Parabacteroides,375288,Bacteroidota
Catonella,35,5,0.1428571428571428,0.2692510397738372,0.940482505125516,Catonella,43996,Bacillota
Corynebacterium,91,11,0.1208791208791208,0.2999864799367842,1.0,Corynebacterium,1716,Actinomycetota
Tannerella,28,4,0.1428571428571428,0.3054336969081328,1.0,Tannerella,195950,Bacteroidota
Candidatus_Soleaferrea,37,5,0.1351351351351351,0.3094535637428832,1.0,Candidatus_Soleaferrea,1470353,Bacillota
Lachnospira,55,7,0.1272727272727272,0.3095572392044166,1.0,Lachnospira,28050,Bacillota
Anaerostipes,83,10,0.1204819277108433,0.3162541477570478,1.0,Anaerostipes,207244,Bacillota
Bradyrhizobium,65,8,0.123076923076923,0.3231424039411192,1.0,Bradyrhizobium,374,Pseudomonadota
Olsenella,47,6,0.1276595744680851,0.3285688971461327,1.0,Olsenella,133925,Actinomycetota
Acetitomaculum,29,4,0.1379310344827586,0.328952034984918,1.0,Acetitomaculum,31980,Bacillota
Pedobacter,38,5,0.131578947368421,0.329863552054893,1.0,Pedobacter,84567,Bacteroidota
Atopobium,57,7,0.1228070175438596,0.3428914377280611,1.0,Atopobium,1380,Actinomycetota
Gemmata,21,3,0.1428571428571428,0.3515911755169639,1.0,Gemmata,113,Planctomycetota
Negativibacillus,58,7,0.1206896551724138,0.3597233721407732,1.0,Negativibacillus,1980693,Bacillota
Treponema,40,5,0.125,0.3709823034657993,1.0,Treponema,157,Spirochaetota
Anaerofilum,22,3,0.1363636363636363,0.3799590615880966,1.0,Anaerofilum,52784,Bacillota
Phaselicystis,22,3,0.1363636363636363,0.3799590615880966,1.0,Phaselicystis,651810,Myxococcota
Marvinbryantia,50,6,0.12,0.3838769922757232,1.0,Marvinbryantia,248744,Bacillota
Brevundimonas,69,8,0.1159420289855072,0.3854441012423575,1.0,Brevundimonas,41275,Pseudomonadota
Stenotrophomonas,60,7,0.1166666666666666,0.3935485978991385,1.0,Stenotrophomonas,40323,Pseudomonadota
Coxiella,33,4,0.1212121212121212,0.4230563358743078,1.0,Coxiella,776,Pseudomonadota
Phenylobacterium,43,5,0.1162790697674418,0.4325290574717899,1.0,Phenylobacterium,20,Pseudomonadota
Coprobacter,24,3,0.125,0.4357262730487911,1.0,Coprobacter,1348911,Bacteroidota
Filifactor,24,3,0.125,0.4357262730487911,1.0,Filifactor,44259,Bacillota
Shewanella,24,3,0.125,0.4357262730487911,1.0,Shewanella,22,Pseudomonadota
Blautia,102,11,0.1078431372549019,0.4432030664009525,1.0,Blautia,572511,Bacillota
Holdemania,34,4,0.1176470588235294,0.4461849518292653,1.0,Holdemania,61170,Bacillota
Enterobacter,35,4,0.1142857142857142,0.4690151340299661,1.0,Enterobacter,547,Pseudomonadota
Aeromonas,36,4,0.1111111111111111,0.4914885946337808,1.0,Aeromonas,642,Pseudomonadota
Caulobacter,36,4,0.1111111111111111,0.4914885946337808,1.0,Caulobacter,75,Pseudomonadota
Pseudopropionibacterium,27,3,0.1111111111111111,0.5154188583079999,1.0,Pseudopropionibacterium,,
Parvimonas,48,5,0.1041666666666666,0.5314392758472106,1.0,Parvimonas,543311,Bacillota
Mycoplasma,48,5,0.1041666666666666,0.5314392758472106,1.0,Mycoplasma,2093,Mycoplasmatota
Brachybacterium,38,4,0.1052631578947368,0.5351640227227555,1.0,Brachybacterium,43668,Actinomycetota
Sphingobacterium,39,4,0.1025641025641025,0.5562806425628786,1.0,Sphingobacterium,28453,Bacteroidota
Acinetobacter,101,10,0.099009900990099,0.5617514622659117,1.0,Acinetobacter,469,Pseudomonadota
Enterococcus,91,9,0.0989010989010989,0.565055679835745,1.0,Enterococcus,1350,Bacillota
Arthrobacter,50,5,0.1,0.5688015931709377,1.0,Arthrobacter,1663,Actinomycetota
Dorea,71,7,0.0985915492957746,0.5736490594127721,1.0,Dorea,189330,Bacillota
Intestinimonas,40,4,0.1,0.5768693469069974,1.0,Intestinimonas,1392389,Bacillota
Massilia,61,6,0.0983606557377049,0.5794548905240392,1.0,Massilia,149698,Pseudomonadota
Facklamia,30,3,0.1,0.5886487604404943,1.0,Facklamia,66831,Bacillota
Williamsia,20,2,0.1,0.6082530018748321,1.0,Williamsia,85043,Actinomycetota
Cloacibacterium,20,2,0.1,0.6082530018748321,1.0,Cloacibacterium,501783,Bacteroidota
Methylobacterium,84,8,0.0952380952380952,0.6111403728323437,1.0,Methylobacterium,407,Pseudomonadota
Peredibacter,31,3,0.0967741935483871,0.6114143824771845,1.0,Peredibacter,263370,Bdellovibrionota
Terrisporobacter,31,3,0.0967741935483871,0.6114143824771845,1.0,Terrisporobacter,1505652,Bacillota
Granulicatella,63,6,0.0952380952380952,0.6117004170520003,1.0,Granulicatella,117563,Bacillota
Halomonas,32,3,0.09375,0.6333164809193795,1.0,Halomonas,2745,Pseudomonadota
Gordonia,21,2,0.0952380952380952,0.6352700362282919,1.0,Gordonia,2053,Actinomycetota
Acidibacter,33,3,0.0909090909090909,0.6543424954238868,1.0,Acidibacter,1549619,Pseudomonadota
Turicibacter,77,7,0.0909090909090909,0.6604455124559978,1.0,Turicibacter,191303,Bacillota
Alloprevotella,77,7,0.0909090909090909,0.6604455124559978,1.0,Alloprevotella,1283313,Bacteroidota
Hungatella,22,2,0.0909090909090909,0.6608011336923114,1.0,Hungatella,1649459,Bacillota
Limnobacter,22,2,0.0909090909090909,0.6608011336923114,1.0,Limnobacter,131079,Pseudomonadota
Arcobacter,22,2,0.0909090909090909,0.6608011336923114,1.0,Arcobacter,28196,Campylobacterota
Peptoniphilus,56,5,0.0892857142857142,0.6706712131335167,1.0,Peptoniphilus,162289,Bacillota
Ralstonia,34,3,0.088235294117647,0.6744867738362695,1.0,Ralstonia,48736,Pseudomonadota
Ilumatobacter,23,2,0.0869565217391304,0.6848733113012442,1.0,Ilumatobacter,682522,Actinomycetota
Peptococcus,57,5,0.087719298245614,0.6860039469102792,1.0,Peptococcus,2740,Bacillota
Weissella,46,4,0.0869565217391304,0.6880561169183461,1.0,Weissella,46255,Bacillota
Candidatus_Saccharimonas,47,4,0.0851063829787234,0.7044129671607624,1.0,Candidatus_Saccharimonas,,
Caproiciproducens,24,2,0.0833333333333333,0.7075230420514673,1.0,Caproiciproducens,1738645,Bacillota
Sellimonas,24,2,0.0833333333333333,0.7075230420514673,1.0,Sellimonas,1769710,Bacillota
Lachnoclostridium,92,8,0.0869565217391304,0.7120145513804161,1.0,Lachnoclostridium,1506553,Bacillota
Haemophilus,94,8,0.0851063829787234,0.7343157532397324,1.0,Haemophilus,724,Pseudomonadota
Microbacterium,49,4,0.0816326530612244,0.7352337339766317,1.0,Microbacterium,33882,Actinomycetota
Roseomonas,38,3,0.0789473684210526,0.7463302211239846,1.0,Roseomonas,125216,Pseudomonadota
Planococcus,26,2,0.0769230769230769,0.7487357043078514,1.0,Planococcus,1372,Bacillota
Actinomyces,85,7,0.0823529411764705,0.7578449260136146,1.0,Actinomyces,1654,Actinomycetota
Shuttleworthia,51,4,0.0784313725490196,0.763562609007388,1.0,Shuttleworthia,,
Peptostreptococcus,51,4,0.0784313725490196,0.763562609007388,1.0,Peptostreptococcus,1257,Bacillota
Candidatus_Stoquefichus,27,2,0.074074074074074,0.7674010519878396,1.0,Candidatus_Stoquefichus,1470349,Bacillota
Pirellula,27,2,0.074074074074074,0.7674010519878396,1.0,Pirellula,123,Planctomycetota
Vibrio,27,2,0.074074074074074,0.7674010519878396,1.0,Vibrio,662,Pseudomonadota
Arenimonas,27,2,0.074074074074074,0.7674010519878396,1.0,Arenimonas,490567,Pseudomonadota
Bifidobacterium,98,8,0.0816326530612244,0.775278475920071,1.0,Bifidobacterium,1678,Actinomycetota
Fusobacterium,99,8,0.0808080808080808,0.784763296071283,1.0,Fusobacterium,848,Fusobacteriota
Dyadobacter,28,2,0.0714285714285714,0.7848459730887516,1.0,Dyadobacter,120831,Bacteroidota
Gemmatirosa,28,2,0.0714285714285714,0.7848459730887516,1.0,Gemmatirosa,1706036,Gemmatimonadota
Faecalitalea,28,2,0.0714285714285714,0.7848459730887516,1.0,Faecalitalea,1573534,Bacillota
Paraprevotella,41,3,0.073170731707317,0.7914253184930894,1.0,Paraprevotella,577309,Bacteroidota
Psychrobacter,41,3,0.073170731707317,0.7914253184930894,1.0,Psychrobacter,497,Pseudomonadota
Anaerofustis,29,2,0.0689655172413793,0.8011278994496028,1.0,Anaerofustis,264995,Bacillota
Gaiella,29,2,0.0689655172413793,0.8011278994496028,1.0,Gaiella,1154586,Actinomycetota
Aquabacterium,29,2,0.0689655172413793,0.8011278994496028,1.0,Aquabacterium,92793,Pseudomonadota
Rubrobacter,29,2,0.0689655172413793,0.8011278994496028,1.0,Rubrobacter,42255,Actinomycetota
Streptomyces,101,8,0.0792079207920792,0.8028386628328019,1.0,Streptomyces,1883,Actinomycetota
Eggerthella,30,2,0.0666666666666666,0.8163049808073963,1.0,Eggerthella,84111,Actinomycetota
Legionella,43,3,0.0697674418604651,0.8176186853856384,1.0,Legionella,445,Pseudomonadota
Deinococcus,44,3,0.0681818181818181,0.8296311089521422,1.0,Deinococcus,1298,Deinococcota
Flavonifractor,44,3,0.0681818181818181,0.8296311089521422,1.0,Flavonifractor,946234,Bacillota
Roseburia,95,7,0.0736842105263157,0.848933539294995,1.0,Roseburia,841,Bacillota
Staphylococcus,95,7,0.0736842105263157,0.848933539294995,1.0,Staphylococcus,1279,Bacillota
Fusicatenibacter,71,5,0.0704225352112676,0.8499618939444202,1.0,Fusicatenibacter,1407607,Bacillota
Tyzzerella,46,3,0.0652173913043478,0.8516246193425087,1.0,Tyzzerella,1506577,Bacillota
Holdemanella,46,3,0.0652173913043478,0.8516246193425087,1.0,Holdemanella,1573535,Bacillota
Helicobacter,33,2,0.0606060606060606,0.8557852795477143,1.0,Helicobacter,209,Campylobacterota
Dialister,85,6,0.0705882352941176,0.8640122599861861,1.0,Dialister,39948,Bacillota
Bacillus,110,8,0.0727272727272727,0.870161480012168,1.0,Bacillus,1386,Bacillota
Dietzia,35,2,0.0571428571428571,0.8776235086447748,1.0,Dietzia,37914,Actinomycetota
Aquicella,20,1,0.05,0.8784233454094308,1.0,Aquicella,254245,Pseudomonadota
Photobacterium,20,1,0.05,0.8784233454094308,1.0,Photobacterium,657,Pseudomonadota
Kocuria,49,3,0.0612244897959183,0.8799573346772351,1.0,Kocuria,57493,Actinomycetota
Catenibacterium,49,3,0.0612244897959183,0.8799573346772351,1.0,Catenibacterium,135858,Bacillota
Ruminiclostridium,49,3,0.0612244897959183,0.8799573346772351,1.0,Ruminiclostridium,1508657,Bacillota
Eisenbergiella,36,2,0.0555555555555555,0.887358002275304,1.0,Eisenbergiella,1432051,Bacillota
Solirubrobacter,36,2,0.0555555555555555,0.887358002275304,1.0,Solirubrobacter,207599,Actinomycetota
Flavisolibacter,21,1,0.0476190476190476,0.8905810108684877,1.0,Flavisolibacter,398041,Bacteroidota
Chryseobacterium,65,4,0.0615384615384615,0.9004471748135983,1.0,Chryseobacterium,59732,Bacteroidota
Jeotgalicoccus,22,1,0.0454545454545454,0.9015229097816388,1.0,Jeotgalicoccus,227979,Bacillota
Chthoniobacter,22,1,0.0454545454545454,0.9015229097816388,1.0,Chthoniobacter,295577,Verrucomicrobiota
Acidaminococcus,22,1,0.0454545454545454,0.9015229097816388,1.0,Acidaminococcus,904,Bacillota
Novosphingobium,22,1,0.0454545454545454,0.9015229097816388,1.0,Novosphingobium,165696,Pseudomonadota
Porphyromonas,66,4,0.0606060606060606,0.9068051410155196,1.0,Porphyromonas,836,Bacteroidota
Lactococcus,68,4,0.0588235294117647,0.918447882785011,1.0,Lactococcus,1357,Bacillota
Erysipelatoclostridium,68,4,0.0588235294117647,0.918447882785011,1.0,Erysipelatoclostridium,,
Hyphomicrobium,40,2,0.05,0.9195263039855228,1.0,Hyphomicrobium,81,Pseudomonadota
Caldicoprobacter,24,1,0.0416666666666666,0.9202335569231276,1.0,Caldicoprobacter,715222,Bacillota
Leucobacter,24,1,0.0416666666666666,0.9202335569231276,1.0,Leucobacter,55968,Actinomycetota
Faecalibaculum,25,1,0.04,0.9282102012308148,1.0,Faecalibaculum,1729679,Bacillota
Oscillibacter,70,4,0.0571428571428571,0.9287694277368974,1.0,Oscillibacter,459786,Bacillota
Rubellimicrobium,26,1,0.0384615384615384,0.9353891811077332,1.0,Rubellimicrobium,295418,Pseudomonadota
Anaerococcus,58,3,0.0517241379310344,0.938209796729051,1.0,Anaerococcus,165779,Bacillota
Pedomicrobium,27,1,0.037037037037037,0.94185026299696,1.0,Pedomicrobium,47494,Pseudomonadota
Gemmatimonas,27,1,0.037037037037037,0.94185026299696,1.0,Gemmatimonas,173479,Gemmatimonadota
Lawsonella,44,2,0.0454545454545454,0.9428911025791792,1.0,Lawsonella,1847725,Actinomycetota
Brevibacterium,45,2,0.0444444444444444,0.9476322185914736,1.0,Brevibacterium,1696,Actinomycetota
Desulfosporosinus,29,1,0.0344827586206896,0.9528987130275376,1.0,Desulfosporosinus,79206,Bacillota
Intestinibacter,29,1,0.0344827586206896,0.9528987130275376,1.0,Intestinibacter,1505657,Bacillota
Nakamurella,29,1,0.0344827586206896,0.9528987130275376,1.0,Nakamurella,53460,Actinomycetota
Iamia,30,1,0.0333333333333333,0.9576088417247838,1.0,Iamia,467975,Actinomycetota
Medicago,31,1,0.032258064516129,0.9618479575523056,1.0,Medicago,,
Pajaroellobacter,31,1,0.032258064516129,0.9618479575523056,1.0,Pajaroellobacter,1882917,Myxococcota
Lysobacter,31,1,0.032258064516129,0.9618479575523056,1.0,Lysobacter,68,Pseudomonadota
Mycobacterium,80,4,0.05,0.9646937415188622,1.0,Mycobacterium,1763,Actinomycetota
Altererythrobacter,33,1,0.0303030303030303,0.9690968456173674,1.0,Altererythrobacter,361177,Pseudomonadota
Marmoricola,33,1,0.0303030303030303,0.9690968456173674,1.0,Marmoricola,86795,Actinomycetota
Ferruginibacter,33,1,0.0303030303030303,0.9690968456173674,1.0,Ferruginibacter,1004303,Bacteroidota
Gemella,67,3,0.044776119402985,0.969280674082702,1.0,Gemella,1378,Bacillota
Nocardioides,67,3,0.044776119402985,0.969280674082702,1.0,Nocardioides,1839,Actinomycetota
Faecalibacterium,97,5,0.0515463917525773,0.9708660715848146,1.0,Faecalibacterium,216851,Bacillota
Romboutsia,83,4,0.0481927710843373,0.97160705391133,1.0,Romboutsia,1501226,Bacillota
Paracoccus,52,2,0.0384615384615384,0.9717057741118126,1.0,Paracoccus,265,Pseudomonadota
Sphingomonas,84,4,0.0476190476190476,0.973614419469635,1.0,Sphingomonas,13687,Pseudomonadota
Paenibacillus,70,3,0.0428571428571428,0.975818701642854,1.0,Paenibacillus,44249,Bacillota
Oscillospira,36,1,0.0277777777777777,0.9774716004550608,1.0,Oscillospira,119852,Bacillota
Clostridium,102,5,0.0490196078431372,0.9793640065142518,1.0,Clostridium,1485,Bacillota
Hymenobacter,40,1,0.025,0.9852191170585656,1.0,Hymenobacter,89966,Bacteroidota
Rothia,77,3,0.0389610389610389,0.9863104260537002,1.0,Rothia,32207,Actinomycetota
Megamonas,41,1,0.024390243902439,0.9866972053527088,1.0,Megamonas,158846,Bacillota
Lactobacillus,124,6,0.0483870967741935,0.987759962986042,1.0,Lactobacillus,1578,Bacillota
Veillonella,95,4,0.0421052631578947,0.9884599362038464,1.0,Veillonella,29465,Bacillota
Devosia,45,1,0.0222222222222222,0.9912720364319124,1.0,Devosia,46913,Pseudomonadota
Rhodococcus,47,1,0.0212765957446808,0.9929303495098488,1.0,Rhodococcus,1827,Actinomycetota
Pseudomonas,136,6,0.0441176470588235,0.994695056461212,1.0,Pseudomonas,286,Pseudomonadota
Flavobacterium,74,2,0.027027027027027,0.9962087599681586,1.0,Flavobacterium,237,Bacteroidota
Streptococcus,135,5,0.037037037037037,0.998208418667266,1.0,Streptococcus,1301,Bacillota
Prevotella,72,1,0.0138888888888888,0.9994924712139436,1.0,Prevotella,838,Bacteroidota
Bacteroides,111,2,0.018018018018018,0.999888863354428,1.0,Bacteroides,816,Bacteroidota
Geodermatophilus,22,0,0.0,1.0,1.0,Geodermatophilus,1860,Actinomycetota
Conexibacter,26,0,0.0,1.0,1.0,Conexibacter,191494,Actinomycetota
Exiguobacterium,22,0,0.0,1.0,1.0,Exiguobacterium,33986,Bacillota
Aerococcus,27,0,0.0,1.0,1.0,Aerococcus,1375,Bacillota
Acidovorax,28,0,0.0,1.0,1.0,Acidovorax,12916,Pseudomonadota
Bdellovibrio,46,0,0.0,1.0,1.0,Bdellovibrio,958,Bdellovibrionota
Blastocatella,23,0,0.0,1.0,1.0,Blastocatella,1281902,Acidobacteriota
Butyrivibrio,26,0,0.0,1.0,1.0,Butyrivibrio,830,Bacillota
Bryobacter,28,0,0.0,1.0,1.0,Bryobacter,911113,Acidobacteriota
Capnocytophaga,44,0,0.0,1.0,1.0,Capnocytophaga,1016,Bacteroidota
Cellvibrio,25,0,0.0,1.0,1.0,Cellvibrio,10,Pseudomonadota
Haliangium,39,0,0.0,1.0,1.0,Haliangium,162027,Myxococcota
Luteolibacter,28,0,0.0,1.0,1.0,Luteolibacter,518753,Verrucomicrobiota
Micrococcus,21,0,0.0,1.0,1.0,Micrococcus,1269,Actinomycetota
Pseudonocardia,38,0,0.0,1.0,1.0,Pseudonocardia,1847,Actinomycetota
Sediminibacterium,27,0,0.0,1.0,1.0,Sediminibacterium,504481,Bacteroidota
Reyranella,31,0,0.0,1.0,1.0,Reyranella,445219,Pseudomonadota
Pseudolabrys,20,0,0.0,1.0,1.0,Pseudolabrys,556257,Pseudomonadota
Undibacterium,23,0,0.0,1.0,1.0,Undibacterium,401469,Pseudomonadota
