genus,genus_clean,frac_top,p,anaerobe,PFOR,FeFe_H2ase,DSR,coxA,katE,cydA,n_genomes,GAI,pt_anaerobe,n_org,mean_ra
Comamonas,Comamonas,0.2549019607843137,0.0012261499891986,0.0,0.0,0.0,0.0,0.9333333333333332,0.7333333333333333,0.8666666666666667,15.0,-0.9333333333333332,0.0,1,0.001145940468227966
Desulfovibrio,Desulfovibrio,0.2058823529411764,0.0067476180354449,1.0,0.9166666666666666,0.6666666666666666,1.0,0.25,0.75,0.8333333333333334,12.0,0.6666666666666666,1.0,2,0.011435010873365695
Odoribacter,Odoribacter,0.1929824561403508,0.0242384045634919,1.0,1.0,0.0,0.0,0.0,0.0,1.0,1.0,1.0,1.0,1,0.007944278871049563
Campylobacter,Campylobacter,0.1739130434782608,0.0400178951487547,0.1612903225806451,1.0,0.0117647058823529,0.0,0.0,0.8352941176470589,0.611764705882353,85.0,1.0,0.0,1,0.008642956279225912
Aggregatibacter,Aggregatibacter,0.1944444444444444,0.0628281423758372,0.0,0.0,0.0,0.0,0.0,0.7,1.0,10.0,0.0,0.0,1,0.0033114795544442427
Neisseria,Neisseria,0.1363636363636363,0.2111646675100303,0.0,0.0,0.0,0.0,0.0,0.9347826086956522,0.217391304347826,46.0,0.0,0.0,1,0.03208772721004267
Methanobrevibacter,Methanobrevibacter,0.1515151515151515,0.2303178695829913,1.0,1.0,0.0,0.0,0.0,0.1111111111111111,0.0,9.0,1.0,1.0,1,0.00797806522002101
Nocardia,Nocardia,0.16,0.236408642446828,0.0,0.0,0.0,0.0,1.0,1.0,0.9523809523809524,21.0,-1.0,0.0,5,0.0008715245374999364
Parabacteroides,Parabacteroides,0.1264367816091954,0.2509802597054413,1.0,0.875,0.0,0.0,0.0,0.75,1.0,8.0,0.875,1.0,6,0.01372672370459359
Corynebacterium,Corynebacterium,0.1208791208791208,0.2999864799367842,0.0679611650485436,0.0227272727272727,0.0,0.0,0.9715909090909092,0.9545454545454546,0.5113636363636364,176.0,-0.9488636363636364,0.0,3,0.011820626966843478
Bradyrhizobium,Bradyrhizobium,0.123076923076923,0.3231424039411192,0.0714285714285714,0.0,0.0,0.0,0.98,0.78,0.84,50.0,-0.98,0.0,15,0.004827638676850806
Treponema,Treponema,0.125,0.3709823034657993,1.0,0.896551724137931,0.0,0.0,0.0,0.0344827586206896,0.0344827586206896,29.0,0.896551724137931,1.0,1,0.0083431203645858
Stenotrophomonas,Stenotrophomonas,0.1166666666666666,0.3935485978991385,0.0,0.0,0.0,0.0,1.0,1.0,1.0,24.0,-1.0,0.0,1,0.0030796215973845223
Phenylobacterium,Phenylobacterium,0.1162790697674418,0.4325290574717899,0.0,0.25,0.0,0.0,1.0,0.0,0.75,4.0,-0.75,0.0,1,0.003097976147878981
Shewanella,Shewanella,0.125,0.4357262730487911,0.0204081632653061,0.081081081081081,0.1621621621621621,0.0,0.9594594594594594,0.918918918918919,1.0,74.0,-0.8783783783783783,0.0,17,0.001578543225529874
Enterobacter,Enterobacter,0.1142857142857142,0.4690151340299661,0.0,0.9821428571428572,0.0,0.0,0.0,0.9821428571428572,1.0,56.0,0.9821428571428572,0.0,3,0.003786649151348765
Aeromonas,Aeromonas,0.1111111111111111,0.4914885946337808,0.0,0.9393939393939394,0.0,0.0,0.3333333333333333,0.8787878787878788,1.0,33.0,0.6060606060606062,0.0,3,0.0036169071757153805
Caulobacter,Caulobacter,0.1111111111111111,0.4914885946337808,0.0,0.0,0.0,0.0,1.0,0.4545454545454545,1.0,11.0,-1.0,0.0,3,0.0009755560751977904
Mycoplasma,Mycoplasma,0.1041666666666666,0.5314392758472106,0.0425531914893617,0.0377358490566037,0.0,0.0,0.0,0.0,0.0,53.0,0.0377358490566037,0.0,15,0.05865013955810186
Acinetobacter,Acinetobacter,0.099009900990099,0.5617514622659117,0.0,0.0,0.0,0.0,0.0,0.9444444444444444,1.0,90.0,0.0,0.0,8,0.01619911381233911
Arthrobacter,Arthrobacter,0.1,0.5688015931709377,0.0294117647058823,0.0,0.0,0.0,0.975609756097561,0.975609756097561,0.975609756097561,41.0,-0.975609756097561,0.0,5,0.0019673376373995246
Methylobacterium,Methylobacterium,0.0952380952380952,0.6111403728323437,0.0,0.0,0.0,0.0,1.0,1.0,0.9545454545454546,22.0,-1.0,0.0,6,0.008043046310956373
Gordonia,Gordonia,0.0952380952380952,0.6352700362282919,0.0,0.0,0.0,0.0,1.0,0.88,1.0,25.0,-1.0,0.0,16,0.0013273371514530882
Ralstonia,Ralstonia,0.088235294117647,0.6744867738362695,0.0,0.0,0.0,0.0,1.0,0.6875,0.9375,16.0,-1.0,0.0,2,0.00842112997325683
Vibrio,Vibrio,0.074074074074074,0.7674010519878396,0.0109890109890109,0.1847826086956521,0.0,0.0,0.6847826086956522,0.6847826086956522,1.0,92.0,-0.5,0.0,18,0.009881285981626207
Bifidobacterium,Bifidobacterium,0.0816326530612244,0.775278475920071,0.8285714285714286,0.0,0.0,0.0,0.0,0.03125,0.109375,64.0,0.0,1.0,2,0.019217357100982557
Psychrobacter,Psychrobacter,0.073170731707317,0.7914253184930894,0.0256410256410256,0.0,0.0,0.0,0.0,0.9444444444444444,0.8888888888888888,18.0,0.0,0.0,1,0.009185014453374492
Streptomyces,Streptomyces,0.0792079207920792,0.8028386628328019,0.0053475935828877,0.024,0.0,0.0,1.0,0.984,1.0,250.0,-0.976,0.0,28,0.034245045451141896
Eggerthella,Eggerthella,0.0666666666666666,0.8163049808073963,1.0,1.0,0.0,0.0,0.0,1.0,1.0,3.0,1.0,1.0,2,0.003115378056137362
Roseburia,Roseburia,0.0736842105263157,0.848933539294995,1.0,0.7142857142857143,0.0,0.0,0.0,0.0,0.0,7.0,0.7142857142857143,1.0,1,0.011778422502833959
Staphylococcus,Staphylococcus,0.0736842105263157,0.848933539294995,0.0833333333333333,0.0,0.0,0.0,0.0,0.982608695652174,0.9130434782608696,115.0,0.0,0.0,14,0.049790390041205085
Helicobacter,Helicobacter,0.0606060606060606,0.8557852795477143,0.0789473684210526,0.0,0.0,0.0,0.0,0.988095238095238,0.0833333333333333,84.0,0.0,0.0,1,0.012082540305926964
Bacillus,Bacillus,0.0727272727272727,0.870161480012168,0.0112994350282485,0.0462427745664739,0.0,0.0,0.9826589595375722,0.9710982658959536,0.9826589595375722,173.0,-0.9364161849710982,0.0,14,0.017405176662506548
Photobacterium,Photobacterium,0.05,0.8784233454094308,0.0625,0.5714285714285714,0.0,0.0,1.0,0.2857142857142857,1.0,7.0,-0.4285714285714286,0.0,1,0.03533844448224297
Ruminiclostridium,Ruminiclostridium,0.0612244897959183,0.8799573346772351,1.0,1.0,0.0,0.0,0.0,0.0,0.0,3.0,1.0,1.0,1,0.009391998091840478
Acidaminococcus,Acidaminococcus,0.0454545454545454,0.9015229097816388,1.0,1.0,0.0,0.0,0.0,0.0,0.0,3.0,1.0,1.0,1,0.003942278089797125
Desulfosporosinus,Desulfosporosinus,0.0344827586206896,0.9528987130275376,1.0,1.0,0.0,1.0,0.0,0.0,1.0,3.0,1.0,1.0,1,0.003265173637961745
Nakamurella,Nakamurella,0.0344827586206896,0.9528987130275376,0.0,0.3333333333333333,0.0,0.0,1.0,0.6666666666666666,1.0,3.0,-0.6666666666666667,0.0,1,0.001734813437513189
Mycobacterium,Mycobacterium,0.05,0.9646937415188622,0.0,0.1363636363636363,0.0,0.0,0.990909090909091,0.5636363636363636,0.9181818181818182,110.0,-0.8545454545454546,0.0,37,0.005279484247136291
Sphingomonas,Sphingomonas,0.0476190476190476,0.973614419469635,0.0,0.0,0.0,0.0,0.9818181818181818,0.6363636363636364,0.6545454545454545,55.0,-0.9818181818181818,0.0,2,0.017313367123083363
Paenibacillus,Paenibacillus,0.0428571428571428,0.975818701642854,0.0139860139860139,0.6274509803921569,0.0,0.0,0.6862745098039216,0.9019607843137256,0.803921568627451,102.0,-0.0588235294117647,0.0,1,0.0031710584449909265
Clostridium,Clostridium,0.0490196078431372,0.9793640065142518,1.0,1.0,0.4615384615384615,0.0,0.0,0.1282051282051282,0.0128205128205128,78.0,1.0,1.0,3,0.006174912823175706
Lactobacillus,Lactobacillus,0.0483870967741935,0.987759962986042,0.1719745222929936,0.0,0.0,0.0,0.0,0.0,0.3,40.0,0.0,0.0,8,0.07363863770952399
Rhodococcus,Rhodococcus,0.0212765957446808,0.9929303495098488,0.0,0.180327868852459,0.0,0.0,1.0,0.9836065573770492,0.9836065573770492,61.0,-0.819672131147541,0.0,9,0.010218102704502088
Pseudomonas,Pseudomonas,0.0441176470588235,0.994695056461212,0.0,0.0,0.0,0.0,0.8790322580645161,0.9637096774193548,0.9919354838709676,248.0,-0.8790322580645161,0.0,36,0.04132154240697933
Streptococcus,Streptococcus,0.037037037037037,0.998208418667266,0.1648351648351648,0.053475935828877,0.0,0.0,0.0,0.0053475935828877,0.1711229946524064,187.0,0.053475935828877,0.0,2,0.06571152133502267
Bacteroides,Bacteroides,0.018018018018018,0.999888863354428,1.0,1.0,0.0,0.0,0.0,0.5517241379310345,0.9655172413793104,29.0,1.0,1.0,35,0.0569608986376774
Geodermatophilus,Geodermatophilus,0.0,1.0,0.0,0.0,0.0,0.0,1.0,1.0,1.0,2.0,-1.0,0.0,1,0.001531981777162474
Exiguobacterium,Exiguobacterium,0.0,1.0,0.0,0.0,0.0,0.0,1.0,1.0,1.0,13.0,-1.0,0.0,1,0.0008660979821884445
Acidovorax,Acidovorax,0.0,1.0,0.0,0.0,0.0,0.0,1.0,0.8125,0.375,16.0,-1.0,0.0,4,0.0005874550507767365
Pseudonocardia,Pseudonocardia,0.0,1.0,0.0,0.0,0.0,0.0,1.0,0.9166666666666666,1.0,12.0,-1.0,0.0,1,0.0033185270151393485
