genus,wd_gram_neg
Abiotrophia,0
Abyssivirga,0
Acanthopleuribacter,1
Acaricomes,0
Acaryochloris,1
Accumulibacter,1
Acerihabitans,1
Acetanaerobacterium,0
Acetatifactor,0
Acetitomaculum,0
Acetivibrio,0
Acetoanaerobium,0
Acetobacter,1
Acetobacterium,0
Acetobacteroides,1
Acetofilamentum,1
Acetohalobium,0
Acetomicrobium,1
Acetonema,1
Acetothermus,1
Acholeplasma,1
Achromatium,1
Achromobacter,1
Acidaminobacter,0
Acidaminococcus,1
Acidibacillus,0
Acidibacter,1
Acidicaldus,1
Acidicapsa,1
Acidiferrobacter,1
Acidihalobacter,1
Acidilutibacter,0
Acidimangrovimonas,1
Acidimicrobium,0
Acidiphilium,1
Acidipila,1
Acidisoma,1
Acidisphaera,1
Aciditerrimonas,0
Acidithiobacillus,1
Acidithiomicrobium,0
Acidithrix,0
Acidobacterium,1
Acidocella,1
Acidomonas,1
Acidothermus,0
Acidovorax,1
Acinetobacter,1
Acrocarpospora,0
Actibacter,1
Actibacterium,1
Actimicrobium,1
Actinaurispora,0
Actinoallomurus,0
Actinoalloteichus,0
Actinobacillus,1
Actinobaculum,0
Actinocatenispora,0
Actinocorallia,0
Actinocrispum,0
Actinokineospora,0
Actinomadura,0
Actinomyces,0
Actinomycetospora,0
Actinophytocola,0
Actinoplanes,0
Actinopolymorpha,0
Actinopolyspora,0
Actinorectispora,0
Actinorhabdospora,0
Actinorugispora,0
Actinospica,0
Actinosporangium,0
Actinosynnema,0
Actinotalea,0
Actinotelluria,0
Actinotignum,0
Adhaeretor,1
Adhaeribacter,1
Adlercreutzia,0
Advenella,1
Aedoeadaptatus,0
Aegyptianella,1
Aequorivita,1
Aeribacillus,0
Aeriscardovia,0
Aerococcus,0
Aeromicrobium,0
Aeromonas,1
Aerosakkonema,1
Aerosphaera,0
Aestuariibacter,1
Aestuariibaculum,1
Aestuariibius,1
Aestuariicella,1
Aestuariicoccus,1
Aestuariicola,1
Aestuariihabitans,1
Aestuariimicrobium,0
Aestuariispira,1
Aestuariivita,1
Aestuariivivens,1
Aetherobacter,1
Aetokthonos,1
Afifella,1
Afipia,1
Agaribacter,1
Agaricicola,1
Agarivorans,1
Agathobacter,0
Aggregatibacter,1
Aggregicoccus,1
Agitococcus,0
Agreia,0
Agrobacterium,1
Agrococcus,0
Agromonas,1
Agromyces,0
Ahrensia,1
Aidingimonas,1
Akkermansia,1
Albibacillus,1
Albibacter,1
Albidiferax,1
Albidovulum,1
Albimonas,1
Albirhodobacter,1
Alcaligenes,1
Alcanivorax,1
Alexandriicola,1
Algibacter,1
Algicella,1
Algicola,1
Algidimarina,1
Algimonas,1
Algiphilus,1
Algitalea,1
Algivirga,1
Algoriella,1
Algorimarina,1
Algoriphagus,1
Aliagarivorans,1
Alicycliphilus,1
Alicyclobacillus,0
Aliicoccus,0
Aliidiomarina,1
Aliidongia,1
Aliiglaciecola,1
Aliihoeflea,1
Aliikangiella,1
Aliiroseovarius,1
Aliisedimentitalea,1
Aliishimia,1
Aliivibrio,1
Alisedimentitalea,1
Alishewanella,1
Alistipes,1
Aliterella,1
Alkalibacillus,0
Alkalibacter,0
Alkalibacterium,0
Alkalibaculum,0
Alkaliflexus,1
Alkalilactibacillus,0
Alkalilacustris,1
Alkalilimnicola,1
Alkalimarinus,1
Alkalimicrobium,1
Alkalimonas,1
Alkalinema,1
Alkaliphilus,0
Alkalispirillum,1
Alkalitalea,1
Alkanibacter,1
Alkanindiges,1
Allgaiera,1
Allisonella,1
Alloacidobacterium,1
Alloactinosynnema,0
Allobacillus,0
Allobaculum,0
Allocatelliglobosispora,0
Allochromatium,1
Allofrancisella,1
Allofustis,0
Allohahella,1
Allohumibacter,0
Alloiococcus,0
Allokutzneria,0
Allomonas,1
Allonocardiopsis,0
Alloprevotella,1
Allorhizobium,1
Allosalinactinospora,0
Alloscardovia,0
Allosediminivita,1
Allostreptomyces,0
Alpinimonas,0
Alsobacter,1
Altererythrobacter,1
Alteribacillus,0
Alteromonas,1
Altibacter,1
Alysiella,1
Amantichitinum,1
Amaricoccus,1
Amazoninema,1
Ameyamaea,1
Aminicella,0
Aminiphilus,1
Aminipila,0
Aminivibrio,1
Aminobacter,1
Aminobacterium,1
Aminomonas,1
Ammassolinea,1
Ammonifex,0
Ammoniibacillus,0
Ammoniphilus,0
Amnibacterium,0
Amorphomonas,1
Amorphus,1
Amphibacillus,0
Amphiplicatus,1
Amphithrix,1
Amphritea,1
Amycolatopsis,0
Amycolicicoccus,0
Amylibacter,1
Amylobacillus,0
Anabaena,1
Anabaenopsis,1
Anaeroarcus,1
Anaerobacillus,0
Anaerobacter,0
Anaerobacterium,0
Anaerobaculum,1
Anaerobiospirillum,1
Anaerobium,0
Anaerobranca,0
Anaerocella,1
Anaerocellum,0
Anaerococcus,0
Anaerocolumna,0
Anaerofilum,0
Anaerofustis,0
Anaeroglobus,1
Anaerohalosphaera,1
Anaeromusa,1
Anaeromyxobacter,1
Anaerophaga,1
Anaeroplasma,1
Anaerorhabdus,1
Anaerosalibacter,0
Anaerosinus,1
Anaerosolibacter,0
Anaerosphaera,0
Anaerospora,1
Anaerosporobacter,0
Anaerosporomusa,1
Anaerostipes,0
Anaerotaenia,0
Anaerotruncus,0
Anaerovibrio,1
Anaerovirgula,0
Anaerovorax,0
Anagnostidinema,1
Anaplasma,1
Anathece,1
Ancalochloris,1
Ancalomicrobium,1
Ancylobacter,1
Anderseniella,1
Anditalea,1
Andreesenia,0
Andreprevotia,1
Aneurinibacillus,0
Angulomicrobium,1
Angustibacter,0
Annamia,1
Anoxybacillus,0
Anoxybacter,0
Anoxynatronum,0
Anseongella,1
Antarcticicola,1
Antarcticimicrobium,1
Antarcticimonas,1
Antarctobacter,1
Antricoccus,0
Aphanizomenon,1
Aphanocapsa,1
Aphanothece,1
Apibacter,1
Aquabacter,1
Aquabacterium,1
Aquamicrobium,1
Aquaphilus,1
Aquaspirillum,1
Aquibacillus,0
Aquibacter,1
Aquicella,1
Aquicoccus,1
Aquidulcibacter,1
Aquifex,1
Aquiflexum,1
Aquihabitans,0
Aquimarina,1
Aquimixticola,1
Aquimonas,1
Aquincola,1
Aquipuribacter,0
Aquirufa,1
Aquisalibacillus,0
Aquisalimonas,0
Aquisalinus,1
Aquisphaera,1
Aquitalea,1
Arachidicoccus,1
Aranicola,1
Arcanobacterium,0
Archangium,1
Arcicella,1
Arcobacter,1
Arcticibacter,1
Arcticibacterium,1
Arcticiflavibacter,1
Arenibacillus,1
Arenibacter,1
Arenibacterium,1
Arenicella,1
Arenimicrobium,1
Arenimonas,1
Arenitalea,1
Arhodomonas,1
Aridibacter,1
Aromatoleum,1
Arsenicibacter,1
Arsenicicoccus,0
Arsenophonus,1
Arsukibacterium,1
Arthrobacter,0
Arthromitus,0
Arthronema,1
Arthrospira,1
Arundinibacter,1
Arvibacter,1
Asaccharobacter,0
Asaccharospora,0
Asaia,1
Asanoa,0
Ascidiaceihabitans,1
Ascidianibacter,1
Ascidiimonas,1
Asinibacterium,1
Asprobacter,1
Asteroleplasma,1
Asticcacaulis,1
Astrosporangium,0
Atlantibacter,1
Atopobacter,0
Atopobium,0
Atopococcus,0
Atopostipes,0
Aulosira,1
Aurantiacicella,1
Aurantimicrobium,0
Aurantimonas,1
Aurantivirga,1
Auraticoccus,0
Aureibacter,1
Aureicoccus,1
Aureimarina,1
Aureimonas,1
Aureisphaera,1
Aureispira,1
Aureitalea,1
Aureivirga,1
Aureobacterium,0
Auritidibacter,0
Austwickia,0
Averyella,1
Avibacterium,1
Azoarcus,1
Azohydromonas,1
Azomonas,1
Azonexus,1
Azorhizobium,1
Azorhizophilus,1
Azospira,1
Azospirillum,1
Azotobacter,1
Azovibrio,1
Bacillus,0
Bacterioplanes,1
Bacteriovorax,1
Bacteroides,1
Bactoderma,0
Bacularia,1
Baia,0
Balnearium,1
Balneatrix,1
Barnesiella,1
Barrientosiimonas,0
Bartonella,1
Basfia,1
Basilea,1
Bauldia,1
Baumannia,1
Bavariicoccus,0
Bdellovibrio,1
Beggiatoa,1
Beijerinckia,1
Belliella,1
Belnapia,1
Bergeriella,1
Bergeyella,1
Bermanella,1
Bernardetia,1
Beutenbergia,0
Bhargavaea,0
Bibersteinia,1
Bifidobacterium,0
Bifissio,1
Bilophila,1
Biostraticola,1
Bisgaardia,1
Bizionia,1
Blastobacter,1
Blastocatella,1
Blastochloris,1
Blastococcus,0
Blastomonas,1
Blastopirellula,1
Blattabacterium,1
Blautia,0
Blennothrix,1
Blochmannia,1
Bogoriella,0
Bombella,1
Bombiscardovia,0
Bordetella,1
Borrelia,1
Borreliella,1
Borzia,1
Bosea,1
Boseongicola,1
Botryobacter,1
Bounagaea,0
Bowmanella,1
Boyliae,0
Brachybacterium,0
Brachymonas,1
Brachyspira,1
Brackiella,1
Bradymonas,1
Bradyrhizobium,1
Branchiibius,0
Branhamella,1
Brasilonema,1
Brassicibacter,0
Brenneria,1
Breoghania,1
Brevibacillus,0
Brevibacterium,0
Brevirhabdus,1
Brevitalea,1
Brevundimonas,1
Breznakia,0
Brochothrix,0
Brockia,0
Brooklawnia,0
Brucella,1
Brumimicrobium,1
Bryantella,0
Bryobacter,1
Bryocella,1
Buchnera,1
Budvicia,1
Bulleidia,0
Burkholderia,1
Burzellia,1
Buttiauxella,1
Butyricicoccus,0
Butyricimonas,1
Butyrivibrio,0
Byssovorax,1
Bythopirellula,1
Caballeronia,1
Caedibacter,1
Caenimonas,1
Caenispirillum,1
Caldalkalibacillus,0
Caldanaerobacter,0
Caldanaerobius,0
Caldanaerocella,0
Caldanaerovirga,0
Calderihabitans,0
Calderobacterium,1
Caldibacillus,0
Caldicellulosiruptor,0
Caldicoprobacter,0
Caldimicrobium,1
Caldimonas,1
Caldinitratiruptor,0
Caldisalinibacter,0
Calditerricola,0
Caldithrix,1
Caldora,1
Calidifontibacter,0
Calidifontimicrobium,1
Calochaete,1
Caloramator,0
Caloranaerobacter,0
Caloribacterium,0
Calothrix,1
Camelimonas,1
Caminibacter,1
Caminicella,1
Camptylonema,1
Camptylonemopsis,1
Campylobacter,1
Candidatus Midichloria,1
Candidatus Ruthia,1
Candidimonas,1
Canibacter,0
Canicola,1
Capnocytophaga,1
Caproiciproducens,0
Capsosira,1
Carbophilus,1
Carboxydocella,0
Carboxydothermus,0
Carboxylicivirga,1
Cardiobacterium,1
Carideicomes,1
Carnimonas,1
Carnobacterium,0
Carnococcus,0
Caryophanon,0
Casaltella,0
Castellaniella,1
Catabacter,0
Catalinimonas,1
Catellatospora,0
Catellibacterium,1
Catellicoccus,0
Catelliglobosispora,0
Catenibacterium,0
Catenisphaera,0
Catenococcus,1
Catenovulum,1
Catenulispora,0
Catenuloplanes,0
Cathayosporangium,0
Catonella,0
Caulobacter,1
Cavicella,1
Cecembia,1
Cedecea,1
Celeribacter,1
Celerinatantimonas,1
Cellulomonas,0
Cellulophaga,1
Cellulosibacter,0
Cellulosilyticum,0
Cellulosimicrobium,0
Cellvibrio,1
Centipeda,1
Cerasibacillus,0
Cereibacter,1
Cesiribacter,1
Cetia,1
Chakia,1
Chalicogloea,1
Chamaesiphon,1
Chania,1
Chelativorans,1
Chelatococcus,1
Chelonobacter,1
Chiayiivirga,1
Chishuiella,1
Chitinibacter,1
Chitinilyticum,1
Chitinimonas,1
Chitiniphilus,1
Chitinispirillum,1
Chitinivibrio,1
Chitinivorax,1
Chitinolyticbacter,1
Chitinophaga,1
Chlamydia,1
Chlamydophila,1
Chloracidobacterium,1
Chlorobaculum,1
Chlorobium,1
Chloroflexus,1
Chlorogloea,1
Chlorogloeopsis,1
Chloroherpeton,1
Chloronema,1
Chondrocystis,1
Chondromyces,1
Christensenella,1
Chroakolemma,1
Chromatium,1
Chromatocurvus,1
Chromobacterium,1
Chromohalobacter,1
Chroococcidiopsis,1
Chroococcopsis,1
Chroococcus,1
Chroogloeocystis,1
Chryseobacterium,1
Chryseoglobus,0
Chryseolinea,1
Chryseomicrobium,0
Chryseosolibacter,1
Chryseotalea,1
Chrysiogenes,1
Chrysosporum,1
Chthoniobacter,1
Chthonobacter,1
Chujaibacter,1
Chungangia,0
Ciceribacter,1
Ciimarium,1
Citreicella,1
Citreimonas,1
Citreitalea,1
Citricoccus,0
Citrimicrobium,1
Citrobacter,1
Citromicrobium,1
Citroniella,0
Clastidium,1
Clavibacter,0
Clavisporangium,0
Clevelandina,1
Cloacibacillus,1
Cloacibacterium,1
Clonothrix,1
Clostridiisalibacter,0
Clostridioides,0
Clostridium,0
Cnuella,1
Cnuibacter,0
Cobetia,1
Coccinimonas,1
Coccinistipes,1
Cocleimonas,1
Coelomoron,1
Coelosphaerium,1
Coenonia,1
Coetzeea,1
Cognatishimia,1
Cognatiyoonia,1
Cohaesibacter,1
Cohnella,0
Coleodesmium,1
Coleofasciculus,1
Collimonas,1
Collinsella,0
Colwellia,1
Comamonas,1
Commensalibacter,1
Compostibacillus,0
Compostimonas,0
Conchiformibius,1
Conexibacter,0
Confluentibacter,1
Confluentimicrobium,1
Congregibacter,1
Consotaella,1
Constrictibacter,1
Convivina,0
Conyzicola,0
Coprobacillus,0
Coprobacter,1
Coprococcus,0
Coprothermobacter,1
Coralibacter,1
Coraliomargarita,1
Corallibacter,1
Corallococcus,1
Corallomonas,1
Coralslurrinella,1
Coriobacterium,0
Corticibacter,1
Corticibacterium,1
Corynebacterium,0
Cosenzaea,1
Costertonia,1
Couchioplanes,0
Coxiella,1
Crabtreella,1
Crassaminicella,0
Craurococcus,1
Crenalkalicoccus,1
Crenobacter,1
Crenotalea,1
Crenothrix,1
Cribrihabitans,1
Cricetibacter,1
Criibacterium,0
Crinalium,1
Cristispira,1
Crocebacterium,0
Croceibacter,1
Croceicoccus,1
Croceifilum,0
Croceimarina,1
Croceitalea,1
Crocinitomix,1
Crocinobacterium,0
Crocosphaera,1
Cronobacter,1
Crossiella,0
Cruoricaptor,1
Crustibacterium,0
Cryobacterium,0
Cryocola,0
Cryomorpha,1
Cryptanaerobacter,0
Cryptobacterium,0
Cryptosporangium,0
Cucumibacter,1
Cupriavidus,1
Curtobacterium,0
Curvibacter,1
Cuspidothrix,1
Cyanarcus,1
Cyanoarbor,1
Cyanobacterium,1
Cyanobium,1
Cyanocatenula,1
Cyanocohniella,1
Cyanocystis,1
Cyanoderma,1
Cyanodictyon,1
Cyanophanon,1
Cyanosarcina,1
Cyanospira,1
Cyanothamnos,1
Cyanothece,1
Cyclobacterium,1
Cycloclasticus,1
Cylindrospermopsis,1
Cylindrospermum,1
Cymatolege,1
Cystobacter,1
Cytophaga,1
Dactylococcopsis,1
Dactylosporangium,0
Daeguia,1
Dalmatella,1
Dasania,1
Dawidia,1
Dechlorobacter,1
Dechloromarinus,1
Dechloromonas,1
Dechlorospirillum,1
Deefgea,1
Deferrisoma,1
Defluvibacter,1
Defluviicoccus,1
Defluviimonas,1
Defluviitalea,0
Dehalobacter,0
Dehalobacterium,0
Dehalobium,1
Dehalospirillum,1
Deinobacterium,1
Deinococcus,1
Deleya,1
Delftia,1
Delongia,1
Demequina,0
Demetria,0
Dendriscocaulon,1
Dendrosporobacter,1
Denitratisoma,1
Denitrobacter,1
Denitrobacterium,0
Denitromonas,1
Dermabacter,0
Dermacoccus,0
Dermatophilus,0
Dermocarpella,1
Derxia,1
Desemzia,0
Desertibacter,1
Desertifilum,1
Desikacharya,1
Desmonostoc,1
Desmospora,0
Desulfacinum,1
Desulfamplus,1
Desulfarculus,1
Desulfarcum,1
Desulfatibacillum,1
Desulfatiferula,1
Desulfatiglans,1
Desulfatimicrobium,1
Desulfatirhabdium,1
Desulfatitalea,1
Desulfitibacter,0
Desulfitispora,0
Desulfitobacterium,0
Desulfoarculus,1
Desulfobacca,1
Desulfobacter,1
Desulfobacterium,1
Desulfobacula,1
Desulfobaculum,1
Desulfobotulus,1
Desulfobulbus,1
Desulfocaldus,1
Desulfocapsa,1
Desulfocarbo,1
Desulfocella,1
Desulfococcus,1
Desulfoconvexum,1
Desulfocurvus,1
Desulfofaba,1
Desulfofrigus,1
Desulfofustis,1
Desulfoglaeba,1
Desulfohalobium,1
Desulfohalophilus,1
Desulfoluna,1
Desulfolutivibrio,1
Desulfomicrobium,1
Desulfomonile,1
Desulfonatronobacter,1
Desulfonatronospira,1
Desulfonatronovibrio,1
Desulfonatronum,1
Desulfonauticus,1
Desulfonema,1
Desulfonispora,0
Desulfopila,1
Desulfoplanes,1
Desulfoprunum,1
Desulforegula,1
Desulforhabdus,1
Desulforhopalus,1
Desulforudis,0
Desulfosalsimonas,1
Desulfosarcina,1
Desulfosoma,1
Desulfospira,1
Desulfosporomusa,1
Desulfosporosinus,0
Desulfostipes,1
Desulfotalea,1
Desulfothermus,1
Desulfotignum,1
Desulfotomaculum,0
Desulfovermiculus,1
Desulfovibrio,1
Desulfovirga,1
Desulfovirgula,0
Desulfurella,1
Desulfuribacillus,0
Desulfurispira,1
Desulfurispirillum,1
Desulfurispora,0
Desulfurivibrio,1
Desulfurobacterium,1
Desulfuromonas,1
Desulfuromusa,1
Dethiobacter,0
Dethiosulfatarculus,1
Dethiosulfatibacter,0
Dethiosulfovibrio,1
Devosia,1
Devriesea,0
Dialister,1
Diaminobutyricibacter,0
Diaminobutyricimonas,0
Diaphorobacter,1
Dichelobacter,1
Dichothrix,1
Dichotomicrobium,1
Dickeya,1
Dictyoglomus,1
Dielma,0
Dietzia,0
Dinghuibacter,1
Dinoroseobacter,1
Diplocalyx,1
Diplorickettsia,1
Diplosphaera,1
Dissulfuribacter,1
Dissulfurimicrobium,1
Dissulfurirhabdus,1
Dokdonella,1
Dokdonia,1
Dolichospermum,1
Dolosicoccus,0
Dolosigranulum,0
Domibacillus,0
Donghicola,1
Dongia,1
Doohwaniella,1
Dorea,0
Draconibacterium,1
Duganella,1
Dulcicalothrix,1
Dyadobacter,1
Dyella,1
Dysgonomonas,1
Echinicola,1
Echinimonas,1
Ectothiorhodosinus,1
Ectothiorhodospira,1
Edaphobacillus,0
Edaphobacter,1
Edaphorhabdus,1
Edwardsiella,1
Effusibacillus,0
Eggerthella,0
Eggerthia,0
Egibacter,0
Egicoccus,0
Ehrlichia,1
Eikenella,1
Eilatimonas,1
Eionea,1
Eisenbergiella,0
Eisenibacter,1
Ekhidna,1
Electronema,1
Electrothrix,1
Eleftheria,1
Elioraea,1
Elizabethkingia,1
Elstera,1
Elusimicrobium,1
Embleya,0
Emcibacter,1
Empedobacter,1
Emticicia,1
Endobacter,1
Endothiovibrio,1
Endozoicomonas,1
Enhydrobacter,1
Enhygromyxa,1
Enorma,0
Ensifer,1
Enteractinococcus,0
Enterobacillus,1
Enterobacter,1
Enterococcus,0
Enterorhabdus,0
Enterovibrio,1
Enterovirga,1
Entomoplasma,1
Eoetvoesia,1
Eperythrozoon,1
Epibacterium,1
Epigloeosphaera,1
Epilithonimonas,1
Epixenosoma,1
Epulonipiscium,0
Epulopiscium,0
Ercegovicia,1
Ercella,0
Ereboglobus,1
Eremococcus,0
Erwinia,1
Erysipelatoclostridium,0
Erysipelothrix,0
Erythrobacter,1
Erythromicrobium,1
Escherichia,1
Ethanoligenens,0
Eubacterium,0
Eucapsis,1
Eudoraea,1
Euhalothece,1
Euryhalinema,1
Euryhalocaulis,1
Euzebya,0
Euzebyella,1
Ewingella,1
Exiguobacterium,0
Exilispira,1
Extensimonas,1
Ezakiella,0
Fabibacter,1
Facklamia,0
Faecalibacterium,0
Faecalibaculum,0
Faecalicoccus,0
Faecalitalea,0
Falcatimonas,0
Falcivibrio,0
Falsibacillus,0
Falsigemmobacter,1
Falsiporphyromonas,1
Falsirhodobacter,1
Falsochrobactrum,1
Fangia,1
Fastidiosipila,0
Faucicola,1
Fenollaria,0
Fermentibacillus,0
Fermentimonas,1
Ferribacterium,1
Ferrimicrobium,0
Ferrimonas,1
Ferriphaselus,1
Ferrithrix,0
Ferritrophicum,1
Ferrovibrio,1
Ferrovum,1
Ferruginibacter,1
Fervidicella,0
Fervidicola,0
Fibrella,1
Fibrisoma,1
Fibrobacter,1
Fictibacillus,0
Filibacter,0
Filifactor,0
Filimonas,1
Filobacillus,0
Filobacterium,1
Filomicrobium,1
Fimbriiglobus,1
Finegoldia,0
Fischerella,1
Flagellimonas,1
Flammeovirga,1
Flaviaesturariibacter,1
Flavicella,1
Flaviflagellibacter,1
Flaviflexus,0
Flavihumibacter,1
Flavimaricola,1
Flavimarina,1
Flaviramulus,1
Flavisolibacter,1
Flavitalea,1
Flavivirga,1
Flavobacterium,1
Flavococcus,1
Flavonifractor,0
Flectobacillus,1
Flexibacter,1
Flexispira,1
Flexithrix,1
Flexivirga,0
Flindersiella,0
Fluoribacter,1
Fluviibacter,1
Fluviicoccus,1
Fluviicola,1
Fluviimonas,1
Fodinibacter,0
Fodinicola,0
Fodinicurvata,1
Foliisarcina,1
Fontibacillus,0
Fontibacter,1
Fonticella,0
Fontimonas,1
Fontisphaera,1
Formivibrio,1
Formosa,1
Fortiea,1
Francisella,1
Franconibacter,1
Frankia,0
Frateuria,1
Frederiksenia,1
Fretibacter,1
Fretibacterium,1
Friedmanniella,0
Frigidibacter,1
Frigoribacterium,0
Frischella,1
Frondibacter,1
Frondihabitans,0
Fructobacillus,0
Fuchsiella,0
Fulbrightiella,1
Fulvibacter,1
Fulvimarina,1
Fulvimonas,1
Fulvitalea,1
Fulvivirga,1
Fundidesulfovibrio,1
Furvibacter,1
Fusibacter,0
Fusicatenibacter,0
Fusobacterium,1
Gabonibacter,1
Gaetbulibacter,1
Gaetbulicola,1
Gaiella,0
Galbibacter,1
Galbitalea,0
Galenea,1
Gallaecimonas,1
Gallibacterium,1
Gallicola,0
Gallionella,1
Gangjinia,1
Garciella,0
Gardnerella,0
Garicola,0
Garritya,1
Gayadomonas,1
Geitleribactron,1
Geitlerinema,1
Gelidibacter,1
Gelria,0
Gemella,0
Geminicoccus,1
Geminisphaera,1
Geminocystis,1
Gemmata,1
Gemmiger,1
Gemmobacter,1
Geoalkalibacter,1
Geobacillus,0
Geobacter,1
Geodermatophilus,0
Geofilum,1
Geojedonia,1
Geomesophilobacter,1
Geomicrobium,0
Geopsychrobacter,1
Georgenia,0
Georgfuchsia,1
Geosporobacter,0
Geothermobacter,1
Geothermobacterium,1
Geothermomicrobium,0
Geothrix,1
Geovibrio,1
Gibbsiella,1
Giesbergeria,1
Gilliamella,1
Gillisia,1
Gilvibacter,1
Gilvimarinus,1
Gimesia,1
Gimibacter,1
Glaciecola,1
Glaciibacter,0
Glaciihabitans,0
Glaciimonas,1
Glaucospira,1
Globicatella,0
Gloeobacter,1
Gloeocapsa,1
Gloeocapsopsis,1
Gloeothece,1
Gloeotrichia,1
Glomeribacter,1
Gluconacetobacter,1
Gluconobacter,1
Glutamicibacter,0
Glycocaulis,1
Glycomyces,0
Godleya,1
Goleter,1
Gomontiella,1
Gomphosphaeria,1
Goodfellowiella,0
Gordonia,0
Gordonibacter,0
Gorillibacterium,0
Gottschalkia,0
Gracilibacillus,0
Gracilibacter,0
Gramella,1
Granulibacter,1
Granulicatella,0
Granulicella,1
Granulicoccus,0
Granulosicoccus,1
Grimontella,1
Grimontia,1
Gryllotalpicola,1
Guggenheimella,0
Guhaiyinggella,1
Gulbenkiania,1
Gulosibacter,0
Gunflintia,1
Gymnodinialimonas,1
Gynuella,1
Gynumella,1
Haematobacter,1
Haematospirillum,1
Haemophilus,1
Haererehalobacter,1
Hafnia,1
Hahella,1
Halalkalibacillus,0
Halanaerobacter,0
Halanaerobaculum,0
Halanaerobium,0
Halanaerocella,0
Halarsenatibacter,0
Haliangium,1
Haliea,1
Halioglobus,1
Haliplanktos,1
Haliscomenobacter,1
Hallella,1
Hallerella,1
Haloactinobacterium,0
Haloactinopolyspora,0
Haloactinospora,0
Haloanella,1
Halobacillus,0
Halobacteriovorax,1
Halobacteroides,0
Halocella,0
Halochromatium,0
Halocynthiibacter,1
Halodesulfovibrio,1
Halodurantibacterium,1
Haloechinothrix,0
Haloferula,1
Haloglycomyces,0
Haloimpatiens,0
Halolactibacillus,0
Haloleptolyngbya,1
Halomicronema,1
Halomonas,1
Halonatronum,0
Halopeptonella,1
Haloplasma,1
Halopolyspora,0
Halorhodospira,1
Halospina,1
Halospirulina,1
Halotalea,1
Halothece,1
Halothermothrix,0
Halothiobacillus,1
Halotia,1
Halovibrio,1
Halovulum,1
Hamadaea,0
Hamiltonella,1
Hankyongella,1
Hansschlegelia,1
Hanstruepera,1
Haoranjiania,1
Hapalosiphon,1
Harryflintia,0
Hartmannibacter,1
Hasllibacter,1
Hassallia,1
Hathewaya,0
Hazenella,0
Hedstroemia,1
Helcobacillus,0
Helcococcus,0
Helicobacter,1
Heliimonas,1
Heliobacillus,0
Heliobacterium,0
Heliophilum,0
Heliorestis,0
Heliothrix,1
Hellea,1
Henriciella,1
Hephaestia,1
Herbaspirillum,1
Herbiconiux,0
Herbidospora,0
Herbihabitans,0
Herbinix,0
Herbivorax,0
Herminiimonas,1
Herpetosiphon,1
Hespellia,0
Heteroleibleinia,1
Hevizibacter,1
Hippea,1
Hirschia,1
Histidinibacterium,1
Histophilus,1
Hoeflea,1
Holdemanella,0
Holdemania,0
Holophaga,1
Holospora,1
Homoeothrix,1
Homoserinibacter,0
Homoserinimonas,0
Hoppeia,1
Hormoscilla,1
Hornefia,0
Howardella,0
Hoyosella,0
Huanghella,1
Hugenholtzia,1
Humibacillus,0
Humibacter,0
Humidesulfovibrio,1
Humihabitans,0
Humitalea,1
Hungatella,0
Hwangdonia,1
Hwanghaeicola,1
Hyalangium,1
Hyalidium,1
Hydrobacter,1
Hydrocarboniphaga,1
Hydrocoleum,1
Hydrogenibacillus,0
Hydrogenimonas,1
Hydrogenivirga,1
Hydrogenoanaerobacterium,0
Hydrogenobacter,1
Hydrogenobaculum,1
Hydrogenophaga,1
Hydrogenophilus,1
Hydrogenothermus,1
Hydrogenovibrio,1
Hydrotalea,1
Hyella,1
Hylemonella,1
Hymenobacter,1
Hypericibacter,1
Hyphobacterium,1
Hyphococcus,1
Hyphomicrobium,1
Hyphomonas,1
Hyunsoonleella,1
Iamia,0
Ichthyenterobacterium,1
Ichthyobacterium,1
Ideonella,1
Idiomarina,1
Ignatzschineria,1
Ignavigranum,0
Ilumatobacter,0
Ilumomonas,1
Imperialibacter,1
Imtechella,1
Imtechium,1
Indibacter,1
Inhella,1
Inmirania,1
Inquilinus,1
Insolitispirillum,1
Intestinibacter,0
Intestinimonas,0
Intrasporangium,0
Iodobacter,1
Iphinoe,1
Isobaculum,0
Isochromatium,1
Isoptericola,0
Isosphaera,1
Izhakiella,1
Jaaginema,1
Jahnella,1
Janibacter,0
Jannaschia,1
Janthinobacterium,1
Jatrophihabitans,0
Jejudonia,1
Jejuia,1
Jeongeupia,1
Jeotgalibaca,0
Jeotgalibacillus,0
Jeotgalicoccus,0
Jhaorihella,1
Jiangella,0
Jinshanibacter,1
Jishengella,0
Jiulongibacter,1
Johannesbaptistia,1
Johansenia,1
Johnsonella,0
Jonesia,0
Jonquetella,1
Joostella,1
Kaistia,1
Kallotenue,1
Kamptonema,1
Kandeliimicrobium,1
Kandleria,0
Kangiella,0
Kastovskya,1
Katagnymene,1
Keratinibaculum,0
Kerstersia,1
Ketogulonicigenium,1
Kibdelosporangium,0
Kiloniella,1
Kineococcus,0
Kineosphaera,0
Kineosporia,0
Kinetoplastibacterium,1
Kingella,1
Kinneretia,1
Kistimonas,1
Kitasatospora,0
Klebsiella,1
Klugiella,0
Kluyvera,1
Knoellia,0
Kocuria,0
Kofleria,1
Komagataeibacter,1
Komvophoron,1
Kopriimonas,1
Kordia,1
Kordiimonas,1
Koribacter,1
Kosakonia,1
Koukoulia,1
Kovacikia,1
Kozakia,1
Krasilnikovia,0
Kribbella,0
Kribbia,0
Kriegella,1
Kroppenstedtia,0
Kurthia,0
Kushneria,1
Kutzneria,0
Kyrpidia,0
Kytococcus,0
Labedaea,0
Labedella,0
Labilibacter,1
Labilithrix,1
Labrenzia,1
Labrys,1
Laceyella,0
Lachnoanaerobaculum,0
Lachnobacterium,0
Lachnoclostridium,0
Lachnospira,0
Lachnotalea,0
Lacibacter,1
Lacibacterium,1
Lacihabitans,1
Lacimicrobium,1
Lacimonas,1
Lacinutrix,1
Lacipirellula,1
Lacticigenium,0
Lactivibrio,1
Lactobacillus,0
Lactococcus,0
Lactonifactor,0
Lactovum,0
Lamprobacter,1
Lamprocystis,1
Lampropedia,1
Lapillicoccus,0
Laribacter,1
Larkinella,1
Larsenimonas,1
Lautropia,1
Lawsonella,0
Lawsonia,1
Leadbetterella,1
Leahibacter,1
Lebetimonas,1
Lechevalieria,0
Leclercia,1
Leeia,1
Leeuwenhoekiella,1
Legionella,1
Leifsonia,0
Leisingera,1
Lelliottia,1
Leminorella,1
Lemmermanniella,1
Lentibacillus,0
Lentibacter,1
Lentilitoribacter,1
Lentimicrobium,1
Lentisphaera,1
Lentzea,0
Leptobacterium,1
Leptoelongatus,1
Leptolyngbya,1
Leptonema,1
Leptospira,1
Leptothermofonsia,1
Leptothoe,1
Leptothrix,1
Leucobacter,0
Leuconostoc,0
Leucothrix,1
Levyella,0
Lewinella,1
Liberibacter,1
Lihuaxuella,0
Limibacillus,1
Limibacter,1
Limibaculum,1
Limimaricola,1
Limimonas,1
Limisphaera,1
Limnobacter,1
Limnobaculum,1
Limnococcus,1
Limnohabitans,1
Limnolyngbya,1
Limnoraphis,1
Limnothrix,1
Limosilactobacillus,0
Linmingia,0
Lipingzhangella,0
Lishizhenia,1
Listeria,0
Listonella,1
Lithococcus,1
Lithomyxa,1
Litoreibacter,1
Litoribacillus,1
Litoribacter,1
Litoribaculum,1
Litoribrevibacter,1
Litoricola,1
Litorilituus,1
Litorimicrobium,1
Litorimonas,1
Litorisediminicola,1
Litorisediminivivens,1
Litorivita,1
Litorivivens,1
Loefgrenia,1
Loktanella,1
Lonepinella,1
Longibacter,1
Longimonas,1
Longimycelium,0
Longispora,0
Lonsdalea,1
Loriellopsis,1
Luedemannella,0
Luminiphilus,1
Lunatimonas,1
Lutaonella,1
Luteibacter,1
Luteibaculum,1
Luteimicrobium,0
Luteimonas,1
Luteipulveratus,0
Luteithermobacter,1
Luteivirga,1
Luteococcus,0
Luteolibacter,1
Lutibacter,1
Lutibacterium,1
Lutibaculum,1
Lutimaribacter,1
Lutimonas,1
Lutispora,0
Lyngbya,1
Lysinibacillus,0
Lysinibacter,0
Lysinimicrobium,0
Lysinimonas,0
Lysobacter,1
Lyticum,1
Macellibacteroides,1
Macrochaete,1
Macrococcus,0
Macromonas,1
Mageeibacillus,0
Magnetococcus,1
Magnetofaba,1
Magnetoglobus,1
Magnetospira,1
Magnetospirillum,1
Magnetovibrio,1
Mahella,0
Maledivibacter,0
Malikia,1
Maliponia,1
Malonomonas,1
Mameliella,1
Mangrovibacter,1
Mangrovibacterium,1
Mangrovicoccus,1
Mangroviflexus,1
Mangrovimonas,1
Mannheimia,1
Margalefia,1
Maribacter,1
Maribius,1
Maricaulis,1
Marichromatium,1
Maricurvus,1
Maridesulfovibrio,1
Marihabitans,0
Marimicrobium,1
Marimonas,1
Marinactinospora,0
Marinagarivorans,1
Marinibacterium,1
Marinibaculum,1
Mariniblastus,1
Marinicauda,1
Marinicaulis,1
Marinicella,1
Marinifilum,1
Mariniflexile,1
Marinigracilibium,1
Marinilabilia,1
Marinilactibacillus,0
Mariniluteicoccus,0
Marinimicrobium,1
Marininema,0
Mariniphaga,1
Mariniradius,1
Marinirhabdus,1
Marinitalea,1
Marinithermofilum,0
Marinithermus,1
Marinobacter,1
Marinobacterium,1
Marinococcus,0
Marinomonas,1
Marinoscillum,1
Marinospirillum,1
Marinosulfonomonas,1
Marinovum,1
Mariprofundus,1
Marisediminicola,0
Marispirillum,1
Maritalea,1
Maritimibacter,1
Maritimimonas,1
Marivirga,1
Marivita,1
Marivivens,1
Marixanthomonas,1
Marmoricola,0
Martelella,1
Marvinbryantia,0
Massilia,1
Mastigocladopsis,1
Mastigocladus,1
Mastigocoleus,1
Mechercharimyces,0
Megamonas,1
Meganema,1
Megasphaera,1
Meinhardsimonia,1
Meiothermus,1
Melaminivora,1
Melghiribacillus,0
Melghirimyces,0
Melissococcus,0
Melittangium,1
Meniscus,1
Meridianimaribacter,1
Meridianimarinicoccus,1
Merismopedia,1
Mesocricetibacter,1
Mesoflavibacter,1
Mesonia,1
Mesophilobacter,1
Mesoplasma,1
Mesorhizobium,1
Mesoterricola,1
Metabacterium,0
Metallibacterium,1
Methylacidimicrobium,1
Methylacidiphilum,1
Methylarcula,1
Methylibium,1
Methylobacillus,1
Methylobacter,1
Methylobacterium,1
Methylobrevis,1
Methylocaldum,1
Methylocapsa,1
Methyloceanibacter,1
Methylocella,1
Methylococcus,1
Methylocystis,1
Methyloferula,1
Methylogaea,1
Methyloglobulus,1
Methylohalobius,1
Methylohalomonas,1
Methyloligella,1
Methylomagnum,1
Methylomarinovum,1
Methylomarinum,1
Methylomicrobium,1
Methylomonas,1
Methylonatrum,1
Methyloparacoccus,1
Methylophaga,1
Methylophilus,1
Methylopila,1
Methyloprofundus,1
Methylorhabdus,1
Methylorosula,1
Methylosarcina,1
Methylosinus,1
Methylosoma,1
Methylosporovibrio,1
Methylosulfonomonas,1
Methylotenera,1
Methyloterrigena,1
Methylothermus,1
Methyloversatilis,1
Methylovirgula,1
Methylovorus,1
Methylovulum,1
Micavibrio,1
Microaerobacter,0
Microbacter,1
Microbacterium,0
Microbispora,0
Microbulbifer,1
Microcella,0
Microchaete,1
Micrococcus,0
Microcrocis,1
Microcystis,1
Microlunatus,0
Micromonas,0
Micromonospora,0
Micropepsis,1
Micropolyspora,0
Micropruina,0
Microscilla,1
Microseira,1
Microterricola,0
Microtetraspora,0
Microthrix,0
Microvirga,1
Microvirgula,1
Millisia,0
Minicystis,1
Miniimonas,0
Mitsuaria,1
Mitsuokella,1
Mixta,1
Mizugakiibacter,1
Mobilicoccus,0
Mobilisporobacter,0
Mobilitalea,0
Mobiluncus,0
Modestobacter,0
Modicisalibacter,1
Moellerella,1
Mogibacterium,0
Moheibacter,1
Monashia,0
Mongoliibacter,1
Mongoliicoccus,1
Mongoliimonas,1
Mongoliitalea,1
Monilinema,1
Moorea,1
Mooreia,1
Moorella,0
Moraxella,1
Morganella,1
Moritella,1
Morococcus,1
Moryella,0
Motilibacter,0
Motiliproteus,1
Mucilaginibacter,1
Mucinivorans,1
Mumia,0
Murdochiella,0
Muribacter,1
Muricauda,1
Muricoccus,1
Muriicola,1
Murimonas,0
Murinocardiopsis,0
Myceligenerans,0
Mycetocola,0
Mycoavidus,1
Mycobacterium,0
Mycolicibacterium,0
Mycoplana,1
Mycoplasma,1
Mycoplasmoides,1
Myroides,1
Myxacorys,1
Myxobacter,1
Myxobaktron,1
Myxococcus,1
Myxosarcina,1
Mzabimyces,0
Naasia,0
Nafulsella,1
Nakamurella,0
Namhaeicola,1
Nannocystis,1
Nasuia,1
Natranaerobaculum,0
Natranaerobium,0
Natranaerobius,0
Natranaerovirga,0
Natribacillus,0
Natroniella,0
Natronincola,0
Natronoanaerobium,0
Natronobacillus,0
Natronocella,1
Natronoflexus,1
Natronohydrobacter,1
Natronotalea,1
Natronovirga,0
Naumannella,0
Nautella,1
Nautilia,1
Naxibacter,1
Necropsobacter,1
Negadavirga,1
Negativicoccus,1
Neiella,1
Neisseria,1
Neoasaia,1
Neoehrlichia,1
Neokomagataea,1
Neomegalonema,1
Neomicrococcus,0
Neomoorella,0
Neorhizobium,1
Neorickettsia,1
Neoscardovia,0
Neosynechococcus,1
Neotabrizicola,1
Neptunicoccus,1
Neptuniibacter,1
Neptunitalea,1
Neptunomonas,1
Nereida,1
Nesiotobacter,1
Nesterenkonia,0
Nevskia,1
Nguyenibacter,1
Niabella,1
Niastella,1
Nibrella,1
Nibribacter,1
Nicoletella,1
Nioella,1
Nisaea,1
Nitratifractor,1
Nitratireductor,1
Nitratiruptor,1
Nitriliruptor,0
Nitrincola,1
Nitritalea,1
Nitrobacter,1
Nitrobacteria,1
Nitrococcus,1
Nitropelagi,1
Nitrosococcus,1
Nitrosomonas,1
Nitrosospira,1
Nitrosovibrio,1
Nitrospirillum,1
Niveibacterium,1
Niveispirillum,1
Nocardia,0
Nocardioides,0
Nocardiopsis,0
Nodosilinea,1
Nodularia,1
Nonlabens,1
Nonomuraea,0
Nordella,1
Nosocomiicoccus,0
Nostoc,1
Nostochopsis,1
Novibacillus,0
Noviherbaspirillum,1
Novispirillum,1
Novosphingobium,1
Nubsella,1
Obesumbacterium,1
Oblitimonas,1
Occallatibacter,1
Oceanibacterium,1
Oceanibaculum,1
Oceanibium,1
Oceanibulbus,1
Oceanicaulis,1
Oceanicella,1
Oceanicoccus,1
Oceanicola,1
Oceaniglobus,1
Oceanimonas,1
Oceaniovalibus,1
Oceanipulchritudo,1
Oceaniradius,1
Oceanirhabdus,0
Oceaniserpentilla,1
Oceanisphaera,1
Oceanistipes,1
Oceanitalea,0
Oceanithermus,1
Oceanobacillus,0
Oceanobacter,1
Oceanobacterium,1
Oceanococcus,1
Oceanospirillum,1
Oceanrickettsia,1
Ochrobactrum,1
Octadecabacter,1
Oculatella,1
Odoribacter,1
Oenococcus,0
Oerskovia,0
Oharaeibacter,1
Ohtaekwangia,1
Okadaella,0
Okeania,1
Okibacterium,0
Oleibacter,1
Oleiliquidispirillum,1
Oleiphilus,1
Oleispira,1
Oleomonas,1
Oligella,1
Oligoflexus,1
Oligosphaera,1
Oligotropha,1
Oliverpabstia,0
Olivibacter,1
Olleya,1
Olsenella,0
Opitutus,1
Orabacterium,1
Orbus,1
Orenia,0
Oribacterium,0
Oricola,1
Orientia,1
Ornithinibacillus,0
Ornithinibacter,0
Ornithinicoccus,0
Ornithinimicrobium,0
Ornithobacterium,1
Oryzihumus,0
Oryzobacter,0
Oryzomonas,1
Oscillatoria,1
Oscillibacter,0
Oscillochloris,1
Oscillospira,0
Otariodibacter,1
Ottowia,1
Owenweeksia,1
Oxalicibacterium,1
Oxalobacter,1
Oxalophagus,0
Oxobacter,0
Oxynema,1
Pacaella,1
Pacificamonas,1
Pacificibacter,1
Pacificimonas,1
Pacificoceanicola,1
Paenalcaligenes,1
Paenarthrobacter,0
Paenibacillus,0
Paeniclostridium,0
Paeniglutamicibacter,0
Paenirhodobacter,1
Paenisporosarcina,0
Paenochrobactrum,1
Pajaroellobacter,1
Palaeohydrococcus,1
Palikiella,1
Palleronia,1
Paludibacter,1
Paludibacterium,1
Paludibaculum,1
Paludisphaera,1
Panacagrimonas,1
Panacibacter,1
Pandoraea,1
Pannonibacter,1
Pannus,1
Pantanalinema,1
Pantoea,1
Papillibacter,0
Parabacteroides,1
Parablastomonas,1
Paraburkholderia,1
Paracidobacterium,1
Paraclostridium,0
Paracoccus,1
Paracraurococcus,1
Paradevosia,1
Paraeggerthella,0
Paraferrimonas,1
Parafilimonas,1
Paraglaciecola,1
Parahaliea,1
Paraherbaspirillum,1
Paralcaligenes,1
Paraliobacillus,0
Paramaledivibacter,0
Paramesorhizobium,1
Paramoritella,1
Paraoerskovia,0
Parapedobacter,1
Paraperlucidibaca,1
Paraprevotella,1
Parapusillimonas,1
Pararhodobacter,1
Pararhodospirillum,1
Parasaccharibacter,1
Parascardovia,0
Parasedimentitalea,1
Parasediminibacterium,1
Parasegetibacter,1
Parasphingopyxis,1
Parasporobacterium,0
Parastreptomyces,0
Parasutterella,1
Paroceanicella,1
Parvibacter,0
Parvibaculum,1
Parvimonas,0
Parviterribacter,0
Parvopolyspora,0
Parvularcula,1
Pasteurella,1
Pasteuria,0
Patulibacter,0
Paucibacter,1
Paucimonas,1
Paucisalibacillus,0
Pectinatus,1
Pectobacterium,1
Pediococcus,0
Pedobacter,1
Pedomicrobium,1
Pedosphaera,1
Pelagibaca,1
Pelagibacter,1
Pelagibacterium,1
Pelagibius,1
Pelagicola,1
Pelagimonas,1
Pelagirhabdus,0
Pelagivirga,1
Pelagovum,1
Pelatocladus,1
Pelistega,1
Pelobacter,1
Pelocola,1
Pelodictyon,1
Pelomonas,1
Pelosinus,1
Pelospora,0
Pelotomaculum,0
Pelovirga,1
Peptacetobacter,0
Peptoanaerobacter,0
Peptoclostridium,0
Peptococcus,0
Peptoniphilus,0
Peptostreptococcus,0
Peredibacter,1
Perexilibacter,1
Perlucidibaca,1
Permianibacter,1
Persephonella,1
Persicirhabdus,1
Persicitalea,1
Persicobacter,1
Perspicuibacter,1
Petalonema,1
Petrimonas,1
Petrobacter,1
Phaeobacter,1
Phaeobacterium,1
Phaeochromatium,1
Phaeocystidibacter,1
Phaeodactylibacter,1
Phaeospirillum,1
Phaeovibrio,1
Phascolarctobacterium,1
Phaselicystis,1
Phaseolibacter,1
Phenylobacterium,1
Phlomobacter,1
Phocaeicola,1
Phocoenobacter,1
Phorcysia,1
Phormidesmis,1
Phormidium,1
Photobacterium,1
Photococcus,1
Photorhabdus,1
Photorhizobium,1
Phreatobacter,1
Phycicoccus,0
Phycicola,0
Phyllobacterium,1
Phyllonema,1
Phytoactinopolyspora,0
Phytobacter,1
Phytohabitans,0
Phytomonospora,0
Phytoplasma,0
Pibocella,1
Piezobacter,1
Pigmentiphaga,1
Pilibacter,0
Pilimelia,0
Pillotina,1
Pimelobacter,0
Pinisolibacter,1
Pinocchia,1
Pirellula,1
Piscibacillus,0
Piscicoccus,0
Pisciglobus,0
Piscinibacter,1
Piscirickettsia,1
Pistricoccus,1
Placoma,1
Planctomicrobium,1
Planctomyces,1
Planctopirus,1
Planifilum,0
Planktolyngbya,1
Planktomarina,1
Planktophila,0
Planktosalinus,1
Planktotalea,1
Planktothricoides,1
Planktothrix,1
Planobispora,0
Planococcus,0
Planomicrobium,0
Planomonospora,0
Planosporangium,0
Planotetraspora,0
Plantactinospora,0
Plantibacter,0
Plasticicumulans,1
Plastorhodobacter,1
Plectolyngbya,1
Plectonema,1
Pleionea,1
Pleomorphobacterium,1
Pleomorphomonas,1
Plesiocystis,1
Plesiomonas,1
Pleurocapsa,1
Pluralibacter,1
Polaribacter,1
Polaromonas,1
Polyangium,1
Polycladomyces,0
Polycyclovorans,1
Polygonibacillus,0
Polymorphobacter,1
Polymorphospora,0
Polymorphum,1
Polynucleobacter,1
Polyprosthecobacterium,1
Pontibaca,1
Pontibacillus,0
Pontibacter,1
Ponticaulis,1
Ponticoccus,1
Pontimonas,0
Pontivivens,1
Porcincola,0
Porifericola,1
Poriferisphaera,1
Porphyrobacter,1
Porphyromonas,1
Portibacter,1
Porticoccus,1
Portiera,1
Poseidonocella,1
Postechiella,1
Potamolinea,1
Potamosiphon,1
Povalibacter,1
Pragia,1
Prauserella,0
Prauseria,0
Prevotella,1
Pricia,1
Primorskyibacter,1
Procabacter,1
Prochlorococcus,1
Prochloron,1
Prochlorothrix,1
Prodigiosinella,1
Profundibacter,1
Profundibacterium,1
Profundimonas,1
Prolinoborus,1
Prolixibacter,1
Promicromonospora,0
Promyxobacterium,1
Propionibacterium,0
Propionicicella,0
Propioniciclava,0
Propionicimonas,0
Propioniferax,0
Propionimicrobium,0
Propionispira,1
Propionispora,1
Propionivibrio,1
Prosthecobacter,1
Prosthecochloris,1
Prosthecomicrobium,1
Protaminobacter,1
Proteiniborus,0
Proteiniclasticum,0
Proteinimicrobium,1
Proteiniphilum,1
Proteinivorax,0
Proteocatella,0
Proteus,1
Protolyngbya,1
Providencia,1
Pseudacidovorax,1
Pseudaestuariivita,1
Pseudahrensia,1
Pseudaminobacter,1
Pseudanabaena,1
Pseudarcicella,1
Pseudarthrobacter,0
Pseudenhygromyxa,1
Pseudescherichia,1
Pseudoaliinostoc,1
Pseudoalteromonas,1
Pseudobacillus,0
Pseudobacter,1
Pseudobacteriovorax,1
Pseudobacteroides,0
Pseudobutyrivibrio,0
Pseudochelatococcus,1
Pseudochrobactrum,1
Pseudocitrobacter,1
Pseudoclavibacter,0
Pseudodesulfovibrio,1
Pseudodonghicola,1
Pseudoduganella,1
Pseudoflavitalea,1
Pseudoflavonifractor,0
Pseudofulvibacter,1
Pseudofulvimonas,1
Pseudogemmobacter,1
Pseudoglutamicibacter,0
Pseudogracilibacillus,0
Pseudogulbenkiania,1
Pseudohaliea,1
Pseudohalocynthiibacter,1
Pseudohongiella,1
Pseudokineococcus,0
Pseudolabrys,1
Pseudomaribius,1
Pseudomaricurvus,1
Pseudomarivita,1
Pseudomonas,1
Pseudonocardia,0
Pseudooceanicola,1
Pseudooctadecabacter,1
Pseudopedobacter,1
Pseudopelagicola,1
Pseudophaeobacter,1
Pseudophormidium,1
Pseudoramibacter,0
Pseudorhizobium,1
Pseudorhodobacter,1
Pseudorhodoferax,1
Pseudorhodoplanes,1
Pseudoroseicyclus,1
Pseudoroseobacter,1
Pseudoroseovarius,1
Pseudoruegeria,1
Pseudoscardovia,0
Pseudoscillatoria,1
Pseudoscytonema,1
Pseudoseohaeicola,1
Pseudosphingobacterium,1
Pseudospirillum,1
Pseudosporangium,0
Pseudoteredinibacter,1
Pseudovibrio,1
Pseudoxanthobacter,1
Pseudoxanthomonas,1
Pseudozobellia,1
Psychrobacillus,0
Psychrobacter,1
Psychrobium,1
Psychroflexus,1
Psychroglaciecola,1
Psychromarinibacter,1
Psychromonas,1
Psychroserpens,1
Psychrosinus,1
Psychrosphaera,1
Pukyongiella,1
Pullulanibacillus,0
Puniceibacterium,1
Puniceicoccus,1
Pusillimonas,1
Pustulibacterium,1
Pyramidobacter,1
Pyrinomonas,1
Pyruvatibacter,1
Pyxidicoccus,1
Qingshengfania,1
Qipengyuania,1
Quadricoccus,1
Quadrisphaera,0
Quatrionicoccus,1
Quinella,1
Radaisia,1
Radiocystis,1
Rahnella,1
Raineya,1
Ralstonia,1
Ramlibacter,1
Raoultella,1
Raphidiopsis,1
Rapidithrix,1
Rariglobus,1
Rarimicrobium,1
Rarobacter,0
Raskinella,1
Rathayibacter,0
Ravibacter,1
Regiella,1
Rehaibacterium,1
Reichenbachiella,1
Reichenowia,1
Reinekea,1
Renibacterium,0
Rexia,1
Reyranella,1
Rhabdobacter,1
Rhabdochromatium,1
Rhabdoderma,1
Rhabdogloea,1
Rhabdonatronobacter,1
Rhabdothermus,1
Rheinheimera,1
Rhizobacter,1
Rhizobium,1
Rhizocola,0
Rhizomicrobium,1
Rhizonema,1
Rhizorhabdus,1
Rhizorhapis,1
Rhodanobacter,1
Rhodobaca,1
Rhodobacter,1
Rhodobaculum,1
Rhodobium,1
Rhodoblastus,1
Rhodocaloribacter,1
Rhodocista,1
Rhodococcus,0
Rhodocyclus,1
Rhodocytophaga,1
Rhodoferax,1
Rhodoflexus,1
Rhodoglobus,0
Rhodoligotrophos,1
Rhodoluna,0
Rhodomicrobium,1
Rhodonellum,1
Rhodopila,1
Rhodopirellula,1
Rhodoplanes,1
Rhodoploca,1
Rhodopseudomonas,1
Rhodosalinus,1
Rhodospira,1
Rhodospirillum,1
Rhodostichus,1
Rhodothalassium,1
Rhodothermus,1
Rhodovarius,1
Rhodovastum,1
Rhodovibrio,1
Rhodovulum,1
Richelia,1
Rickettsia,1
Rickettsiella,1
Riemerella,1
Rikenella,1
Risungbinella,0
Rivibacter,1
Rivicola,1
Rivularia,1
Robertkochia,1
Robiginitalea,1
Robiginitomaculum,1
Robiginosimarina,1
Robinsoniella,0
Roholtiella,1
Romboutsia,0
Romeria,1
Roseateles,1
Roseburia,0
Roseiarcus,1
Roseibaca,1
Roseibacterium,1
Roseibacula,1
Roseibium,1
Roseicitreum,1
Roseicyclus,1
Roseiflexus,1
Roseimarinus,1
Roseimaritima,1
Roseimicrobium,1
Roseinatronobacter,1
Roseisalinus,1
Roseithermus,1
Roseivirga,1
Roseivivax,1
Rosenbergiella,1
Roseobacter,1
Roseococcus,1
Roseofilum,1
Roseomonas,1
Roseospira,1
Roseospirillum,1
Roseovarius,1
Rothia,0
Rouxiella,1
Ruania,0
Rubellimicrobium,1
Rubidibacter,1
Rubidimonas,1
Rubinisphaera,1
Rubribacterium,1
Rubricella,1
Rubricoccus,1
Rubrimonas,1
Rubripirellula,1
Rubritalea,1
Rubritepida,1
Rubrivirga,1
Rubrivivax,1
Rubrobacter,0
Rudaea,1
Rudaeicoccus,0
Rudaibacter,0
Rudanella,1
Ruegeria,1
Rufibacter,1
Rugamonas,1
Rugosimonospora,0
Ruminiclostridium,0
Ruminobacter,1
Ruminococcus,0
Ruminofilibacter,1
Rummeliibacillus,0
Runella,1
Sabulilitoribacter,1
Saccharibacillus,0
Saccharibacter,1
Saccharicrinis,1
Saccharobacter,1
Saccharococcus,0
Saccharofermentans,0
Saccharomonospora,0
Saccharophagus,1
Saccharopolyspora,0
Saccharospirillum,1
Saccharothrix,0
Saccharothrixopsis,0
Saezia,1
Sagittula,1
Salana,0
Salegentibacter,1
Salibacter,1
Salibacterium,0
Salicola,1
Salimesophilobacter,0
Salimicrobium,0
Salinactinospora,0
Salinarimonas,1
Salinibacillus,0
Salinibacter,1
Salinibacterium,0
Salinicoccus,0
Salinicola,1
Salinihabitans,1
Salinimicrobium,1
Salinimonas,1
Salinirepens,1
Salinisphaera,1
Salinispira,1
Salinispirillum,1
Salinispora,0
Salinithrix,0
Salinivenus,1
Salinivibrio,1
Salinovum,1
Salipaludibacillus,0
Salipiger,1
Salirhabdus,0
Salisaeta,1
Salisediminibacterium,0
Saliterribacillus,0
Salmonella,1
Salsuginibacillus,0
Samsonia,1
Sandaracinobacter,1
Sandaracinomonas,1
Sandaracinus,1
Sandarakinorhabdus,1
Sanguibacter,0
Sanguibacteroides,1
Saprospira,1
Sarcina,0
Savagea,0
Scardovia,0
Schlegelella,1
Schleiferia,1
Schlesneria,1
Schnuerera,0
Schumannella,0
Schwartzia,1
Sciscionella,0
Scopulibacillus,0
Scytolyngbya,1
Scytonema,1
Scytonematopsis,1
Sedimentibacter,0
Sedimenticola,1
Sedimentisphaera,1
Sedimentitalea,1
Sediminibacillus,0
Sediminibacter,1
Sediminibacterium,1
Sediminicoccus,1
Sediminicola,1
Sediminihabitans,0
Sediminimonas,1
Sediminitalea,1
Sediminitomix,1
Sediminivirga,0
Segetibacter,1
Segniliparus,0
Seinonella,0
Selenihalanaerobacter,0
Selenomonas,1
Seliberia,1
Sellimonas,0
Seminibacterium,1
Senegalimassilia,0
Seohaeicola,1
Seonamhaeicola,1
Serinibacter,0
Serinicoccus,0
Serpentinicella,0
Serpulina,1
Serratia,1
Sharpea,0
Shewanella,1
Shigella,1
Shimazuella,0
Shimia,1
Shimwellia,1
Shinella,1
Shivajiella,1
Shuttleworthia,0
Siansivirga,1
Siccibacter,1
Sideroxydans,1
Silanimonas,1
Silicibacter,1
Silicimonas,1
Silvanigrella,1
Silvibacterium,1
Silvimonas,1
Simiduia,1
Simonsiella,1
Simplicispira,1
Singulisphaera,1
Sinibacillus,0
Sinimarinibacterium,1
Sinirhodobacter,1
Sinobaca,0
Sinobacterium,1
Sinomicrobium,1
Sinomonas,0
Sinorhizobium,1
Sinorhodobacter,1
Sinorickettsia,1
Sinosporangium,0
Siphonobacter,1
Siphononema,1
Skermanella,1
Skermania,0
Slackia,0
Smaragdicoccus,0
Smithella,1
Sneathiella,1
Snodgrassella,1
Snowella,1
Snuella,1
Sodalis,1
Soehngenia,0
Solentia,1
Solibacillus,0
Solibacter,1
Solidesulfovibrio,1
Solimonas,1
Solirubrobacter,0
Solitalea,1
Solobacterium,0
Solomonas,1
Solwaraspora,0
Sorangium,1
Spelaeicoccus,0
Sphaerimonospora,0
Sphaerisporangium,0
Sphaerocavum,1
Sphaerochaeta,1
Sphaerospermopsis,1
Sphaerotilus,1
Sphingoaurantiacus,1
Sphingobacterium,1
Sphingobium,1
Sphingomicrobium,1
Sphingomonas,1
Sphingopyxis,1
Sphingorhabdus,1
Sphingosinicella,1
Sphingoterrabacterium,1
Spinactinospora,0
Spiribacter,1
Spirilliplanes,0
Spirillospora,0
Spirillum,1
Spirirestis,1
Spirobacillus,1
Spirochaeta,1
Spironema,1
Spiroplasma,1
Spirosoma,1
Spirulina,1
Spongiibacter,1
Spongiibacterium,1
Spongiiferula,1
Spongiimicrobium,1
Spongiimonas,1
Spongiispira,1
Spongiivirga,1
Spongiobacter,1
Spongitalea,1
Sporacetigenium,0
Sporanaerobacter,0
Sporichthya,0
Sporobacter,0
Sporobacterium,0
Sporocytophaga,1
Sporohalobacter,0
Sporolactobacillus,0
Sporolituus,1
Sporomusa,1
Sporosalibacterium,0
Sporosarcina,0
Sporotalea,1
Sporotomaculum,0
Stackebrandtia,0
Stakelama,1
Staleya,1
Stanieria,1
Staphylococcus,0
Stappia,1
Starkeya,1
Starria,1
Stella,1
Stenomitos,1
Stenotrophobacter,1
Stenotrophomonas,1
Stenoxybacter,1
Steroidobacter,1
Sterolibacterium,1
Stibiobacter,0
Stichosiphon,1
Stigmatella,1
Stigonema,1
Stomatobaculum,0
Stomatococcus,0
Streptacidiphilus,0
Streptoalloteichus,0
Streptococcus,0
Streptohalobacillus,0
Streptomonospora,0
Streptomyces,0
Streptosporangium,0
Streptostemon,1
Streptoverticillium,0
Subaequorebacter,1
Subdoligranulum,0
Subsaxibacter,1
Subsaximicrobium,1
Subtercola,0
Succinatimonas,1
Succiniclasticum,1
Succinimonas,1
Succinispira,1
Succinivibrio,1
Sufflavibacter,1
Suipraeoptans,0
Sulcia,1
Sulfidibacter,1
Sulfitobacter,1
Sulfobacillus,0
Sulfuricaulis,1
Sulfuricella,1
Sulfuricurvum,1
Sulfuriferula,1
Sulfuriflexus,1
Sulfurifustis,1
Sulfurihydrogenibium,1
Sulfurimonas,1
Sulfurirhabdus,1
Sulfurisoma,1
Sulfuritalea,1
Sulfurivirga,1
Sulfurospirillum,1
Sulfurovum,1
Sungkyunkwania,1
Sunxiuqinia,1
Sutterella,1
Suttonella,1
Swaminathania,1
Swingsia,1
Symbiobacterium,1
Symbiopectobacterium,1
Symphyonema,1
Symphyonemopsis,1
Symploca,1
Symplocastrum,1
Synechococcus,1
Synechocystis,1
Synergistes,1
Syntrophaceticus,0
Syntrophobacter,1
Syntrophobotulus,0
Syntrophococcus,0
Syntrophomonas,0
Syntrophorhabdus,1
Syntrophospora,0
Syntrophothermus,0
Syntrophus,1
Tabrizicola,1
Taeania,1
Taeseokella,1
Tagaea,1
Tahibacter,1
Taibaiella,1
Tamaricihabitans,0
Tamilnaduibacter,1
Tamlana,1
Tammella,1
Tangfeifania,1
Tannerella,1
Tanticharoenia,1
Taonella,1
Tapinothrix,1
Tardiphaga,1
Tateyamaria,1
Tatlockia,1
Tatumella,1
Taurinivorans,1
Taylorella,1
Telluria,1
Telluribacter,1
Tellurimicrobium,1
Tellurirhabdus,1
Telmatobacter,1
Telmatocola,1
Telmatospirillum,1
Temperatibacter,1
Tenacibaculum,1
Tenebrionicola,1
Tenggerimyces,0
Tenuibacillus,0
Tepidamorphus,1
Tepidanaerobacter,0
Tepidibacillus,0
Tepidibacter,0
Tepidicaulis,1
Tepidicella,1
Tepidimicrobium,0
Tepidimonas,1
Tepidiphilus,1
Tepidisphaera,1
Terasakiella,1
Terasakiispira,1
Teredinibacter,1
Terrabacter,0
Terracidiphilus,1
Terracoccus,0
Terrahaemophilus,1
Terribacillus,0
Terriglobus,1
Terrilactibacillus,0
Terrimicrobium,1
Terrimonas,1
Terrisporobacter,0
Tersicoccus,0
Tessaracoccus,0
Testudinibacter,1
Tetracoccus,1
Tetragenococcus,0
Tetrasphaera,0
Tetrathiobacter,1
Texcoconibacillus,0
Thalassiella,0
Thalassobacillus,0
Thalassobacter,1
Thalassobaculum,1
Thalassobium,1
Thalassobius,1
Thalassocella,1
Thalassococcus,1
Thalassolituus,1
Thalassomonas,1
Thalassoporum,1
Thalassorhabdomicrobium,1
Thalassospira,1
Thalassotalea,1
Thalassovivens,1
Thauera,1
Thermacetogenium,0
Thermaerobacter,0
Thermanaeromonas,0
Thermanaerovibrio,1
Thermasporomyces,0
Thermicanus,0
Thermincola,0
Thermithiobacillus,1
Thermoactinomyces,0
Thermoactinospora,0
Thermoanaerobacter,0
Thermoanaerobacterium,0
Thermoanaerobaculum,1
Thermoanaerobium,0
Thermobacillus,0
Thermobifida,0
Thermobispora,0
Thermobrachium,0
Thermocatellispora,0
Thermochromatium,1
Thermocrinis,1
Thermocrispum,0
Thermodesulfatator,1
Thermodesulfobacterium,1
Thermodesulfobium,0
Thermodesulforhabdus,1
Thermodesulfovibrio,1
Thermoflavifilum,1
Thermoflavimicrobium,0
Thermoflexibacter,1
Thermogutta,1
Thermohalobacter,0
Thermohydrogenium,0
Thermoleophilum,0
Thermolithobacter,0
Thermolongibacillus,0
Thermomonas,1
Thermomonospora,0
Thermonema,1
Thermopetrobacter,1
Thermophagus,1
Thermopolyspora,0
Thermosediminibacter,0
Thermosinus,1
Thermostilla,1
Thermosulfidibacter,1
Thermosulfurimonas,1
Thermosulfuriphilus,1
Thermosynechococcus,1
Thermosyntropha,0
Thermotalea,0
Thermoterrabacterium,0
Thermothrix,1
Thermotomaculum,1
Thermotunica,0
Thermovenabulum,0
Thermovibrio,1
Thermovirga,1
Thermovorax,0
Thermus,1
Thioalbus,1
Thioalkalibacter,1
Thioalkalicoccus,1
Thioalkalimicrobium,1
Thioalkalispira,1
Thioalkalivibrio,1
Thiobaca,1
Thiobacillus,1
Thiobacimonas,1
Thiobacter,1
Thiobacterium,1
Thiocapsa,1
Thioclava,1
Thiococcus,1
Thiocystis,1
Thiodictyon,1
Thiofaba,1
Thioflavicoccus,1
Thioflexithrix,1
Thioflexothrix,1
Thiofractor,1
Thiogranum,1
Thiohalobacter,1
Thiohalocapsa,1
Thiohalomonas,1
Thiohalophilus,1
Thiohalorhabdus,1
Thiohalospira,1
Thiolamprovum,1
Thiolapillus,1
Thiomargarita,1
Thiomicrospira,1
Thiomonas,1
Thiopedia,1
Thiophaeococcus,1
Thiophysa,1
Thioploca,1
Thioprofundum,1
Thiopseudomonas,1
Thioreductor,1
Thiorhodococcus,1
Thiorhodospira,1
Thiorhodovibrio,1
Thiospira,1
Thiospirillum,1
Thiosulfatihalobacter,1
Thiotaurens,1
Thiothrix,1
Thiovirga,1
Thiovulum,1
Thomasclavelia,0
Thorsellia,1
Tianweitania,1
Tiedjeia,1
Timonella,0
Tindallia,0
Tissierella,0
Tistlia,1
Tistrella,1
Tolumonas,1
Tolypothrix,1
Tomitella,0
Tonsilliphilus,0
Toxopsis,1
Toxothrix,1
Trabulsiella,1
Tranquillimonas,1
Treponema,1
Trichococcus,0
Trichocoleus,1
Trichodesmium,1
Trichormus,1
Trichotomospora,0
Trigonala,0
Tritonibacter,1
Tropheryma,0
Tropicibacter,1
Tropicihabitans,0
Tropicimonas,1
Truepera,1
Trueperella,0
Tsukamurella,0
Tuberibacillus,0
Tuberoidobacter,1
Tubiella,1
Tumebacillus,0
Tundrisphaera,1
Tunicatimonas,1
Turicella,0
Turicibacter,0
Turicimonas,1
Turneriella,1
Tuwongella,1
Tychonema,1
Tyzzerella,0
Uliginosibacterium,1
Ultramicrobacter,1
Ulvibacter,1
Umboniibacter,1
Umezakia,1
Umezawaea,0
Undibacterium,1
Ureibacillus,0
Urmitella,0
Ursidibacter,1
Uruburuella,1
Vadicella,1
Vagococcus,0
Vallitalea,0
Vampirovibrio,1
Varibaculum,0
Variibacter,1
Variovorax,1
Varunaivibrio,1
Vasilyevaea,1
Veillonella,1
Velocimicrobium,0
Venenivibrio,1
Venteria,1
Ventosimonas,1
Verminephrobacter,1
Verrucomicrobium,1
Verrucosispora,0
Vespertiliibacter,1
Vibrio,1
Vibrionimonas,1
Victivallis,1
Virgibacillus,0
Virgisporangium,0
Viridibacillus,0
Vitellibacter,1
Vitreimonas,1
Vitreoscilla,1
Vogesella,1
Volucribacter,1
Vulcanibacillus,0
Vulcaniibacterium,1
Vulcanithermus,1
Vulgatibacter,1
Wandonia,1
Wangella,0
Wautersiella,1
Weeksella,1
Weissella,0
Wenxinia,1
Wenyingzhuangia,1
Wenzhouxiangella,1
Westiella,1
Westiellopsis,1
Wigglesworthia,1
Williamsia,0
Wilmottia,1
Winogradskyella,1
Woeseia,1
Wohlfahrtiimonas,1
Wolbachia,1
Wolinella,1
Wollea,1
Wolskyella,1
Woodsholea,1
Woronichinia,1
Wukongibacter,0
Xanthobacillum,1
Xanthobacter,1
Xanthomarina,1
Xanthomonas,1
Xanthovirga,1
Xenococcus,1
Xenophilus,1
Xenorhabdus,1
Xiangella,0
Xinfangfangia,1
Xiphinematobacter,1
Xylanibacterium,0
Xylanimicrobium,0
Xylanimonas,0
Xylella,1
Xylophilus,1
Yangia,1
Yaniella,0
Yeosuana,1
Yersinia,1
Yimella,0
Yinghuangia,0
Yokenella,1
Yonghaparkia,0
Yoonia,1
Youhaiella,1
Youngiibacter,0
Youngimonas,1
Yuhushiella,0
Zavarzinella,1
Zavarzinia,1
Zeaxanthinibacter,1
Zhihengliuella,0
Zhizhongheella,1
Zhongshania,1
Zhouia,1
Zobellella,1
Zobellia,1
Zoogloea,1
Zooshikella,1
Zunongwangia,1
Zymobacter,1
Zymomonas,1
Zymophilus,1
