genus,genus_clean,frac_top,p,anaerobe,PFOR,FeFe_H2ase,DSR,coxA,katE,cydA,n_genomes,GAI,ijsem_anaerobe,n_records,mean_ra
Comamonas,Comamonas,0.2549019607843137,0.0012261499891986,0.0,0.0,0.0,0.0,0.9333333333333332,0.7333333333333333,0.8666666666666667,15.0,-0.9333333333333332,0.0,6,0.001145940468227966
Desulfobulbus,Desulfobulbus,0.35,0.0023860894089661,1.0,1.0,0.0,1.0,0.0,1.0,1.0,3.0,1.0,1.0,2,0.0027135667196117245
Sutterella,Sutterella,0.2321428571428571,0.0030302254033037,1.0,1.0,0.3333333333333333,0.0,0.0,0.3333333333333333,1.0,3.0,1.0,1.0,1,0.012850174890062831
Collinsella,Collinsella,0.208955223880597,0.0058896992767573,1.0,1.0,0.0,0.0,0.0,0.0,0.0,3.0,1.0,1.0,1,0.011357553241027777
Desulfovibrio,Desulfovibrio,0.2058823529411764,0.0067476180354449,1.0,0.9166666666666666,0.6666666666666666,1.0,0.25,0.75,0.8333333333333334,12.0,0.6666666666666666,0.9285714285714286,14,0.011435010873365695
Anaerosporobacter,Anaerosporobacter,0.2666666666666666,0.0077836192379213,1.0,,,,,,,,,1.0,1,0.0006860297652083003
Barnesiella,Barnesiella,0.2127659574468085,0.0162603599013835,1.0,1.0,0.0,0.0,0.0,0.0,1.0,1.0,1.0,1.0,2,0.008040517018098901
Odoribacter,Odoribacter,0.1929824561403508,0.0242384045634919,1.0,1.0,0.0,0.0,0.0,0.0,1.0,1.0,1.0,1.0,2,0.007944278871049563
Slackia,Slackia,0.2051282051282051,0.0366206152215798,1.0,1.0,0.0,0.0,0.0,0.0,1.0,2.0,1.0,1.0,4,0.0014958839577837188
Campylobacter,Campylobacter,0.1739130434782608,0.0400178951487547,0.1612903225806451,1.0,0.0117647058823529,0.0,0.0,0.8352941176470589,0.611764705882353,85.0,1.0,0.125,8,0.008642956279225912
Fastidiosipila,Fastidiosipila,0.1627906976744186,0.0460600018705894,1.0,0.0,0.0,0.0,0.0,0.0,0.0,1.0,0.0,0.0,1,0.003152624492073413
Stomatobaculum,Stomatobaculum,0.2058823529411764,0.0481443266291247,,1.0,0.0,0.0,0.0,0.0,0.0,1.0,1.0,1.0,1,0.0015347467516401386
Propionibacterium,Propionibacterium,0.2142857142857142,0.0550069488682914,0.5,1.0,0.0,0.0,0.0,0.5,1.0,4.0,1.0,1.0,1,0.0015802199879390293
Moryella,Moryella,0.1860465116279069,0.0606693515912235,1.0,,,,,,,,,1.0,1,0.000704890033594436
Fretibacterium,Fretibacterium,0.2068965517241379,0.0637174444522859,1.0,1.0,0.0,0.0,0.0,0.0,0.0,1.0,1.0,1.0,1,0.004459365027347599
Leptotrichia,Leptotrichia,0.1764705882352941,0.0642949935064128,0.8333333333333334,1.0,0.0,0.0,0.0,0.0,0.0,12.0,1.0,1.0,4,0.02172511606920136
Anaerotruncus,Anaerotruncus,0.1794871794871795,0.0894338897394184,1.0,1.0,0.0,0.0,0.0,0.0,0.0,1.0,1.0,1.0,1,0.004446608027363491
Moraxella,Moraxella,0.1818181818181818,0.1061086357508095,0.0,0.0,0.0,0.0,0.0,0.8333333333333334,0.8888888888888888,18.0,0.0,0.0,3,0.009111149992433482
Butyricimonas,Butyricimonas,0.1818181818181818,0.1061086357508095,1.0,1.0,0.0,0.0,0.0,1.0,1.0,3.0,1.0,1.0,2,0.002031635366746159
Butyricicoccus,Butyricicoccus,0.1515151515151515,0.1199235489365509,1.0,1.0,0.0,0.0,0.0,0.0,0.0,1.0,1.0,1.0,1,0.012137244441856477
Enterorhabdus,Enterorhabdus,0.1666666666666666,0.1214472068150656,1.0,,,,,,,,,1.0,2,0.00211981137186644
Hydrogenoanaerobacterium,Hydrogenoanaerobacterium,0.1851851851851851,0.1265574483082461,1.0,,,,,,,,,1.0,1,0.0008046655128141157
Tumebacillus,Tumebacillus,0.1851851851851851,0.1265574483082461,0.0,0.0,0.0,0.0,1.0,0.5,0.5,2.0,-1.0,0.0,2,0.0072822644612490104
Leuconostoc,Leuconostoc,0.1714285714285714,0.1316357748418372,0.0833333333333333,0.0,0.0,0.0,0.0,0.0,1.0,14.0,0.0,0.0,6,0.0024987593295005303
Saccharofermentans,Saccharofermentans,0.2,0.1329533234343351,1.0,,,,,,,,,1.0,1,0.005613869281940661
Marinomonas,Marinomonas,0.2,0.1329533234343351,0.0,0.0,0.0,0.0,0.0,0.0,0.9090909090909092,11.0,0.0,0.0,13,0.0006172749148320921
Parasutterella,Parasutterella,0.15,0.1416356047983447,1.0,,,,,,,,,1.0,2,0.011197659570150833
Alistipes,Alistipes,0.141025641025641,0.1536206356148474,1.0,0.9,0.0,0.0,0.0,0.6,0.8,10.0,0.9,1.0,4,0.034602278652688494
Ruminococcus,Ruminococcus,0.1555555555555555,0.1585073853983558,1.0,1.0,0.0,0.0,0.0,0.0,0.0,8.0,1.0,1.0,2,0.005177178355363705
Paucibacter,Paucibacter,0.1363636363636363,0.1670511156120358,0.0,0.5,0.0,0.0,1.0,0.0,1.0,2.0,-0.5,0.0,1,0.05757111499630854
Carnobacterium,Carnobacterium,0.1818181818181818,0.1719278970664558,0.0,0.2857142857142857,0.0,0.0,0.0,0.5714285714285714,0.4285714285714285,7.0,0.2857142857142857,0.0,1,0.002054053205143938
Oribacterium,Oribacterium,0.1384615384615384,0.198722696795465,1.0,,,,,,,,,1.0,1,0.0029529124048012904
Neisseria,Neisseria,0.1363636363636363,0.2111646675100303,0.0,0.0,0.0,0.0,0.0,0.9347826086956522,0.217391304347826,46.0,0.0,0.0,8,0.03208772721004267
Fluviicola,Fluviicola,0.15625,0.2114982886993275,0.0,0.0,0.0,0.0,1.0,0.5,0.0,2.0,-1.0,0.0,1,0.006285566662027626
Selenomonas,Selenomonas,0.1515151515151515,0.2303178695829913,1.0,1.0,0.1428571428571428,0.0,0.0,0.0,1.0,7.0,1.0,1.0,1,0.003141236156876861
Methanobrevibacter,Methanobrevibacter,0.1515151515151515,0.2303178695829913,1.0,1.0,0.0,0.0,0.0,0.1111111111111111,0.0,9.0,1.0,1.0,1,0.00797806522002101
Nocardia,Nocardia,0.16,0.236408642446828,0.0,0.0,0.0,0.0,1.0,1.0,0.9523809523809524,21.0,-1.0,0.0,33,0.0008715245374999364
Megasphaera,Megasphaera,0.1323529411764706,0.2369300182146215,1.0,1.0,0.0,0.0,0.0,0.0,0.0,5.0,1.0,1.0,2,0.003474628652745126
Lachnoanaerobaculum,Lachnoanaerobaculum,0.1470588235294117,0.2495917162121227,1.0,1.0,0.0,0.0,0.0,0.0,0.0,2.0,1.0,1.0,2,0.0022924447799638355
Parabacteroides,Parabacteroides,0.1264367816091954,0.2509802597054413,1.0,0.875,0.0,0.0,0.0,0.75,1.0,8.0,0.875,1.0,4,0.01372672370459359
Corynebacterium,Corynebacterium,0.1208791208791208,0.2999864799367842,0.0679611650485436,0.0227272727272727,0.0,0.0,0.9715909090909092,0.9545454545454546,0.5113636363636364,176.0,-0.9488636363636364,0.07692307692307693,26,0.011820626966843478
Anaerostipes,Anaerostipes,0.1204819277108433,0.3162541477570478,1.0,1.0,0.0,0.0,0.0,0.0,0.0,3.0,1.0,1.0,2,0.007560903017288085
Bradyrhizobium,Bradyrhizobium,0.123076923076923,0.3231424039411192,0.0714285714285714,0.0,0.0,0.0,0.98,0.78,0.84,50.0,-0.98,0.0,4,0.004827638676850806
Pedobacter,Pedobacter,0.131578947368421,0.329863552054893,0.0,0.0,0.0,0.0,1.0,0.6470588235294118,0.8235294117647058,17.0,-1.0,0.0,23,0.002202442414405701
Treponema,Treponema,0.125,0.3709823034657993,1.0,0.896551724137931,0.0,0.0,0.0,0.0344827586206896,0.0344827586206896,29.0,0.896551724137931,1.0,5,0.0083431203645858
Phaselicystis,Phaselicystis,0.1363636363636363,0.3799590615880966,0.0,,,,,,,,,0.0,1,0.0011769411624756082
Brevundimonas,Brevundimonas,0.1159420289855072,0.3854441012423575,0.0,0.0,0.0,0.0,1.0,0.6666666666666666,1.0,24.0,-1.0,0.23076923076923078,13,0.002386399458843624
Stenotrophomonas,Stenotrophomonas,0.1166666666666666,0.3935485978991385,0.0,0.0,0.0,0.0,1.0,1.0,1.0,24.0,-1.0,0.0,5,0.0030796215973845223
Phenylobacterium,Phenylobacterium,0.1162790697674418,0.4325290574717899,0.0,0.25,0.0,0.0,1.0,0.0,0.75,4.0,-0.75,0.0,4,0.003097976147878981
Coprobacter,Coprobacter,0.125,0.4357262730487911,1.0,1.0,0.0,0.0,0.0,1.0,1.0,2.0,1.0,1.0,1,0.0024831722123000053
Shewanella,Shewanella,0.125,0.4357262730487911,0.0204081632653061,0.081081081081081,0.1621621621621621,0.0,0.9594594594594594,0.918918918918919,1.0,74.0,-0.8783783783783783,0.15151515151515152,33,0.001578543225529874
Blautia,Blautia,0.1078431372549019,0.4432030664009525,1.0,1.0,0.0,0.0,0.0,0.2307692307692307,0.0,13.0,1.0,1.0,2,0.019800796466098412
Enterobacter,Enterobacter,0.1142857142857142,0.4690151340299661,0.0,0.9821428571428572,0.0,0.0,0.0,0.9821428571428572,1.0,56.0,0.9821428571428572,0.0,6,0.003786649151348765
Aeromonas,Aeromonas,0.1111111111111111,0.4914885946337808,0.0,0.9393939393939394,0.0,0.0,0.3333333333333333,0.8787878787878788,1.0,33.0,0.6060606060606062,0.0,11,0.0036169071757153805
Caulobacter,Caulobacter,0.1111111111111111,0.4914885946337808,0.0,0.0,0.0,0.0,1.0,0.4545454545454545,1.0,11.0,-1.0,0.0,1,0.0009755560751977904
Mycoplasma,Mycoplasma,0.1041666666666666,0.5314392758472106,0.0425531914893617,0.0377358490566037,0.0,0.0,0.0,0.0,0.0,53.0,0.0377358490566037,0.0,3,0.05865013955810186
Brachybacterium,Brachybacterium,0.1052631578947368,0.5351640227227555,0.0769230769230769,0.0,0.0,0.0,1.0,1.0,1.0,12.0,-1.0,0.25,4,0.005019727352925637
Sphingobacterium,Sphingobacterium,0.1025641025641025,0.5562806425628786,0.0,0.0,0.0,0.0,1.0,0.9473684210526316,0.7894736842105263,19.0,-1.0,0.0,16,0.007694476136607979
Acinetobacter,Acinetobacter,0.099009900990099,0.5617514622659117,0.0,0.0,0.0,0.0,0.0,0.9444444444444444,1.0,90.0,0.0,0.0,10,0.01619911381233911
Enterococcus,Enterococcus,0.0989010989010989,0.565055679835745,0.0,0.95,0.0,0.0,0.0,0.275,0.575,40.0,0.95,0.0625,16,0.01576108614596849
Arthrobacter,Arthrobacter,0.1,0.5688015931709377,0.0294117647058823,0.0,0.0,0.0,0.975609756097561,0.975609756097561,0.975609756097561,41.0,-0.975609756097561,0.0,26,0.0019673376373995246
Intestinimonas,Intestinimonas,0.1,0.5768693469069974,1.0,1.0,0.0,0.0,0.0,1.0,0.0,1.0,1.0,1.0,1,0.002031760618643618
Massilia,Massilia,0.0983606557377049,0.5794548905240392,0.0,0.0,0.0,0.0,1.0,1.0,0.9,10.0,-1.0,0.0,15,0.002197701648268868
Williamsia,Williamsia,0.1,0.6082530018748321,0.0,0.0,0.0,0.0,1.0,1.0,1.0,1.0,-1.0,0.0,6,0.00030451115025329547
Cloacibacterium,Cloacibacterium,0.1,0.6082530018748321,0.0,1.0,0.0,0.0,0.0,1.0,0.0,1.0,1.0,0.0,2,0.0017875037010427644
Methylobacterium,Methylobacterium,0.0952380952380952,0.6111403728323437,0.0,0.0,0.0,0.0,1.0,1.0,0.9545454545454546,22.0,-1.0,0.0,28,0.008043046310956373
Halomonas,Halomonas,0.09375,0.6333164809193795,0.0,0.0,0.0,0.0,0.9736842105263158,0.7631578947368421,1.0,38.0,-0.9736842105263158,0.0,52,0.012323850230757511
Gordonia,Gordonia,0.0952380952380952,0.6352700362282919,0.0,0.0,0.0,0.0,1.0,0.88,1.0,25.0,-1.0,0.0,17,0.0013273371514530882
Alloprevotella,Alloprevotella,0.0909090909090909,0.6604455124559978,1.0,,,,,,,,,1.0,1,0.012921905808753466
Limnobacter,Limnobacter,0.0909090909090909,0.6608011336923114,0.0,0.0,0.0,0.0,1.0,1.0,0.5,2.0,-1.0,0.0,2,0.0016361579586997555
Arcobacter,Arcobacter,0.0909090909090909,0.6608011336923114,0.0526315789473684,0.0,0.0,0.0,0.0,0.5384615384615384,0.6923076923076923,13.0,0.0,0.125,8,0.010646153196505569
Peptoniphilus,Peptoniphilus,0.0892857142857142,0.6706712131335167,1.0,1.0,0.0,0.0,0.0,0.4,0.0,5.0,1.0,1.0,2,0.0029610742157921087
Ilumatobacter,Ilumatobacter,0.0869565217391304,0.6848733113012442,0.0,0.0,0.0,0.0,1.0,1.0,1.0,1.0,-1.0,0.0,2,0.0012415988567512687
Weissella,Weissella,0.0869565217391304,0.6880561169183461,0.0555555555555555,0.0,0.0,0.0,0.0,0.3333333333333333,0.7333333333333333,15.0,0.0,0.16666666666666666,6,0.0052342003311239
Microbacterium,Microbacterium,0.0816326530612244,0.7352337339766317,0.0,0.0,0.0,0.0,0.967741935483871,0.5967741935483871,0.9193548387096774,62.0,-0.967741935483871,0.0,39,0.002704569880320536
Roseomonas,Roseomonas,0.0789473684210526,0.7463302211239846,0.0,0.0,0.0,0.0,1.0,1.0,1.0,6.0,-1.0,0.0,8,0.0015246183778156285
Planococcus,Planococcus,0.0769230769230769,0.7487357043078514,0.0,0.0,0.0,0.0,0.8095238095238095,0.9047619047619048,0.7619047619047619,21.0,-0.8095238095238095,0.0,5,0.004021219011214951
Actinomyces,Actinomyces,0.0823529411764705,0.7578449260136146,0.4594594594594595,0.0869565217391304,0.0,0.0,0.0,0.391304347826087,0.9565217391304348,23.0,0.0869565217391304,0.7142857142857143,7,0.02430163497190649
Peptostreptococcus,Peptostreptococcus,0.0784313725490196,0.763562609007388,1.0,1.0,0.0,0.0,0.0,0.0,0.0,3.0,1.0,1.0,1,0.003373744885274103
Vibrio,Vibrio,0.074074074074074,0.7674010519878396,0.0109890109890109,0.1847826086956521,0.0,0.0,0.6847826086956522,0.6847826086956522,1.0,92.0,-0.5,0.1,20,0.009881285981626207
Arenimonas,Arenimonas,0.074074074074074,0.7674010519878396,0.0,,,,,,,,,0.0,7,0.0038116485727233158
Bifidobacterium,Bifidobacterium,0.0816326530612244,0.775278475920071,0.8285714285714286,0.0,0.0,0.0,0.0,0.03125,0.109375,64.0,0.0,0.4,5,0.019217357100982557
Dyadobacter,Dyadobacter,0.0714285714285714,0.7848459730887516,0.0,0.0,0.0,0.0,1.0,0.8571428571428571,1.0,7.0,-1.0,0.0,10,0.003314016328702471
Paraprevotella,Paraprevotella,0.073170731707317,0.7914253184930894,1.0,1.0,0.0,0.0,0.0,0.0,1.0,1.0,1.0,1.0,4,0.003382851762702443
Psychrobacter,Psychrobacter,0.073170731707317,0.7914253184930894,0.0256410256410256,0.0,0.0,0.0,0.0,0.9444444444444444,0.8888888888888888,18.0,0.0,0.21428571428571427,14,0.009185014453374492
Aquabacterium,Aquabacterium,0.0689655172413793,0.8011278994496028,0.0,0.0,0.0,0.0,1.0,0.5,0.5,2.0,-1.0,0.0,2,0.0011870423314418411
Rubrobacter,Rubrobacter,0.0689655172413793,0.8011278994496028,0.0,0.25,0.0,0.0,0.0,0.25,1.0,4.0,0.25,0.0,1,0.003311296004513252
Streptomyces,Streptomyces,0.0792079207920792,0.8028386628328019,0.0053475935828877,0.024,0.0,0.0,1.0,0.984,1.0,250.0,-0.976,0.011764705882352941,85,0.034245045451141896
Legionella,Legionella,0.0697674418604651,0.8176186853856384,0.0,0.0,0.0,0.0,1.0,0.3,0.9666666666666668,30.0,-1.0,0.0,1,0.0019025240353361579
Deinococcus,Deinococcus,0.0681818181818181,0.8296311089521422,0.0,0.0,0.0,0.0,0.6153846153846154,0.9230769230769232,0.3461538461538461,26.0,-0.6153846153846154,0.0,23,0.0023912260401627475
Staphylococcus,Staphylococcus,0.0736842105263157,0.848933539294995,0.0833333333333333,0.0,0.0,0.0,0.0,0.982608695652174,0.9130434782608696,115.0,0.0,0.1111111111111111,9,0.049790390041205085
Fusicatenibacter,Fusicatenibacter,0.0704225352112676,0.8499618939444202,1.0,,,,,,,,,1.0,1,0.009051602008110055
Helicobacter,Helicobacter,0.0606060606060606,0.8557852795477143,0.0789473684210526,0.0,0.0,0.0,0.0,0.988095238095238,0.0833333333333333,84.0,0.0,0.0,5,0.012082540305926964
Dialister,Dialister,0.0705882352941176,0.8640122599861861,1.0,1.0,0.0,0.0,0.0,0.0,0.0,3.0,1.0,1.0,3,0.008302305815051323
Bacillus,Bacillus,0.0727272727272727,0.870161480012168,0.0112994350282485,0.0462427745664739,0.0,0.0,0.9826589595375722,0.9710982658959536,0.9826589595375722,173.0,-0.9364161849710982,0.02654867256637168,113,0.017405176662506548
Dietzia,Dietzia,0.0571428571428571,0.8776235086447748,0.0,0.0,0.0,0.0,1.0,1.0,0.75,8.0,-1.0,0.0,9,0.0018265913677129755
Photobacterium,Photobacterium,0.05,0.8784233454094308,0.0625,0.5714285714285714,0.0,0.0,1.0,0.2857142857142857,1.0,7.0,-0.4285714285714286,0.125,8,0.03533844448224297
Kocuria,Kocuria,0.0612244897959183,0.8799573346772351,0.0,0.0,0.0,0.0,0.8571428571428571,1.0,0.4285714285714285,7.0,-0.8571428571428571,0.0,14,0.0039948109152365815
Solirubrobacter,Solirubrobacter,0.0555555555555555,0.887358002275304,0.0,,,,,,,,,0.0,1,0.007068887814482652
Flavisolibacter,Flavisolibacter,0.0476190476190476,0.8905810108684877,0.0,0.0,0.0,0.0,1.0,0.5,0.0,2.0,-1.0,0.0,2,0.003137546200663078
Chryseobacterium,Chryseobacterium,0.0615384615384615,0.9004471748135983,0.0,0.0,0.0,0.0,0.0,1.0,0.8723404255319149,47.0,0.0,0.0,48,0.0044466916740274675
Jeotgalicoccus,Jeotgalicoccus,0.0454545454545454,0.9015229097816388,0.0,0.0,0.0,0.0,1.0,1.0,1.0,1.0,-1.0,0.0,9,0.0016605500454919665
Acidaminococcus,Acidaminococcus,0.0454545454545454,0.9015229097816388,1.0,1.0,0.0,0.0,0.0,0.0,0.0,3.0,1.0,1.0,1,0.003942278089797125
Novosphingobium,Novosphingobium,0.0454545454545454,0.9015229097816388,0.0,0.0588235294117647,0.0,0.0,1.0,0.8235294117647058,0.7058823529411765,17.0,-0.9411764705882352,0.0,8,0.0015257350731039114
Porphyromonas,Porphyromonas,0.0606060606060606,0.9068051410155196,1.0,0.8888888888888888,0.0,0.0,0.0,0.1111111111111111,1.0,9.0,0.8888888888888888,1.0,2,0.01952298954578405
Lactococcus,Lactococcus,0.0588235294117647,0.918447882785011,0.0,0.9545454545454546,0.0,0.0,0.0,0.0,1.0,22.0,0.9545454545454546,0.0,2,0.006314874372791486
Hyphomicrobium,Hyphomicrobium,0.05,0.9195263039855228,0.0,0.0,0.0,0.0,1.0,1.0,1.0,5.0,-1.0,0.0,1,0.0021987058317512577
Caldicoprobacter,Caldicoprobacter,0.0416666666666666,0.9202335569231276,1.0,,,,,,,,,1.0,3,0.0003271109672614058
Leucobacter,Leucobacter,0.0416666666666666,0.9202335569231276,0.0,0.0,0.0,0.0,1.0,0.4166666666666667,0.9166666666666666,12.0,-1.0,0.0,6,0.00040558398607914406
Oscillibacter,Oscillibacter,0.0571428571428571,0.9287694277368974,1.0,1.0,0.0,0.0,0.0,0.0,0.0,2.0,1.0,1.0,2,0.011067947749622692
Rubellimicrobium,Rubellimicrobium,0.0384615384615384,0.9353891811077332,0.0,,,,,,,,,0.0,3,0.0014627329943898114
Brevibacterium,Brevibacterium,0.0444444444444444,0.9476322185914736,0.0,0.0,0.0,0.0,0.9,1.0,0.8,10.0,-0.9,0.0,11,0.005556498706283213
Desulfosporosinus,Desulfosporosinus,0.0344827586206896,0.9528987130275376,1.0,1.0,0.0,1.0,0.0,0.0,1.0,3.0,1.0,1.0,2,0.003265173637961745
Iamia,Iamia,0.0333333333333333,0.9576088417247838,0.0,0.5,0.0,0.0,1.0,1.0,0.5,2.0,-0.5,0.0,1,0.0017569597890820592
Lysobacter,Lysobacter,0.032258064516129,0.9618479575523056,0.0,0.0,0.0,0.0,1.0,0.9375,0.9375,16.0,-1.0,0.0,20,0.0015591793408280706
Mycobacterium,Mycobacterium,0.05,0.9646937415188622,0.0,0.1363636363636363,0.0,0.0,0.990909090909091,0.5636363636363636,0.9181818181818182,110.0,-0.8545454545454546,0.0,9,0.005279484247136291
Altererythrobacter,Altererythrobacter,0.0303030303030303,0.9690968456173674,0.0,0.0,0.0,0.0,1.0,0.1666666666666666,0.5,6.0,-1.0,0.0,9,0.0013290661936471082
Marmoricola,Marmoricola,0.0303030303030303,0.9690968456173674,0.0,,,,,,,,,0.0,2,0.0013268522961558805
Ferruginibacter,Ferruginibacter,0.0303030303030303,0.9690968456173674,0.0,0.5,0.0,0.0,1.0,0.5,0.0,2.0,-0.5,0.0,2,0.002791424395410031
Gemella,Gemella,0.044776119402985,0.969280674082702,0.1428571428571428,0.0,0.0,0.0,0.0,0.0,1.0,5.0,0.0,1.0,2,0.012192598614787623
Nocardioides,Nocardioides,0.044776119402985,0.969280674082702,0.0,0.125,0.0,0.0,0.84375,0.78125,0.84375,32.0,-0.71875,0.0,50,0.005742562488466031
Paracoccus,Paracoccus,0.0384615384615384,0.9717057741118126,0.0,0.0,0.0,0.0,0.967741935483871,0.7096774193548387,0.6129032258064516,31.0,-0.967741935483871,0.0,13,0.002624690606880815
Sphingomonas,Sphingomonas,0.0476190476190476,0.973614419469635,0.0,0.0,0.0,0.0,0.9818181818181818,0.6363636363636364,0.6545454545454545,55.0,-0.9818181818181818,0.0,32,0.017313367123083363
Paenibacillus,Paenibacillus,0.0428571428571428,0.975818701642854,0.0139860139860139,0.6274509803921569,0.0,0.0,0.6862745098039216,0.9019607843137256,0.803921568627451,102.0,-0.0588235294117647,0.06172839506172839,81,0.0031710584449909265
Clostridium,Clostridium,0.0490196078431372,0.9793640065142518,1.0,1.0,0.4615384615384615,0.0,0.0,0.1282051282051282,0.0128205128205128,78.0,1.0,0.8571428571428571,21,0.006174912823175706
Hymenobacter,Hymenobacter,0.025,0.9852191170585656,0.0,0.0,0.0,0.0,1.0,0.8518518518518519,0.2592592592592592,27.0,-1.0,0.0,7,0.006983496876196678
Rothia,Rothia,0.0389610389610389,0.9863104260537002,0.0,0.0,0.0,0.0,0.8333333333333334,0.8333333333333334,1.0,6.0,-0.8333333333333334,0.0,3,0.01801435052092614
Megamonas,Megamonas,0.024390243902439,0.9866972053527088,1.0,0.5,0.0,0.0,0.0,0.0,1.0,2.0,0.5,1.0,2,0.005779053016017297
Lactobacillus,Lactobacillus,0.0483870967741935,0.987759962986042,0.1719745222929936,0.0,0.0,0.0,0.0,0.0,0.3,40.0,0.0,0.2916666666666667,72,0.07363863770952399
Veillonella,Veillonella,0.0421052631578947,0.9884599362038464,1.0,1.0,0.0,0.0,0.0,0.5714285714285714,1.0,7.0,1.0,1.0,5,0.02630214538157462
Devosia,Devosia,0.0222222222222222,0.9912720364319124,0.0,0.0,0.0,0.0,1.0,0.6428571428571429,0.8571428571428571,14.0,-1.0,0.0,11,0.003094332765659842
Rhodococcus,Rhodococcus,0.0212765957446808,0.9929303495098488,0.0,0.180327868852459,0.0,0.0,1.0,0.9836065573770492,0.9836065573770492,61.0,-0.819672131147541,0.0,13,0.010218102704502088
Pseudomonas,Pseudomonas,0.0441176470588235,0.994695056461212,0.0,0.0,0.0,0.0,0.8790322580645161,0.9637096774193548,0.9919354838709676,248.0,-0.8790322580645161,0.058823529411764705,34,0.04132154240697933
Flavobacterium,Flavobacterium,0.027027027027027,0.9962087599681586,0.0192307692307692,0.0149253731343283,0.0,0.0,0.9850746268656716,0.4776119402985074,0.4328358208955223,67.0,-0.9701492537313432,0.029411764705882353,68,0.015822114584731806
Streptococcus,Streptococcus,0.037037037037037,0.998208418667266,0.1648351648351648,0.053475935828877,0.0,0.0,0.0,0.0053475935828877,0.1711229946524064,187.0,0.053475935828877,0.01694915254237288,59,0.06571152133502267
Prevotella,Prevotella,0.0138888888888888,0.9994924712139436,1.0,1.0,0.0,0.0,0.0,0.0,0.9411764705882352,17.0,1.0,1.0,25,0.02323430722083213
Bacteroides,Bacteroides,0.018018018018018,0.999888863354428,1.0,1.0,0.0,0.0,0.0,0.5517241379310345,0.9655172413793104,29.0,1.0,0.95,20,0.0569608986376774
Geodermatophilus,Geodermatophilus,0.0,1.0,0.0,0.0,0.0,0.0,1.0,1.0,1.0,2.0,-1.0,0.0,5,0.001531981777162474
Conexibacter,Conexibacter,0.0,1.0,0.0,0.0,0.0,0.0,1.0,0.0,1.0,1.0,-1.0,0.0,1,0.00495620238229229
Exiguobacterium,Exiguobacterium,0.0,1.0,0.0,0.0,0.0,0.0,1.0,1.0,1.0,13.0,-1.0,0.0,5,0.0008660979821884445
Aerococcus,Aerococcus,0.0,1.0,0.0,0.0,0.0,0.0,0.0,0.1,0.0,10.0,0.0,0.0,2,0.001004564230114246
Acidovorax,Acidovorax,0.0,1.0,0.0,0.0,0.0,0.0,1.0,0.8125,0.375,16.0,-1.0,0.3333333333333333,3,0.0005874550507767365
Bryobacter,Bryobacter,0.0,1.0,0.0,,,,,,,,,0.0,1,0.00959914751769669
Capnocytophaga,Capnocytophaga,0.0,1.0,0.2857142857142857,0.0,0.0,0.0,0.125,0.3125,0.625,16.0,-0.125,1.0,1,0.01812731488011078
Luteolibacter,Luteolibacter,0.0,1.0,0.0,0.0,0.0,0.0,1.0,1.0,0.0,3.0,-1.0,0.0,2,0.00398993972122211
Micrococcus,Micrococcus,0.0,1.0,0.0,0.0,0.0,0.0,1.0,1.0,0.8571428571428571,7.0,-1.0,0.0,9,0.0016177556393721132
Pseudonocardia,Pseudonocardia,0.0,1.0,0.0,0.0,0.0,0.0,1.0,0.9166666666666666,1.0,12.0,-1.0,0.0,16,0.0033185270151393485
Sediminibacterium,Sediminibacterium,0.0,1.0,0.0,0.0,0.0,0.0,1.0,0.0,0.0,2.0,-1.0,0.0,2,0.015536857123415007
Reyranella,Reyranella,0.0,1.0,0.0,,,,,,,,,0.0,1,0.003624141920704709
Undibacterium,Undibacterium,0.0,1.0,0.0,0.0,0.0,0.0,1.0,0.5,0.0,2.0,-1.0,0.0,3,0.0015569428608319523
