genus_clean,ena_taxid,n_pfor,n_cox,n_recA
Cardiobacterium,2717.0,0.0,6.0,3.0
Eikenella,538.0,0.0,7.0,5.0
Comamonas,283.0,0.0,84.0,28.0
Simonsiella,71.0,0.0,2.0,1.0
Desulfobulbus,893.0,3.0,1.0,3.0
Sutterella,40544.0,0.0,0.0,7.0
Agathobacter,1766253.0,2.0,0.0,2.0
Collinsella,102106.0,7.0,0.0,7.0
Desulfovibrio,872.0,15.0,6.0,15.0
Solobacterium,123375.0,1.0,0.0,1.0
Bilophila,35832.0,2.0,0.0,1.0
Barnesiella,397864.0,2.0,0.0,2.0
Bergeyella,59735.0,0.0,5.0,3.0
Odoribacter,283168.0,2.0,0.0,2.0
Cetobacterium,180162.0,3.0,0.0,3.0
Mogibacterium,86331.0,4.0,0.0,4.0
Eubacterium,1730.0,17.0,0.0,17.0
Subdoligranulum,292632.0,1.0,0.0,1.0
Slackia,84108.0,6.0,0.0,6.0
Campylobacter,194.0,53.0,55.0,67.0
Enhydrobacter,212791.0,0.0,5.0,2.0
Fastidiosipila,236752.0,0.0,0.0,1.0
Stomatobaculum,1213720.0,1.0,0.0,1.0
Phascolarctobacterium,33024.0,2.0,0.0,2.0
Propionibacterium,1743.0,10.0,3.0,11.0
Aggregatibacter,416916.0,0.0,2.0,12.0
Fretibacterium,1434006.0,1.0,0.0,0.0
Leptotrichia,32067.0,9.0,0.0,9.0
Dolosigranulum,29393.0,0.0,0.0,2.0
Cutibacterium,1912216.0,8.0,10.0,21.0
Anaerotruncus,244127.0,7.0,0.0,5.0
Abiotrophia,46123.0,0.0,0.0,1.0
Lautropia,47670.0,0.0,6.0,2.0
Moraxella,475.0,0.0,33.0,21.0
Butyricimonas,574697.0,5.0,0.0,5.0
Butyricicoccus,580596.0,4.0,0.0,4.0
Tumebacillus,432330.0,0.0,21.0,5.0
Leuconostoc,1243.0,0.0,0.0,32.0
Marinomonas,28253.0,0.0,40.0,37.0
Finegoldia,150022.0,2.0,0.0,2.0
Alistipes,239759.0,14.0,0.0,14.0
Ruminococcus,1263.0,14.0,0.0,13.0
Carnobacterium,2747.0,2.0,0.0,8.0
Erysipelothrix,1647.0,0.0,0.0,8.0
Neisseria,482.0,0.0,70.0,57.0
Fluviicola,332102.0,0.0,6.0,2.0
Ezakiella,1582879.0,1.0,0.0,1.0
Akkermansia,239934.0,4.0,0.0,4.0
Selenomonas,970.0,13.0,0.0,13.0
Methanobrevibacter,2172.0,0.0,0.0,0.0
Nocardia,1817.0,2.0,185.0,86.0
Fibrobacter,832.0,2.0,0.0,2.0
Megasphaera,906.0,52.0,0.0,13.0
Lachnoanaerobaculum,1164882.0,5.0,0.0,5.0
Kingella,32257.0,0.0,14.0,7.0
Parabacteroides,375288.0,12.0,0.0,15.0
Corynebacterium,1716.0,0.0,186.0,160.0
Tannerella,195950.0,2.0,1.0,3.0
Anaerostipes,207244.0,8.0,0.0,7.0
Bradyrhizobium,374.0,1.0,469.0,399.0
Olsenella,133925.0,5.0,0.0,5.0
Pedobacter,84567.0,0.0,156.0,75.0
Atopobium,1380.0,2.0,0.0,2.0
Gemmata,113.0,0.0,10.0,4.0
Treponema,157.0,22.0,0.0,63.0
Marvinbryantia,248744.0,1.0,0.0,1.0
Brevundimonas,41275.0,0.0,88.0,35.0
Stenotrophomonas,40323.0,0.0,96.0,50.0
Coxiella,776.0,0.0,2.0,2.0
Phenylobacterium,20.0,1.0,42.0,13.0
Coprobacter,1348911.0,3.0,0.0,3.0
Filifactor,44259.0,2.0,0.0,2.0
Shewanella,22.0,6.0,264.0,109.0
Blautia,572511.0,38.0,0.0,35.0
Enterobacter,547.0,32.0,31.0,33.0
Aeromonas,642.0,27.0,62.0,118.0
Caulobacter,75.0,0.0,42.0,15.0
Parvimonas,543311.0,0.0,0.0,2.0
Mycoplasma,2093.0,0.0,0.0,39.0
Brachybacterium,43668.0,0.0,27.0,23.0
Sphingobacterium,28453.0,0.0,129.0,56.0
Acinetobacter,469.0,0.0,92.0,172.0
Enterococcus,1350.0,101.0,1.0,80.0
Arthrobacter,1663.0,0.0,97.0,117.0
Dorea,189330.0,7.0,0.0,7.0
Intestinimonas,1392389.0,2.0,0.0,3.0
Massilia,149698.0,0.0,226.0,43.0
Facklamia,66831.0,0.0,0.0,4.0
Williamsia,85043.0,0.0,14.0,8.0
Cloacibacterium,501783.0,2.0,3.0,2.0
Methylobacterium,407.0,0.0,243.0,58.0
Peredibacter,263370.0,0.0,2.0,1.0
Terrisporobacter,1505652.0,6.0,0.0,6.0
Granulicatella,117563.0,0.0,0.0,4.0
Halomonas,2745.0,0.0,199.0,57.0
Gordonia,2053.0,0.0,65.0,50.0
Turicibacter,191303.0,3.0,0.0,3.0
Hungatella,1649459.0,3.0,0.0,3.0
Limnobacter,131079.0,0.0,12.0,5.0
Arcobacter,28196.0,1.0,19.0,13.0
Peptoniphilus,162289.0,19.0,0.0,17.0
Ralstonia,48736.0,0.0,109.0,18.0
Ilumatobacter,682522.0,1.0,5.0,2.0
Weissella,46255.0,0.0,2.0,31.0
Caproiciproducens,1738645.0,4.0,0.0,3.0
Sellimonas,1769710.0,3.0,0.0,3.0
Lachnoclostridium,1506553.0,8.0,0.0,6.0
Haemophilus,724.0,0.0,5.0,58.0
Microbacterium,33882.0,0.0,157.0,151.0
Roseomonas,125216.0,0.0,96.0,22.0
Planococcus,1372.0,0.0,55.0,24.0
Actinomyces,1654.0,0.0,8.0,21.0
Peptostreptococcus,1257.0,7.0,0.0,7.0
Pirellula,123.0,0.0,2.0,1.0
Vibrio,662.0,6.0,378.0,501.0
Bifidobacterium,1678.0,0.0,0.0,108.0
Fusobacterium,848.0,36.0,0.0,27.0
Dyadobacter,120831.0,0.0,59.0,24.0
Gemmatirosa,1706036.0,0.0,6.0,1.0
Faecalitalea,1573534.0,1.0,0.0,1.0
Paraprevotella,577309.0,2.0,0.0,3.0
Psychrobacter,497.0,0.0,41.0,31.0
Aquabacterium,92793.0,0.0,12.0,4.0
Rubrobacter,42255.0,0.0,0.0,6.0
Streptomyces,1883.0,0.0,2233.0,870.0
Eggerthella,84111.0,4.0,0.0,4.0
Legionella,445.0,0.0,115.0,65.0
Deinococcus,1298.0,0.0,144.0,93.0
Flavonifractor,946234.0,2.0,0.0,2.0
Roseburia,841.0,11.0,0.0,10.0
Staphylococcus,1279.0,0.0,78.0,80.0
Helicobacter,209.0,0.0,52.0,62.0
Dialister,39948.0,6.0,0.0,6.0
Bacillus,1386.0,0.0,253.0,131.0
Dietzia,37914.0,0.0,17.0,10.0
Aquicella,254245.0,0.0,7.0,2.0
Photobacterium,657.0,31.0,122.0,57.0
Kocuria,57493.0,0.0,32.0,22.0
Catenibacterium,135858.0,2.0,0.0,2.0
Ruminiclostridium,1508657.0,12.0,0.0,7.0
Flavisolibacter,398041.0,1.0,12.0,3.0
Chryseobacterium,59732.0,0.0,305.0,121.0
Jeotgalicoccus,227979.0,0.0,13.0,6.0
Acidaminococcus,904.0,5.0,0.0,2.0
Novosphingobium,165696.0,2.0,183.0,59.0
Porphyromonas,836.0,15.0,3.0,26.0
Lactococcus,1357.0,15.0,1.0,27.0
Hyphomicrobium,81.0,0.0,25.0,6.0
Leucobacter,55968.0,0.0,33.0,27.0
Faecalibaculum,1729679.0,1.0,0.0,2.0
Oscillibacter,459786.0,4.0,0.0,2.0
Anaerococcus,165779.0,29.0,0.0,17.0
Gemmatimonas,173479.0,0.0,8.0,5.0
Lawsonella,1847725.0,0.0,0.0,1.0
Brevibacterium,1696.0,0.0,37.0,34.0
Desulfosporosinus,79206.0,21.0,11.0,11.0
Intestinibacter,1505657.0,2.0,0.0,2.0
Nakamurella,53460.0,0.0,14.0,9.0
Iamia,467975.0,0.0,3.0,1.0
Pajaroellobacter,1882917.0,0.0,1.0,1.0
Lysobacter,68.0,0.0,77.0,26.0
Mycobacterium,1763.0,23.0,272.0,143.0
Altererythrobacter,361177.0,0.0,13.0,7.0
Ferruginibacter,1004303.0,0.0,1.0,1.0
Gemella,1378.0,0.0,0.0,9.0
Nocardioides,1839.0,1.0,123.0,120.0
Faecalibacterium,216851.0,16.0,0.0,16.0
Romboutsia,1501226.0,10.0,0.0,8.0
Paracoccus,265.0,0.0,293.0,76.0
Sphingomonas,13687.0,0.0,472.0,147.0
Paenibacillus,44249.0,1.0,616.0,269.0
Clostridium,1485.0,254.0,0.0,171.0
Hymenobacter,89966.0,0.0,161.0,87.0
Rothia,32207.0,0.0,17.0,12.0
Megamonas,158846.0,3.0,0.0,3.0
Lactobacillus,1578.0,0.0,0.0,101.0
Veillonella,29465.0,20.0,10.0,17.0
Devosia,46913.0,0.0,100.0,30.0
Rhodococcus,1827.0,3.0,119.0,44.0
Pseudomonas,286.0,1.0,1644.0,448.0
Flavobacterium,237.0,6.0,654.0,252.0
Streptococcus,1301.0,12.0,0.0,211.0
Prevotella,838.0,27.0,1.0,28.0
Bacteroides,816.0,48.0,0.0,55.0
Geodermatophilus,1860.0,0.0,27.0,20.0
Conexibacter,191494.0,0.0,7.0,3.0
Exiguobacterium,33986.0,0.0,28.0,14.0
Aerococcus,1375.0,0.0,0.0,13.0
Acidovorax,12916.0,0.0,58.0,18.0
Bdellovibrio,958.0,0.0,11.0,5.0
Butyrivibrio,830.0,6.0,0.0,6.0
Capnocytophaga,1016.0,0.0,20.0,17.0
Cellvibrio,10.0,0.0,14.0,6.0
Haliangium,162027.0,0.0,2.0,2.0
Luteolibacter,518753.0,0.0,26.0,9.0
Micrococcus,1269.0,0.0,10.0,12.0
Pseudonocardia,1847.0,0.0,122.0,44.0
Sediminibacterium,504481.0,0.0,6.0,3.0
Pseudolabrys,556257.0,0.0,4.0,1.0
Undibacterium,401469.0,0.0,12.0,3.0
