genus_clean,n_all,n_oral
Cardiobacterium,1244.0,798.0
Eikenella,3035.0,2040.0
Comamonas,4254.0,593.0
Simonsiella,148.0,100.0
Desulfobulbus,1098.0,301.0
Sutterella,3926.0,1890.0
Agathobacter,1465.0,602.0
Collinsella,5343.0,2572.0
Desulfovibrio,12783.0,3589.0
Solobacterium,1134.0,783.0
Bilophila,3823.0,1991.0
Barnesiella,2791.0,1412.0
Bergeyella,601.0,433.0
Odoribacter,4135.0,2140.0
Cetobacterium,1166.0,225.0
Mogibacterium,1011.0,591.0
Eubacterium,17765.0,8078.0
Subdoligranulum,3166.0,1369.0
Slackia,1387.0,784.0
Campylobacter,43445.0,11414.0
Enhydrobacter,1069.0,387.0
Fastidiosipila,245.0,86.0
Stomatobaculum,345.0,287.0
Phascolarctobacterium,4105.0,1787.0
Propionibacterium,16322.0,6082.0
Aggregatibacter,8185.0,6315.0
Fretibacterium,524.0,430.0
Leptotrichia,3564.0,2617.0
Dolosigranulum,744.0,399.0
Cutibacterium,6115.0,2386.0
Anaerotruncus,2592.0,1281.0
Abiotrophia,1179.0,742.0
Lautropia,943.0,790.0
Moraxella,13262.0,4363.0
Butyricimonas,2324.0,1155.0
Butyricicoccus,3104.0,1482.0
Tumebacillus,218.0,16.0
Leuconostoc,9712.0,2029.0
Marinomonas,900.0,50.0
Finegoldia,2032.0,898.0
Alistipes,10599.0,5088.0
Ruminococcus,21687.0,9176.0
Paucibacter,173.0,21.0
Carnobacterium,2118.0,410.0
Erysipelothrix,2128.0,371.0
Neisseria,48287.0,12401.0
Fluviicola,354.0,31.0
Ezakiella,272.0,133.0
Akkermansia,20761.0,10599.0
Selenomonas,3369.0,1897.0
Methanobrevibacter,4734.0,1579.0
Nocardia,11872.0,2190.0
Fibrobacter,2305.0,407.0
Megasphaera,5381.0,2459.0
Lachnoanaerobaculum,543.0,446.0
Kingella,2146.0,1103.0
Parabacteroides,11423.0,5529.0
Corynebacterium,35019.0,8537.0
Tannerella,5414.0,4591.0
Anaerostipes,4360.0,2082.0
Bradyrhizobium,9196.0,618.0
Olsenella,1917.0,921.0
Pedobacter,1748.0,189.0
Atopobium,4109.0,2479.0
Gemmata,626.0,46.0
Treponema,22869.0,9393.0
Marvinbryantia,1037.0,491.0
Brevundimonas,3646.0,700.0
Stenotrophomonas,18248.0,3830.0
Coxiella,9976.0,1548.0
Phenylobacterium,792.0,94.0
Coprobacter,507.0,187.0
Filifactor,1227.0,1062.0
Shewanella,11321.0,1074.0
Blautia,14048.0,6501.0
Enterobacter,50976.0,11083.0
Aeromonas,23363.0,3444.0
Caulobacter,6264.0,437.0
Pseudopropionibacterium,145.0,111.0
Parvimonas,3472.0,2525.0
Mycoplasma,110611.0,20106.0
Brachybacterium,1029.0,193.0
Sphingobacterium,2350.0,355.0
Acinetobacter,69989.0,12542.0
Enterococcus,93461.0,28398.0
Arthrobacter,9838.0,779.0
Dorea,6405.0,2880.0
Intestinimonas,1404.0,672.0
Massilia,2499.0,270.0
Facklamia,600.0,207.0
Williamsia,238.0,26.0
Cloacibacterium,606.0,195.0
Methylobacterium,5452.0,824.0
Peredibacter,141.0,17.0
Terrisporobacter,936.0,257.0
Granulicatella,2985.0,2167.0
Halomonas,5099.0,580.0
Gordonia,2402.0,274.0
Turicibacter,5078.0,2346.0
Hungatella,909.0,414.0
Limnobacter,390.0,50.0
Arcobacter,2453.0,280.0
Peptoniphilus,2174.0,994.0
Ralstonia,14336.0,1780.0
Ilumatobacter,284.0,22.0
Weissella,5093.0,1220.0
Caproiciproducens,370.0,61.0
Sellimonas,538.0,222.0
Lachnoclostridium,3910.0,1795.0
Haemophilus,55544.0,16072.0
Microbacterium,5666.0,640.0
Roseomonas,1023.0,246.0
Planococcus,1513.0,115.0
Actinomyces,17017.0,9831.0
Peptostreptococcus,8017.0,4392.0
Pirellula,526.0,29.0
Vibrio,66127.0,9549.0
Bifidobacterium,53332.0,23252.0
Fusobacterium,26425.0,16003.0
Dyadobacter,396.0,31.0
Gemmatirosa,110.0,6.0
Faecalitalea,374.0,136.0
Paraprevotella,2073.0,983.0
Psychrobacter,2936.0,462.0
Aquabacterium,846.0,188.0
Rubrobacter,821.0,72.0
Streptomyces,55893.0,5676.0
Eggerthella,3218.0,1581.0
Legionella,23471.0,4468.0
Deinococcus,6677.0,630.0
Flavonifractor,2268.0,1046.0
Roseburia,13809.0,6750.0
Staphylococcus,316342.0,61967.0
Helicobacter,95100.0,21451.0
Dialister,5334.0,2889.0
Bacillus,222558.0,30611.0
Dietzia,1240.0,215.0
Aquicella,190.0,17.0
Photobacterium,4311.0,404.0
Kocuria,3386.0,699.0
Catenibacterium,1323.0,509.0
Ruminiclostridium,2094.0,844.0
Flavisolibacter,437.0,22.0
Chryseobacterium,4616.0,778.0
Jeotgalicoccus,714.0,216.0
Acidaminococcus,2032.0,584.0
Novosphingobium,2470.0,288.0
Porphyromonas,27732.0,19336.0
Lactococcus,24885.0,6922.0
Hyphomicrobium,1372.0,94.0
Leucobacter,617.0,97.0
Faecalibaculum,1948.0,1002.0
Oscillibacter,4212.0,1999.0
Anaerococcus,2343.0,1117.0
Gemmatimonas,1119.0,35.0
Lawsonella,348.0,153.0
Brevibacterium,4041.0,593.0
Desulfosporosinus,641.0,50.0
Intestinibacter,858.0,405.0
Nakamurella,254.0,19.0
Iamia,163.0,11.0
Medicago,37203.0,2718.0
Pajaroellobacter,88.0,8.0
Lysobacter,2342.0,167.0
Mycobacterium,187602.0,28057.0
Altererythrobacter,375.0,23.0
Ferruginibacter,302.0,14.0
Gemella,4186.0,2818.0
Nocardioides,2529.0,187.0
Faecalibacterium,20871.0,9752.0
Romboutsia,4034.0,1686.0
Paracoccus,5548.0,573.0
Sphingomonas,12830.0,1996.0
Paenibacillus,10988.0,1211.0
Clostridium,110492.0,30137.0
Hymenobacter,694.0,71.0
Rothia,6448.0,4428.0
Megamonas,2806.0,1190.0
Lactobacillus,112354.0,40204.0
Veillonella,13391.0,8726.0
Devosia,1378.0,150.0
Rhodococcus,13777.0,1469.0
Pseudomonas,263946.0,39239.0
Flavobacterium,11788.0,1429.0
Streptococcus,206812.0,65944.0
Prevotella,38688.0,20762.0
Bacteroides,64823.0,25307.0
Geodermatophilus,367.0,28.0
Conexibacter,451.0,19.0
Exiguobacterium,2301.0,244.0
Aerococcus,3111.0,999.0
Acidovorax,7467.0,1021.0
Bdellovibrio,1753.0,211.0
Butyrivibrio,3647.0,1174.0
Capnocytophaga,4330.0,3165.0
Cellvibrio,996.0,60.0
Haliangium,724.0,33.0
Luteolibacter,338.0,23.0
Micrococcus,17971.0,3393.0
Pseudonocardia,1494.0,154.0
Sediminibacterium,686.0,149.0
Pseudolabrys,330.0,8.0
Undibacterium,259.0,53.0
