genus_clean,epmc_hits
Cardiobacterium,320
Eikenella,1123
Comamonas,1796
Johnsonella,17
Simonsiella,53
Desulfobulbus,346
Sutterella,731
Agathobacter,338
Collinsella,961
Desulfovibrio,4872
Anaerosporobacter,39
Solobacterium,202
Bilophila,737
Barnesiella,480
Bergeyella,138
Anaerovorax,98
Odoribacter,809
Cetobacterium,632
Mogibacterium,188
Eubacterium,4286
Subdoligranulum,582
Slackia,228
Campylobacter,22628
Enhydrobacter,175
Fastidiosipila,58
Stomatobaculum,65
Phascolarctobacterium,846
Fournierella,77
Propionibacterium,6452
Moryella,79
Aggregatibacter,2866
Fretibacterium,135
Leptotrichia,788
Dolosigranulum,212
Anaeroplasma,201
Papillibacter,80
Cutibacterium,2362
Anaerotruncus,382
Abiotrophia,367
Lautropia,193
Moraxella,5963
Butyricimonas,450
Butyricicoccus,673
Enterorhabdus,261
Hydrogenoanaerobacterium,26
Tumebacillus,53
Leuconostoc,4878
Saccharofermentans,126
Marinomonas,273
Parasutterella,633
Ammopiptanthus,207
Finegoldia,385
Alistipes,2408
Ruminococcus,5307
Paucibacter,57
Carnobacterium,933
Erysipelothrix,1364
Oribacterium,185
Neisseria,27207
Fluviicola,64
Ezakiella,46
Akkermansia,6756
Selenomonas,1025
Methanobrevibacter,1400
Nocardia,6962
Fibrobacter,950
Megasphaera,1418
Lachnoanaerobaculum,85
Kingella,862
Parabacteroides,2524
Catonella,81
Corynebacterium,16991
Tannerella,1917
Candidatus_Soleaferrea,22
Lachnospira,675
Anaerostipes,721
Bradyrhizobium,4570
Olsenella,448
Acetitomaculum,86
Pedobacter,498
Atopobium,827
Gemmata,166
Negativibacillus,97
Treponema,10242
Anaerofilum,76
Phaselicystis,9
Marvinbryantia,160
Brevundimonas,1108
Stenotrophomonas,6689
Coxiella,5663
Phenylobacterium,178
Coprobacter,112
Filifactor,345
Shewanella,5332
Blautia,3372
Holdemania,151
Enterobacter,19366
Aeromonas,14454
Caulobacter,2439
Pseudopropionibacterium,29
Parvimonas,849
Mycoplasma,30512
Brachybacterium,257
Sphingobacterium,758
Acinetobacter,33611
Enterococcus,39879
Arthrobacter,4530
Dorea,935
Intestinimonas,319
Massilia,720
Facklamia,127
Williamsia,74
Cloacibacterium,128
Methylobacterium,1969
Peredibacter,23
Terrisporobacter,237
Granulicatella,654
Halomonas,2214
Gordonia,1114
Acidibacter,109
Turicibacter,1183
Alloprevotella,1027
Hungatella,209
Limnobacter,112
Arcobacter,1176
Peptoniphilus,378
Ralstonia,5923
Ilumatobacter,50
Peptococcus,646
Weissella,2523
Candidatus_Saccharimonas,107
Caproiciproducens,165
Sellimonas,123
Lachnoclostridium,902
Haemophilus,27367
Microbacterium,2239
Roseomonas,286
Planococcus,711
Actinomyces,7549
Shuttleworthia,144
Peptostreptococcus,2633
Candidatus_Stoquefichus,8
Pirellula,106
Vibrio,39087
Arenimonas,133
Bifidobacterium,21235
Fusobacterium,10179
Dyadobacter,102
Gemmatirosa,24
Faecalitalea,56
Paraprevotella,325
Psychrobacter,1184
Anaerofustis,58
Gaiella,188
Aquabacterium,238
Rubrobacter,185
Streptomyces,34174
Eggerthella,550
Legionella,11411
Deinococcus,2443
Flavonifractor,402
Roseburia,2730
Staphylococcus,194697
Fusicatenibacter,353
Tyzzerella,215
Holdemanella,189
Helicobacter,58132
Dialister,1036
Bacillus,140664
Dietzia,428
Aquicella,31
Photobacterium,2362
Kocuria,1074
Catenibacterium,256
Ruminiclostridium,445
Eisenbergiella,192
Solirubrobacter,111
Flavisolibacter,142
Chryseobacterium,1618
Jeotgalicoccus,145
Chthoniobacter,31
Acidaminococcus,377
Novosphingobium,793
Porphyromonas,13488
Lactococcus,11728
Erysipelatoclostridium,384
Hyphomicrobium,618
Caldicoprobacter,70
Leucobacter,198
Faecalibaculum,656
Oscillibacter,751
Rubellimicrobium,48
Anaerococcus,363
Pedomicrobium,70
Gemmatimonas,331
Lawsonella,87
Brevibacterium,2134
Desulfosporosinus,244
Intestinibacter,171
Nakamurella,62
Iamia,35
Medicago,11308
Pajaroellobacter,15
Lysobacter,1020
Mycobacterium,109301
Altererythrobacter,143
Marmoricola,81
Ferruginibacter,90
Gemella,956
Nocardioides,916
Faecalibacterium,5117
Romboutsia,1190
Paracoccus,2856
Sphingomonas,4988
Paenibacillus,4963
Oscillospira,800
Clostridium,53331
Hymenobacter,214
Rothia,1562
Megamonas,719
Lactobacillus,66107
Veillonella,3430
Devosia,357
Rhodococcus,7470
Pseudomonas,155783
Flavobacterium,5489
Streptococcus,110819
Prevotella,12426
Bacteroides,24641
Geodermatophilus,104
Conexibacter,86
Exiguobacterium,912
Aerococcus,875
Acidovorax,1308
Bdellovibrio,891
Blastocatella,36
Butyrivibrio,1097
Bryobacter,123
Capnocytophaga,1695
Cellvibrio,334
Haliangium,188
Luteolibacter,77
Micrococcus,7443
Pseudonocardia,601
Sediminibacterium,148
Reyranella,79
Pseudolabrys,74
Undibacterium,61
