genus_clean,kscore,studies,n_exp,n_pub
Cardiobacterium,5.637833799950916,30,13,11
Eikenella,4.373421335893586,28,15,15
Comamonas,2.911456401353468,51,19,17
Johnsonella,2.7588994018005515,35,6,6
Simonsiella,2.622313286946856,20,4,3
Desulfobulbus,2.622313286946856,20,11,11
Sutterella,2.518525065302948,56,51,48
Agathobacter,2.4457483255628776,77,6,5
Collinsella,2.2299068793689347,67,62,59
Desulfovibrio,2.17084950963265,68,47,40
Anaerosporobacter,2.108818417204539,30,5,5
Solobacterium,2.096640188904034,49,6,6
Bilophila,2.0733859454960553,56,39,37
Barnesiella,1.7888698461063361,47,21,20
Bergeyella,1.6675359097673685,49,14,14
Anaerovorax,1.645742656282002,23,8,8
Odoribacter,1.6154959699873976,57,47,43
Cetobacterium,1.5879295912372855,30,4,3
Mogibacterium,1.4949311630437219,45,30,27
Eubacterium,1.4658580584354741,60,181,129
Subdoligranulum,1.4501755275165924,83,34,32
Slackia,1.436274363882141,39,7,7
Campylobacter,1.3977457580116792,69,75,66
Enhydrobacter,1.3647727306905262,20,14,14
Fastidiosipila,1.3366760487342142,86,0,0
Stomatobaculum,1.3174548831777464,34,5,5
Phascolarctobacterium,1.3061733202216077,56,56,51
Fournierella,1.2595824438779752,28,1,1
Propionibacterium,1.2595824438779752,28,61,52
Moryella,1.2170306465897982,43,11,11
Aggregatibacter,1.201845780771882,36,39,38
Fretibacterium,1.1957416509896606,29,12,11
Leptotrichia,1.1918228432062574,51,75,73
Dolosigranulum,1.14822167623321,37,8,8
Anaeroplasma,1.1355476096195898,30,0,0
Papillibacter,1.0701986248039634,24,4,4
Cutibacterium,1.0645431552169355,54,7,5
Anaerotruncus,1.0484978801095115,39,32,30
Abiotrophia,1.0021052383599651,40,9,9
Lautropia,0.9872859377132024,56,29,27
Moraxella,0.9742492691966592,33,28,26
Butyricimonas,0.9742492691966592,33,28,26
Butyricicoccus,0.9210955277518833,66,27,26
Enterorhabdus,0.9156124691565335,42,1,1
Hydrogenoanaerobacterium,0.8977122901423844,27,1,1
Tumebacillus,0.8977122901423844,27,0,0
Leuconostoc,0.8806260658514081,35,8,7
Saccharofermentans,0.8763008021372065,20,0,0
Marinomonas,0.8763008021372065,20,0,0
Parasutterella,0.8488275586256064,60,22,22
Ammopiptanthus,0.8473695397182867,28,0,0
Finegoldia,0.8374436541797213,36,14,13
Alistipes,0.8135504423011811,78,103,86
Ruminococcus,0.7999504977173421,45,214,160
Paucibacter,0.7771506196814424,88,0,0
Carnobacterium,0.7646536488566688,22,7,5
Erysipelothrix,0.7150483947568272,23,2,2
Oribacterium,0.7017525278066427,65,31,28
Neisseria,0.6753787470714989,66,110,84
Fluviicola,0.6746931422910463,32,2,2
Ezakiella,0.6690543610099342,24,5,5
Akkermansia,0.6499324032426506,67,90,86
Selenomonas,0.6376723652914461,33,54,49
Methanobrevibacter,0.6376723652914461,33,29,28
Nocardia,0.6263366508941649,25,1,1
Fibrobacter,0.6263366508941649,25,1,1
Megasphaera,0.6253799121810907,68,74,73
Lachnoanaerobaculum,0.6027698327038155,34,13,12
Kingella,0.6027698327038155,34,9,8
Parabacteroides,0.6003604356430187,87,120,110
Catonella,0.5698426109002946,35,16,16
Corynebacterium,0.5228983180175474,91,115,99
Tannerella,0.5150830511893485,28,18,18
Candidatus_Soleaferrea,0.5094045115009551,37,0,0
Lachnospira,0.5092590352635151,55,62,57
Anaerostipes,0.49996376989142843,83,51,46
Bradyrhizobium,0.4906060485150343,65,3,3
Olsenella,0.4833735499609712,47,10,9
Acetitomaculum,0.48286742259712884,29,0,0
Pedobacter,0.48166566874055217,38,6,6
Atopobium,0.46484335942831273,57,69,64
Gemmata,0.4539620336903655,21,0,0
Negativibacillus,0.4440313440496775,58,1,1
Treponema,0.4306468065317348,40,74,46
Anaerofilum,0.42026319360467246,22,4,3
Phaselicystis,0.42026319360467246,22,0,0
Marvinbryantia,0.41580791660655547,50,4,4
Brevundimonas,0.4140385962958958,69,13,12
Stenotrophomonas,0.4050016305317662,60,17,16
Coxiella,0.3736017963832234,33,0,0
Phenylobacterium,0.36398471114539716,43,1,1
Coprobacter,0.36078625255884467,24,4,4
Filifactor,0.36078625255884467,24,32,29
Shewanella,0.36078625255884467,24,8,8
Blautia,0.35339724350434226,102,141,126
Holdemania,0.3504850809542832,34,18,17
Enterobacter,0.32881314338372186,35,27,26
Aeromonas,0.3084865558482953,36,6,6
Caulobacter,0.3084865558482953,36,2,2
Pseudopropionibacterium,0.2878396953907207,27,2,2
Parvimonas,0.274546352346905,48,55,50
Mycoplasma,0.274546352346905,48,24,20
Brachybacterium,0.2715130904161835,38,2,2
Sphingobacterium,0.254706052362595,39,9,8
Acinetobacter,0.2504557884180636,101,82,65
Enterococcus,0.24790875527087217,91,118,97
Arthrobacter,0.2450391958500588,50,3,3
Dorea,0.24135371417227455,71,82,74
Intestinimonas,0.23892253752448936,40,4,4
Massilia,0.23698036739499245,61,0,0
Facklamia,0.23014376616921534,30,3,3
Williamsia,0.21591573904415104,20,2,2
Cloacibacterium,0.21591573904415104,20,8,8
Methylobacterium,0.2138590251999215,84,10,9
Peredibacter,0.21366434945518545,31,0,0
Terrisporobacter,0.21366434945518545,31,6,4
Granulicatella,0.21346122340391302,63,58,52
Halomonas,0.19837921009488083,32,10,10
Gordonia,0.19704162854259016,21,1,1
Acidibacter,0.18419487409442037,33,0,0
Turicibacter,0.18016300638526783,77,24,22
Alloprevotella,0.18016300638526783,77,31,31
Hungatella,0.1799292205970376,22,7,7
Limnobacter,0.1799292205970376,22,3,3
Arcobacter,0.1799292205970376,22,1,1
Peptoniphilus,0.17349033425211574,56,22,21
Ralstonia,0.1710265620873219,34,17,17
Ilumatobacter,0.16438975740002326,23,0,0
Peptococcus,0.16367338558126035,57,21,20
Weissella,0.16237613985444738,46,9,7
Candidatus_Saccharimonas,0.15217265793682982,47,0,0
Caproiciproducens,0.1502594118137759,24,0,0
Sellimonas,0.1502594118137759,24,2,2
Lachnoclostridium,0.14751113063330942,92,21,18
Haemophilus,0.1341171547940896,94,146,131
Microbacterium,0.13357457487575067,49,8,8
Roseomonas,0.12706897215201868,38,3,3
Planococcus,0.1256714565551997,26,1,1
Actinomyces,0.12041965276718386,85,122,101
Shuttleworthia,0.11715534677831226,51,11,9
Peptostreptococcus,0.11715534677831226,51,53,48
Candidatus_Stoquefichus,0.11497760978690676,27,0,0
Pirellula,0.11497760978690676,27,1,1
Vibrio,0.11497760978690676,27,3,3
Arenimonas,0.11497760978690676,27,0,0
Bifidobacterium,0.11054227319404407,98,235,181
Fusobacterium,0.10526131741005229,99,185,150
Dyadobacter,0.10521556567654063,28,1,1
Gemmatirosa,0.10521556567654063,28,0,0
Faecalitalea,0.10521556567654063,28,1,1
Paraprevotella,0.1015900603298401,41,39,36
Psychrobacter,0.1015900603298401,41,10,7
Anaerofustis,0.09629814360237281,29,5,3
Gaiella,0.09629814360237281,29,0,0
Aquabacterium,0.09629814360237281,29,6,6
Rubrobacter,0.09629814360237281,29,2,2
Streptomyces,0.09537172107415699,101,2,2
Eggerthella,0.08814755357951129,30,48,44
Legionella,0.08744919198046451,43,0,0
Deinococcus,0.08111497142983133,44,7,7
Flavonifractor,0.08111497142983133,44,31,29
Roseburia,0.07112630816269142,95,172,145
Staphylococcus,0.07112630816269142,95,126,107
Fusicatenibacter,0.07060054442762882,71,18,15
Tyzzerella,0.06975179217259284,46,16,15
Holdemanella,0.06975179217259284,46,4,4
Helicobacter,0.06763518813273793,33,15,14
Dialister,0.0634800950134993,85,106,97
Bacillus,0.060400145805919604,110,30,29
Dietzia,0.05669175195800378,35,5,5
Aquicella,0.05629613071756511,20,1,1
Photobacterium,0.05629613071756511,20,0,0
Kocuria,0.05553838439919645,49,5,5
Catenibacterium,0.05553838439919645,49,16,15
Ruminiclostridium,0.05553838439919645,49,12,11
Eisenbergiella,0.05190112983594635,36,10,9
Solirubrobacter,0.05190112983594635,36,0,0
Flavisolibacter,0.05032656921260182,21,2,1
Chryseobacterium,0.04554176020134896,65,4,4
Jeotgalicoccus,0.04502323237438542,22,1,1
Chthoniobacter,0.04502323237438542,22,0,0
Acidaminococcus,0.04502323237438542,22,26,25
Novosphingobium,0.04502323237438542,22,6,5
Porphyromonas,0.042486026361640124,66,142,112
Lactococcus,0.03694548264729401,68,29,28
Erysipelatoclostridium,0.03694548264729401,68,8,8
Hyphomicrobium,0.03643584281266812,40,3,3
Caldicoprobacter,0.03610193394796355,24,0,0
Leucobacter,0.03610193394796355,24,3,3
Faecalibaculum,0.032353662900498646,25,0,0
Oscillibacter,0.03209208868688953,70,37,35
Rubellimicrobium,0.02900765753247947,26,4,4
Anaerococcus,0.027700036488888146,58,24,22
Pedomicrobium,0.026018136616009106,27,0,0
Gemmatimonas,0.026018136616009106,27,0,0
Lawsonella,0.025538462384506456,44,1,1
Brevibacterium,0.02336018210015306,45,7,7
Desulfosporosinus,0.020953259604051474,29,1,1
Intestinibacter,0.020953259604051474,29,5,5
Nakamurella,0.020953259604051474,29,0,0
Iamia,0.01881185268669499,30,0,0
Medicago,0.016893572883868106,31,0,0
Pajaroellobacter,0.016893572883868106,31,0,0
Lysobacter,0.016893572883868106,31,2,2
Mycobacterium,0.015610538965772634,80,13,11
Altererythrobacter,0.013632820043596288,33,0,0
Marmoricola,0.013632820043596288,33,0,0
Ferruginibacter,0.013632820043596288,33,0,0
Gemella,0.01355044631862319,67,72,59
Nocardioides,0.01355044631862319,67,4,4
Faecalibacterium,0.012840675739071822,97,237,211
Romboutsia,0.01250934085780257,83,9,9
Paracoccus,0.012465216579157754,52,11,10
Sphingomonas,0.011613002721991887,84,29,26
Paenibacillus,0.010630862855783766,70,8,8
Oscillospira,0.009895851778466006,36,35,30
Clostridium,0.009055861170863839,102,275,174
Hymenobacter,0.00646716975975628,40,2,2
Rothia,0.005986376028107453,77,94,79
Megamonas,0.005816101859116177,41,49,44
Lactobacillus,0.0053485811372376195,124,310,224
Veillonella,0.005040928614550414,95,213,174
Devosia,0.003807145001549342,45,3,3
Rhodococcus,0.0030812146309357994,47,12,11
Pseudomonas,0.0023100404547263718,136,82,73
Flavobacterium,0.001649643702705656,74,14,14
Streptococcus,0.0007787717116106691,135,447,300
Prevotella,0.00022047290409780016,72,424,313
Bacteroides,4.826871417035387e-05,111,341,249
Geodermatophilus,-0.0,22,0,0
Conexibacter,-0.0,26,0,0
Exiguobacterium,-0.0,22,3,3
Aerococcus,-0.0,27,14,14
Acidovorax,-0.0,28,8,8
Bdellovibrio,-0.0,46,1,1
Blastocatella,-0.0,23,0,0
Butyrivibrio,-0.0,26,15,14
Bryobacter,-0.0,28,0,0
Capnocytophaga,-0.0,44,63,52
Cellvibrio,-0.0,25,2,2
Haliangium,-0.0,39,0,0
Luteolibacter,-0.0,28,0,0
Micrococcus,-0.0,21,10,10
Pseudonocardia,-0.0,38,2,2
Sediminibacterium,-0.0,27,3,3
Reyranella,-0.0,31,0,0
Pseudolabrys,-0.0,20,0,0
Undibacterium,-0.0,23,1,1
