taxon,top25,all,odds_ratio,p,q_bh
Anaerovoracaceae,2,2,inf,0.011695450469767263,0.713422478655803
Desulfovibrionaceae,2,2,inf,0.011695450469767263,0.713422478655803
Neisseriaceae,2,4,8.695652173913043,0.060960679152952356,1.0
Cardiobacteriaceae,1,1,inf,0.11013215859030838,1.0
Fastidiosipilaceae,1,1,inf,0.11013215859030838,1.0
Desulfobulbaceae,1,1,inf,0.11013215859030838,1.0
Coriobacteriaceae,1,1,inf,0.11013215859030838,1.0
Campylobacteraceae,1,1,inf,0.11013215859030838,1.0
Barnesiellaceae,1,1,inf,0.11013215859030838,1.0
Lachnospiraceae,4,21,2.0728291316526612,0.1861374939403308,1.0
Acidaminococcaceae,1,2,8.375,0.20856886671084948,1.0
Fusobacteriaceae,1,2,8.375,0.20856886671084948,1.0
Marinifilaceae,1,2,8.375,0.20856886671084948,1.0
Pasteurellaceae,1,2,8.375,0.20856886671084948,1.0
Propionibacteriaceae,1,2,8.375,0.20856886671084948,1.0
Eggerthellaceae,1,3,4.166666666666667,0.29650565929853295,1.0
Weeksellaceae,1,3,4.166666666666667,0.29650565929853295,1.0
Burkholderiaceae,2,10,2.108695652173913,0.3031812614786362,1.0
Bacteroidaceae,0,4,0.0,1.0,1.0
Bacteriovoracaceae,0,1,0.0,1.0,1.0
Bifidobacteriaceae,0,1,0.0,1.0,1.0
Brevibacteriaceae,0,1,0.0,1.0,1.0
Beijerinckiaceae,0,1,0.0,1.0,1.0
Bdellovibrionaceae,0,1,0.0,1.0,1.0
Butyricicoccaceae,0,1,0.0,1.0,1.0
Bryobacteraceae,0,1,0.0,1.0,1.0
Bacillaceae,0,1,0.0,1.0,1.0
Atopobiaceae,0,2,0.0,1.0,1.0
Aminobacteriaceae,0,1,0.0,1.0,1.0
Anaerofustaceae,0,1,0.0,1.0,1.0
Actinomycetaceae,0,1,0.0,1.0,1.0
Acetobacteraceae,0,1,0.0,1.0,1.0
Chitinophagaceae,0,3,0.0,1.0,1.0
Cellvibrionaceae,0,1,0.0,1.0,1.0
Caulobacteraceae,0,3,0.0,1.0,1.0
Carnobacteriaceae,0,2,0.0,1.0,1.0
CAG-274,0,1,0.0,1.0,1.0
Caldicoprobacteraceae,0,1,0.0,1.0,1.0
Coprobacteraceae,0,1,0.0,1.0,1.0
Chthoniobacteraceae,0,1,0.0,1.0,1.0
DSM-16500,0,1,0.0,1.0,1.0
Crocinitomicaceae,0,1,0.0,1.0,1.0
Coxiellaceae,0,1,0.0,1.0,1.0
Deinococcaceae,0,1,0.0,1.0,1.0
Desulfitobacteriaceae,0,1,0.0,1.0,1.0
Dermabacteraceae,0,1,0.0,1.0,1.0
Coprobacillaceae,0,1,0.0,1.0,1.0
Clostridiaceae,0,1,0.0,1.0,1.0
Dialisteraceae,0,1,0.0,1.0,1.0
Devosiaceae,0,1,0.0,1.0,1.0
Erysipelotrichaceae,0,5,0.0,1.0,1.0
Enterobacteriaceae,0,1,0.0,1.0,1.0
Exiguobacteriaceae,0,1,0.0,1.0,1.0
Fibrobacteraceae,0,1,0.0,1.0,1.0
Filifactoraceae,0,1,0.0,1.0,1.0
Enterococcaceae,0,1,0.0,1.0,1.0
Flavobacteriaceae,0,2,0.0,1.0,1.0
Gaiellaceae,0,1,0.0,1.0,1.0
Anaeroplasmataceae,0,1,0.0,1.0,1.0
Arcobacteraceae,0,1,0.0,1.0,1.0
Aerococcaceae,0,4,0.0,1.0,1.0
Aeromonadaceae,0,1,0.0,1.0,1.0
Akkermansiaceae,0,2,0.0,1.0,1.0
Acutalibacteraceae,0,1,0.0,1.0,1.0
Halomonadaceae,0,1,0.0,1.0,1.0
Haliangiaceae,0,1,0.0,1.0,1.0
Geodermatophilaceae,0,1,0.0,1.0,1.0
Gemmatimonadaceae,0,2,0.0,1.0,1.0
Gemmataceae,0,1,0.0,1.0,1.0
Gemellaceae,0,1,0.0,1.0,1.0
Hyphomicrobiaceae,0,1,0.0,1.0,1.0
Iamiaceae,0,1,0.0,1.0,1.0
Legionellaceae,0,1,0.0,1.0,1.0
Leptotrichiaceae,0,1,0.0,1.0,1.0
Marinomonadaceae,0,1,0.0,1.0,1.0
Megasphaeraceae,0,1,0.0,1.0,1.0
Microbacteriaceae,0,2,0.0,1.0,1.0
Ilumatobacteraceae,0,1,0.0,1.0,1.0
Lactobacillaceae,0,3,0.0,1.0,1.0
Helicobacteraceae,0,1,0.0,1.0,1.0
Mycobacteriaceae,0,8,0.0,1.0,1.0
Moraxellaceae,0,3,0.0,1.0,1.0
Micrococcaceae,0,4,0.0,1.0,1.0
Nakamurellaceae,0,1,0.0,1.0,1.0
Nocardioidaceae,0,2,0.0,1.0,1.0
Oscillospiraceae,0,4,0.0,1.0,1.0
Paenibacillaceae,0,1,0.0,1.0,1.0
Mycoplasmataceae,0,1,0.0,1.0,1.0
Peptococcaceae,0,1,0.0,1.0,1.0
Peptoniphilaceae,0,5,0.0,1.0,1.0
Pirellulaceae,0,1,0.0,1.0,1.0
Peptostreptococcaceae,0,4,0.0,1.0,1.0
Planococcaceae,0,1,0.0,1.0,1.0
Polyangiaceae,0,1,0.0,1.0,1.0
Porphyromonadaceae,0,1,0.0,1.0,1.0
Hymenobacteraceae,0,1,0.0,1.0,1.0
Pseudomonadaceae,0,1,0.0,1.0,1.0
Pseudonocardiaceae,0,1,0.0,1.0,1.0
Rhodobacteraceae,0,2,0.0,1.0,1.0
Reyranellaceae,0,1,0.0,1.0,1.0
Rubrobacteraceae,0,1,0.0,1.0,1.0
Ruminococcaceae,0,7,0.0,1.0,1.0
Saccharofermentanaceae,0,1,0.0,1.0,1.0
Rikenellaceae,0,1,0.0,1.0,1.0
Selenomonadaceae,0,2,0.0,1.0,1.0
Shewanellaceae,0,1,0.0,1.0,1.0
Solirubrobacteraceae,0,2,0.0,1.0,1.0
Sphingobacteriaceae,0,2,0.0,1.0,1.0
Sphingomonadaceae,0,2,0.0,1.0,1.0
Spirosomataceae,0,1,0.0,1.0,1.0
Staphylococcaceae,0,1,0.0,1.0,1.0
Salinicoccaceae,0,1,0.0,1.0,1.0
Streptococcaceae,0,2,0.0,1.0,1.0
Streptomycetaceae,0,1,0.0,1.0,1.0
Treponemataceae,0,1,0.0,1.0,1.0
Tannerellaceae,0,2,0.0,1.0,1.0
Tumebacillaceae,0,1,0.0,1.0,1.0
Turicibacteraceae,0,1,0.0,1.0,1.0
Veillonellaceae,0,1,0.0,1.0,1.0
Vibrionaceae,0,2,0.0,1.0,1.0
Xanthobacteraceae,0,2,0.0,1.0,1.0
Xanthomonadaceae,0,3,0.0,1.0,1.0
