genus_clean,gbif_key,occurrences,countries
Cardiobacterium,3222851.0,2293.0,63.0
Eikenella,3220202.0,1199.0,47.0
Comamonas,3220118.0,16796.0,130.0
Simonsiella,3220200.0,343.0,28.0
Desulfobulbus,3220671.0,20871.0,107.0
Sutterella,3219837.0,5423.0,74.0
Agathobacter,9200148.0,10347.0,87.0
Collinsella,9629030.0,7500.0,81.0
Desulfovibrio,3220375.0,20639.0,127.0
Solobacterium,3226089.0,4164.0,61.0
Bilophila,3220480.0,3929.0,65.0
Barnesiella,3237746.0,1353.0,42.0
Bergeyella,3228642.0,2143.0,65.0
Odoribacter,4893998.0,7225.0,77.0
Cetobacterium,3225864.0,16935.0,85.0
Mogibacterium,3226369.0,5220.0,76.0
Eubacterium,3223474.0,2970.0,55.0
Subdoligranulum,3226751.0,12293.0,80.0
Slackia,3223475.0,617.0,42.0
Campylobacter,3223336.0,112870.0,124.0
Enhydrobacter,3223098.0,7966.0,96.0
Fastidiosipila,3226508.0,3255.0,68.0
Stomatobaculum,7989431.0,1409.0,34.0
Phascolarctobacterium,3226265.0,4335.0,70.0
Propionibacterium,3225689.0,2319.0,88.0
Aggregatibacter,3222246.0,3293.0,73.0
Fretibacterium,7457188.0,1145.0,55.0
Leptotrichia,3225905.0,12970.0,90.0
Dolosigranulum,3227200.0,4232.0,72.0
Cutibacterium,9519489.0,24427.0,104.0
Anaerotruncus,3226733.0,1414.0,39.0
Abiotrophia,3227008.0,3244.0,64.0
Lautropia,3219911.0,16261.0,98.0
Moraxella,3219792.0,5331.0,96.0
Butyricimonas,7748467.0,2586.0,49.0
Butyricicoccus,8040592.0,2085.0,60.0
Tumebacillus,4898038.0,50945.0,96.0
Leuconostoc,3227448.0,6793.0,109.0
Marinomonas,3222163.0,38998.0,109.0
Finegoldia,3226856.0,6138.0,82.0
Alistipes,3228398.0,38278.0,102.0
Ruminococcus,3226759.0,22796.0,80.0
Paucibacter,3220027.0,7255.0,80.0
Carnobacterium,3227175.0,3396.0,76.0
Erysipelothrix,3226081.0,6580.0,77.0
Neisseria,3220214.0,17424.0,115.0
Fluviicola,3228481.0,60386.0,132.0
Ezakiella,8247569.0,2152.0,43.0
Akkermansia,3229028.0,11472.0,98.0
Selenomonas,3226232.0,3596.0,71.0
Methanobrevibacter,1000107.0,3166.0,84.0
Nocardia,9582951.0,17008.0,81.0
Fibrobacter,3228262.0,3867.0,60.0
Megasphaera,3226298.0,6046.0,75.0
Lachnoanaerobaculum,7404530.0,2726.0,46.0
Kingella,3220263.0,648.0,56.0
Parabacteroides,3228303.0,16457.0,91.0
Corynebacterium,3224364.0,8809.0,95.0
Tannerella,3228337.0,2169.0,63.0
Anaerostipes,3226781.0,6931.0,71.0
Bradyrhizobium,3221031.0,,
Olsenella,3223468.0,1802.0,66.0
Pedobacter,3228812.0,,
Atopobium,3223447.0,6478.0,82.0
Gemmata,3228998.0,98331.0,90.0
Treponema,3228107.0,17092.0,99.0
Marvinbryantia,3237761.0,4311.0,57.0
Brevundimonas,3221698.0,68405.0,153.0
Stenotrophomonas,3222368.0,28224.0,151.0
Coxiella,3223025.0,87116.0,158.0
Phenylobacterium,9571613.0,162688.0,137.0
Coprobacter,7397716.0,747.0,35.0
Filifactor,3226849.0,988.0,35.0
Shewanella,3222805.0,54082.0,139.0
Blautia,7643970.0,21244.0,95.0
Enterobacter,3221976.0,19829.0,147.0
Aeromonas,3222380.0,37954.0,156.0
Caulobacter,3221268.0,70122.0,136.0
Pseudopropionibacterium,9322258.0,174.0,26.0
Parvimonas,3237763.0,3341.0,57.0
Mycoplasma,3225939.0,20343.0,132.0
Brachybacterium,3224889.0,6723.0,106.0
Sphingobacterium,3228645.0,20941.0,120.0
Acinetobacter,3223263.0,119255.0,177.0
Enterococcus,3227372.0,35847.0,145.0
Arthrobacter,3223550.0,20703.0,117.0
Dorea,3226742.0,2171.0,67.0
Intestinimonas,7517823.0,9459.0,63.0
Massilia,3219853.0,144476.0,133.0
Facklamia,3227029.0,1919.0,66.0
Williamsia,8978157.0,3084.0,57.0
Cloacibacterium,3228636.0,10417.0,103.0
Methylobacterium,3220820.0,90574.0,150.0
Peredibacter,3220690.0,56385.0,126.0
Terrisporobacter,8418249.0,8228.0,81.0
Granulicatella,3227165.0,,
Halomonas,3222084.0,33266.0,145.0
Gordonia,3225515.0,1910.0,66.0
Turicibacter,3227733.0,11438.0,36.0
Hungatella,7744436.0,1429.0,40.0
Limnobacter,3220003.0,18116.0,110.0
Arcobacter,3223371.0,31780.0,121.0
Peptoniphilus,3226834.0,11794.0,92.0
Ralstonia,3219897.0,33664.0,164.0
Ilumatobacter,5905178.0,84740.0,112.0
Weissella,3227426.0,4343.0,104.0
Caproiciproducens,9359701.0,3407.0,58.0
Sellimonas,8771938.0,1027.0,32.0
Lachnoclostridium,10796421.0,5201.0,69.0
Haemophilus,3219815.0,6528.0,102.0
Microbacterium,3225370.0,22199.0,153.0
Roseomonas,3221509.0,40302.0,125.0
Planococcus,11245801.0,5406.0,79.0
Actinomyces,8896911.0,20340.0,118.0
Peptostreptococcus,3223444.0,3324.0,70.0
Pirellula,3228980.0,95123.0,126.0
Vibrio,6005951.0,277397.0,161.0
Bifidobacterium,3223496.0,17709.0,113.0
Fusobacterium,3225870.0,18345.0,109.0
Dyadobacter,3228894.0,27276.0,92.0
Gemmatirosa,10675420.0,80292.0,77.0
Faecalitalea,8206760.0,870.0,35.0
Paraprevotella,7861617.0,2165.0,54.0
Psychrobacter,3223295.0,54121.0,134.0
Aquabacterium,3220021.0,22820.0,122.0
Rubrobacter,9395544.0,20167.0,99.0
Streptomyces,2584528.0,92039.0,165.0
Eggerthella,3223458.0,1832.0,49.0
Legionella,3223036.0,58867.0,123.0
Deinococcus,3215676.0,8696.0,90.0
Flavonifractor,7509663.0,2251.0,46.0
Roseburia,3226806.0,15649.0,94.0
Staphylococcus,7945561.0,95686.0,172.0
Helicobacter,3223370.0,,
Dialister,3226359.0,8862.0,88.0
Bacillus,3227637.0,199124.0,179.0
Dietzia,10918204.0,1478.0,39.0
Aquicella,3223027.0,53977.0,112.0
Photobacterium,3222389.0,70807.0,124.0
Kocuria,3224630.0,11818.0,127.0
Catenibacterium,3226785.0,3841.0,59.0
Ruminiclostridium,10776163.0,17530.0,80.0
Flavisolibacter,4893097.0,145981.0,88.0
Chryseobacterium,3228687.0,,
Jeotgalicoccus,3227729.0,2589.0,60.0
Acidaminococcus,3226304.0,3028.0,58.0
Novosphingobium,7512659.0,82037.0,145.0
Porphyromonas,3228312.0,3795.0,84.0
Lactococcus,3227131.0,9978.0,120.0
Hyphomicrobium,3220906.0,89720.0,145.0
Leucobacter,3225345.0,6037.0,91.0
Faecalibaculum,9171435.0,1221.0,41.0
Oscillibacter,4886968.0,9043.0,77.0
Anaerococcus,3226860.0,20889.0,101.0
Gemmatimonas,3228301.0,86476.0,114.0
Lawsonella,9435328.0,9043.0,86.0
Brevibacterium,3224718.0,10840.0,112.0
Desulfosporosinus,3226466.0,16123.0,40.0
Intestinibacter,8385515.0,5300.0,53.0
Nakamurella,3225732.0,39347.0,97.0
Iamia,6108754.0,31180.0,96.0
Medicago,,,
Pajaroellobacter,10836321.0,55388.0,101.0
Lysobacter,3222300.0,20038.0,113.0
Mycobacterium,8018537.0,378973.0,163.0
Altererythrobacter,4901674.0,35340.0,127.0
Ferruginibacter,7592743.0,95052.0,108.0
Gemella,3227646.0,7052.0,89.0
Nocardioides,3224302.0,83425.0,148.0
Faecalibacterium,3226739.0,23665.0,108.0
Romboutsia,8222061.0,37945.0,109.0
Paracoccus,3221219.0,21897.0,140.0
Sphingomonas,3221354.0,65369.0,155.0
Paenibacillus,3227538.0,73532.0,151.0
Clostridium,3226206.0,121662.0,150.0
Hymenobacter,3228901.0,43756.0,99.0
Rothia,3224616.0,14001.0,113.0
Megamonas,3228387.0,3928.0,73.0
Lactobacillus,3223445.0,30639.0,143.0
Veillonella,3226335.0,19808.0,104.0
Devosia,3220926.0,88450.0,136.0
Rhodococcus,3224437.0,1948.0,72.0
Pseudomonas,3219881.0,123831.0,179.0
Flavobacterium,3221328.0,224925.0,150.0
Streptococcus,3223465.0,100957.0,164.0
Prevotella,3228419.0,,
Bacteroides,3222857.0,70956.0,124.0
Geodermatophilus,3224724.0,162706.0,95.0
Conexibacter,3223545.0,239902.0,95.0
Exiguobacterium,3227748.0,1707.0,75.0
Aerococcus,3227021.0,2199.0,88.0
Acidovorax,3220140.0,10572.0,112.0
Bdellovibrio,3220688.0,75244.0,146.0
Butyrivibrio,3226809.0,2037.0,55.0
Capnocytophaga,3228504.0,8574.0,85.0
Cellvibrio,3223108.0,28300.0,114.0
Haliangium,3220527.0,95735.0,117.0
Luteolibacter,4575424.0,55189.0,113.0
Micrococcus,10831483.0,8645.0,113.0
Pseudonocardia,3224769.0,182670.0,129.0
Sediminibacterium,8353847.0,39710.0,104.0
Pseudolabrys,4888729.0,143327.0,128.0
Undibacterium,4895670.0,8319.0,79.0
