phylum,top25,all,odds_ratio,p,q_bh
Thermodesulfobacteriota,3,3,inf,0.0010108645968847788,0.019206427340810798
Campylobacterota,1,3,4.4375,0.2821301114588094,1.0
Fusobacteriota,1,3,4.4375,0.2821301114588094,1.0
Pseudomonadota,6,53,1.1287793952967524,0.48882988248843096,1.0
Bacteroidota,3,25,1.1962809917355373,0.4982592217428986,1.0
Bacillota,9,94,0.8602941176470589,0.7085595022157675,1.0
Actinomycetota,2,38,0.4323671497584541,0.933936232050735,1.0
Acidobacteriota,0,2,0.0,1.0,1.0
Fibrobacterota,0,1,0.0,1.0,1.0
Deinococcota,0,1,0.0,1.0,1.0
Methanobacteriota,0,1,0.0,1.0,1.0
Gemmatimonadota,0,2,0.0,1.0,1.0
Mycoplasmatota,0,2,0.0,1.0,1.0
Myxococcota,0,3,0.0,1.0,1.0
Planctomycetota,0,2,0.0,1.0,1.0
Bdellovibrionota,0,2,0.0,1.0,1.0
Spirochaetota,0,1,0.0,1.0,1.0
Synergistota,0,1,0.0,1.0,1.0
Verrucomicrobiota,0,3,0.0,1.0,1.0
