genus,genus_clean,frac_top,p,anaerobe,PFOR,FeFe_H2ase,DSR,coxA,katE,cydA,n_genomes,GAI,bv_anaerobe,n_annot
Cardiobacterium,Cardiobacterium,0.4333333333333333,2.302322724161098e-06,0.0,0.0,0.0,0.0,0.0,0.0,0.0,1.0,0.0,,
Eikenella,Eikenella,0.3928571428571428,4.232321631540403e-05,0.0,0.0,0.0,0.0,0.0,0.0,0.0,2.0,0.0,,
Comamonas,Comamonas,0.2549019607843137,0.0012261499891986,0.0,0.0,0.0,0.0,0.9333333333333332,0.7333333333333333,0.8666666666666667,15.0,-0.9333333333333332,0.0,8.0
Johnsonella,Johnsonella,0.2857142857142857,0.0017422103851516,,,,,,,,,,,
Simonsiella,Simonsiella,0.35,0.0023860894089661,0.0,0.0,0.0,0.0,0.0,1.0,0.0,1.0,0.0,,
Desulfobulbus,Desulfobulbus,0.35,0.0023860894089661,1.0,1.0,0.0,1.0,0.0,1.0,1.0,3.0,1.0,,
Sutterella,Sutterella,0.2321428571428571,0.0030302254033037,1.0,1.0,0.3333333333333333,0.0,0.0,0.3333333333333333,1.0,3.0,1.0,,
Agathobacter,Agathobacter,0.2077922077922078,0.003583040147751,,1.0,0.0,0.0,0.0,0.0,0.0,3.0,1.0,1.0,6.0
Collinsella,Collinsella,0.208955223880597,0.0058896992767573,1.0,1.0,0.0,0.0,0.0,0.0,0.0,3.0,1.0,1.0,4.0
Desulfovibrio,Desulfovibrio,0.2058823529411764,0.0067476180354449,1.0,0.9166666666666666,0.6666666666666666,1.0,0.25,0.75,0.8333333333333334,12.0,0.6666666666666666,1.0,12.0
Anaerosporobacter,Anaerosporobacter,0.2666666666666666,0.0077836192379213,1.0,,,,,,,,,,
Solobacterium,Solobacterium,0.2244897959183673,0.0080049718880168,1.0,1.0,0.0,0.0,0.0,0.0,0.0,1.0,1.0,,
Bilophila,Bilophila,0.2142857142857142,0.0084452800290179,1.0,1.0,1.0,1.0,0.0,1.0,1.0,1.0,1.0,,
Barnesiella,Barnesiella,0.2127659574468085,0.0162603599013835,1.0,1.0,0.0,0.0,0.0,0.0,1.0,1.0,1.0,,
Bergeyella,Bergeyella,0.2040816326530612,0.0215012688811389,0.0,0.0,0.0,0.0,0.0,1.0,0.0,2.0,0.0,,
Anaerovorax,Anaerovorax,0.2608695652173913,0.0226077500875892,1.0,,,,,,,,,,
Odoribacter,Odoribacter,0.1929824561403508,0.0242384045634919,1.0,1.0,0.0,0.0,0.0,0.0,1.0,1.0,1.0,,
Cetobacterium,Cetobacterium,0.2333333333333333,0.0258267886619098,1.0,1.0,0.0,0.0,0.0,0.0,0.0,1.0,1.0,,
Mogibacterium,Mogibacterium,0.2,0.0319940218418636,1.0,1.0,0.0,0.0,0.0,0.0,0.0,2.0,1.0,,
Eubacterium,Eubacterium,0.1833333333333333,0.034209123078733,1.0,1.0,0.0,0.0,0.0,0.0,0.0,8.0,1.0,1.0,3.0
Subdoligranulum,Subdoligranulum,0.1686746987951807,0.0354670014330848,1.0,1.0,0.0,0.0,0.0,0.0,0.0,1.0,1.0,,
Slackia,Slackia,0.2051282051282051,0.0366206152215798,1.0,1.0,0.0,0.0,0.0,0.0,1.0,2.0,1.0,1.0,3.0
Campylobacter,Campylobacter,0.1739130434782608,0.0400178951487547,0.1612903225806451,1.0,0.0117647058823529,0.0,0.0,0.8352941176470589,0.611764705882353,85.0,1.0,0.0380952380952381,105.0
Enhydrobacter,Enhydrobacter,0.25,0.0431744952844633,0.0,0.0,0.0,0.0,1.0,1.0,1.0,1.0,-1.0,,
Fastidiosipila,Fastidiosipila,0.1627906976744186,0.0460600018705894,1.0,0.0,0.0,0.0,0.0,0.0,0.0,1.0,0.0,,
Stomatobaculum,Stomatobaculum,0.2058823529411764,0.0481443266291247,,1.0,0.0,0.0,0.0,0.0,0.0,1.0,1.0,,
Phascolarctobacterium,Phascolarctobacterium,0.1785714285714285,0.0494113454583335,1.0,0.5,0.0,0.0,0.0,0.0,0.0,2.0,0.5,,
Fournierella,Fournierella,0.2142857142857142,0.0550069488682914,1.0,,,,,,,,,,
Propionibacterium,Propionibacterium,0.2142857142857142,0.0550069488682914,0.5,1.0,0.0,0.0,0.0,0.5,1.0,4.0,1.0,0.3333333333333333,3.0
Moryella,Moryella,0.1860465116279069,0.0606693515912235,1.0,,,,,,,,,,
Aggregatibacter,Aggregatibacter,0.1944444444444444,0.0628281423758372,0.0,0.0,0.0,0.0,0.0,0.7,1.0,10.0,0.0,0.041666666666666664,24.0
Fretibacterium,Fretibacterium,0.2068965517241379,0.0637174444522859,1.0,1.0,0.0,0.0,0.0,0.0,0.0,1.0,1.0,,
Leptotrichia,Leptotrichia,0.1764705882352941,0.0642949935064128,0.8333333333333334,1.0,0.0,0.0,0.0,0.0,0.0,12.0,1.0,0.6666666666666666,3.0
Dolosigranulum,Dolosigranulum,0.1891891891891892,0.0710850582717572,0.0,0.0,0.0,0.0,0.0,0.0,0.0,2.0,0.0,,
Anaeroplasma,Anaeroplasma,0.2,0.0731901083998799,,,,,,,,,,,
Papillibacter,Papillibacter,0.2083333333333333,0.0850748858786708,1.0,,,,,,,,,,
Cutibacterium,Cutibacterium,0.1666666666666666,0.086189992869628,1.0,1.0,0.0,0.0,0.9375,1.0,1.0,16.0,0.0625,1.0,15.0
Anaerotruncus,Anaerotruncus,0.1794871794871795,0.0894338897394184,1.0,1.0,0.0,0.0,0.0,0.0,0.0,1.0,1.0,,
Abiotrophia,Abiotrophia,0.175,0.0995164239655512,0.0,0.0,0.0,0.0,0.0,0.0,0.0,1.0,0.0,,
Lautropia,Lautropia,0.1607142857142857,0.1029707941707624,0.0,0.0,0.0,0.0,0.0,1.0,1.0,1.0,0.0,,
Moraxella,Moraxella,0.1818181818181818,0.1061086357508095,0.0,0.0,0.0,0.0,0.0,0.8333333333333334,0.8888888888888888,18.0,0.0,0.0,4.0
Butyricimonas,Butyricimonas,0.1818181818181818,0.1061086357508095,1.0,1.0,0.0,0.0,0.0,1.0,1.0,3.0,1.0,,
Butyricicoccus,Butyricicoccus,0.1515151515151515,0.1199235489365509,1.0,1.0,0.0,0.0,0.0,0.0,0.0,1.0,1.0,,
Enterorhabdus,Enterorhabdus,0.1666666666666666,0.1214472068150656,1.0,,,,,,,,,,
Hydrogenoanaerobacterium,Hydrogenoanaerobacterium,0.1851851851851851,0.1265574483082461,1.0,,,,,,,,,,
Tumebacillus,Tumebacillus,0.1851851851851851,0.1265574483082461,0.0,0.0,0.0,0.0,1.0,0.5,0.5,2.0,-1.0,,
Leuconostoc,Leuconostoc,0.1714285714285714,0.1316357748418372,0.0833333333333333,0.0,0.0,0.0,0.0,0.0,1.0,14.0,0.0,0.11904761904761904,42.0
Saccharofermentans,Saccharofermentans,0.2,0.1329533234343351,1.0,,,,,,,,,,
Marinomonas,Marinomonas,0.2,0.1329533234343351,0.0,0.0,0.0,0.0,0.0,0.0,0.9090909090909092,11.0,0.0,,
Parasutterella,Parasutterella,0.15,0.1416356047983447,1.0,,,,,,,,,,
Ammopiptanthus,Ammopiptanthus,0.1785714285714285,0.1421119047082362,,,,,,,,,,,
Finegoldia,Finegoldia,0.1666666666666666,0.1453973013350372,1.0,1.0,0.0,0.0,0.0,0.0,0.0,1.0,1.0,1.0,5.0
Alistipes,Alistipes,0.141025641025641,0.1536206356148474,1.0,0.9,0.0,0.0,0.0,0.6,0.8,10.0,0.9,1.0,4.0
Ruminococcus,Ruminococcus,0.1555555555555555,0.1585073853983558,1.0,1.0,0.0,0.0,0.0,0.0,0.0,8.0,1.0,1.0,12.0
Paucibacter,Paucibacter,0.1363636363636363,0.1670511156120358,0.0,0.5,0.0,0.0,1.0,0.0,1.0,2.0,-0.5,,
Carnobacterium,Carnobacterium,0.1818181818181818,0.1719278970664558,0.0,0.2857142857142857,0.0,0.0,0.0,0.5714285714285714,0.4285714285714285,7.0,0.2857142857142857,,
Erysipelothrix,Erysipelothrix,0.1739130434782608,0.19273101351862,0.0,0.0,0.0,0.0,0.0,0.0,0.0,9.0,0.0,,
Oribacterium,Oribacterium,0.1384615384615384,0.198722696795465,1.0,,,,,,,,,,
Neisseria,Neisseria,0.1363636363636363,0.2111646675100303,0.0,0.0,0.0,0.0,0.0,0.9347826086956522,0.217391304347826,46.0,0.0,0.0,45.0
Fluviicola,Fluviicola,0.15625,0.2114982886993275,0.0,0.0,0.0,0.0,1.0,0.5,0.0,2.0,-1.0,,
Ezakiella,Ezakiella,0.1666666666666666,0.2142622390466099,,1.0,0.0,0.0,0.0,0.0,0.0,1.0,1.0,,
Akkermansia,Akkermansia,0.1343283582089552,0.2239069616556361,1.0,1.0,0.0,0.0,0.0,1.0,1.0,3.0,1.0,,
Selenomonas,Selenomonas,0.1515151515151515,0.2303178695829913,1.0,1.0,0.1428571428571428,0.0,0.0,0.0,1.0,7.0,1.0,1.0,4.0
Methanobrevibacter,Methanobrevibacter,0.1515151515151515,0.2303178695829913,1.0,1.0,0.0,0.0,0.0,0.1111111111111111,0.0,9.0,1.0,1.0,5.0
Nocardia,Nocardia,0.16,0.236408642446828,0.0,0.0,0.0,0.0,1.0,1.0,0.9523809523809524,21.0,-1.0,0.0,50.0
Fibrobacter,Fibrobacter,0.16,0.236408642446828,1.0,1.0,0.0,0.0,0.0,0.0,0.0,2.0,1.0,,
Megasphaera,Megasphaera,0.1323529411764706,0.2369300182146215,1.0,1.0,0.0,0.0,0.0,0.0,0.0,5.0,1.0,1.0,5.0
Lachnoanaerobaculum,Lachnoanaerobaculum,0.1470588235294117,0.2495917162121227,1.0,1.0,0.0,0.0,0.0,0.0,0.0,2.0,1.0,,
Kingella,Kingella,0.1470588235294117,0.2495917162121227,0.0,0.0,0.0,0.0,0.0,0.0,0.0,3.0,0.0,,
Parabacteroides,Parabacteroides,0.1264367816091954,0.2509802597054413,1.0,0.875,0.0,0.0,0.0,0.75,1.0,8.0,0.875,1.0,6.0
Catonella,Catonella,0.1428571428571428,0.2692510397738372,1.0,,,,,,,,,,
Corynebacterium,Corynebacterium,0.1208791208791208,0.2999864799367842,0.0679611650485436,0.0227272727272727,0.0,0.0,0.9715909090909092,0.9545454545454546,0.5113636363636364,176.0,-0.9488636363636364,0.06153846153846154,130.0
Tannerella,Tannerella,0.1428571428571428,0.3054336969081328,1.0,1.0,0.0,0.0,0.0,0.0,1.0,2.0,1.0,,
Candidatus_Soleaferrea,Candidatus_Soleaferrea,0.1351351351351351,0.3094535637428832,,,,,,,,,,,
Lachnospira,Lachnospira,0.1272727272727272,0.3095572392044166,1.0,,,,,,,,,1.0,4.0
Anaerostipes,Anaerostipes,0.1204819277108433,0.3162541477570478,1.0,1.0,0.0,0.0,0.0,0.0,0.0,3.0,1.0,1.0,4.0
Bradyrhizobium,Bradyrhizobium,0.123076923076923,0.3231424039411192,0.0714285714285714,0.0,0.0,0.0,0.98,0.78,0.84,50.0,-0.98,0.03125,32.0
Olsenella,Olsenella,0.1276595744680851,0.3285688971461327,1.0,1.0,0.0,0.0,0.0,0.0,0.0,2.0,1.0,,
Acetitomaculum,Acetitomaculum,0.1379310344827586,0.328952034984918,,,,,,,,,,,
Pedobacter,Pedobacter,0.131578947368421,0.329863552054893,0.0,0.0,0.0,0.0,1.0,0.6470588235294118,0.8235294117647058,17.0,-1.0,,
Atopobium,Atopobium,0.1228070175438596,0.3428914377280611,1.0,1.0,0.0,0.0,0.0,0.0,0.0,1.0,1.0,,
Gemmata,Gemmata,0.1428571428571428,0.3515911755169639,0.0,0.0,0.0,0.0,1.0,1.0,0.0,3.0,-1.0,,
Negativibacillus,Negativibacillus,0.1206896551724138,0.3597233721407732,,,,,,,,,,,
Treponema,Treponema,0.125,0.3709823034657993,1.0,0.896551724137931,0.0,0.0,0.0,0.0344827586206896,0.0344827586206896,29.0,0.896551724137931,0.9411764705882353,17.0
Anaerofilum,Anaerofilum,0.1363636363636363,0.3799590615880966,,,,,,,,,,,
Phaselicystis,Phaselicystis,0.1363636363636363,0.3799590615880966,0.0,,,,,,,,,,
Marvinbryantia,Marvinbryantia,0.12,0.3838769922757232,1.0,1.0,0.0,0.0,0.0,0.0,0.0,1.0,1.0,,
Brevundimonas,Brevundimonas,0.1159420289855072,0.3854441012423575,0.0,0.0,0.0,0.0,1.0,0.6666666666666666,1.0,24.0,-1.0,0.0,6.0
Stenotrophomonas,Stenotrophomonas,0.1166666666666666,0.3935485978991385,0.0,0.0,0.0,0.0,1.0,1.0,1.0,24.0,-1.0,0.0,8.0
Coxiella,Coxiella,0.1212121212121212,0.4230563358743078,0.0,0.0,0.0,0.0,0.0,0.3333333333333333,0.5555555555555556,9.0,0.0,0.07142857142857142,14.0
Phenylobacterium,Phenylobacterium,0.1162790697674418,0.4325290574717899,0.0,0.25,0.0,0.0,1.0,0.0,0.75,4.0,-0.75,,
Coprobacter,Coprobacter,0.125,0.4357262730487911,1.0,1.0,0.0,0.0,0.0,1.0,1.0,2.0,1.0,,
Filifactor,Filifactor,0.125,0.4357262730487911,1.0,1.0,0.0,0.0,0.0,0.0,0.0,1.0,1.0,,
Shewanella,Shewanella,0.125,0.4357262730487911,0.0204081632653061,0.081081081081081,0.1621621621621621,0.0,0.9594594594594594,0.918918918918919,1.0,74.0,-0.8783783783783783,0.0,52.0
Blautia,Blautia,0.1078431372549019,0.4432030664009525,1.0,1.0,0.0,0.0,0.0,0.2307692307692307,0.0,13.0,1.0,1.0,4.0
Holdemania,Holdemania,0.1176470588235294,0.4461849518292653,1.0,,,,,,,,,,
Enterobacter,Enterobacter,0.1142857142857142,0.4690151340299661,0.0,0.9821428571428572,0.0,0.0,0.0,0.9821428571428572,1.0,56.0,0.9821428571428572,0.0625,16.0
Aeromonas,Aeromonas,0.1111111111111111,0.4914885946337808,0.0,0.9393939393939394,0.0,0.0,0.3333333333333333,0.8787878787878788,1.0,33.0,0.6060606060606062,0.0,21.0
Caulobacter,Caulobacter,0.1111111111111111,0.4914885946337808,0.0,0.0,0.0,0.0,1.0,0.4545454545454545,1.0,11.0,-1.0,0.0,6.0
Pseudopropionibacterium,Pseudopropionibacterium,0.1111111111111111,0.5154188583079999,1.0,1.0,0.0,0.0,0.0,0.0,1.0,1.0,1.0,,
Parvimonas,Parvimonas,0.1041666666666666,0.5314392758472106,1.0,0.0,0.0,0.0,0.0,0.0,0.0,3.0,0.0,1.0,3.0
Mycoplasma,Mycoplasma,0.1041666666666666,0.5314392758472106,0.0425531914893617,0.0377358490566037,0.0,0.0,0.0,0.0,0.0,53.0,0.0377358490566037,0.05,20.0
Brachybacterium,Brachybacterium,0.1052631578947368,0.5351640227227555,0.0769230769230769,0.0,0.0,0.0,1.0,1.0,1.0,12.0,-1.0,,
Sphingobacterium,Sphingobacterium,0.1025641025641025,0.5562806425628786,0.0,0.0,0.0,0.0,1.0,0.9473684210526316,0.7894736842105263,19.0,-1.0,0.0,7.0
Acinetobacter,Acinetobacter,0.099009900990099,0.5617514622659117,0.0,0.0,0.0,0.0,0.0,0.9444444444444444,1.0,90.0,0.0,0.028985507246376812,69.0
Enterococcus,Enterococcus,0.0989010989010989,0.565055679835745,0.0,0.95,0.0,0.0,0.0,0.275,0.575,40.0,0.95,0.006896551724137931,145.0
Arthrobacter,Arthrobacter,0.1,0.5688015931709377,0.0294117647058823,0.0,0.0,0.0,0.975609756097561,0.975609756097561,0.975609756097561,41.0,-0.975609756097561,0.0,19.0
Dorea,Dorea,0.0985915492957746,0.5736490594127721,1.0,1.0,0.0,0.0,0.0,0.0,0.0,2.0,1.0,1.0,4.0
Intestinimonas,Intestinimonas,0.1,0.5768693469069974,1.0,1.0,0.0,0.0,0.0,1.0,0.0,1.0,1.0,,
Massilia,Massilia,0.0983606557377049,0.5794548905240392,0.0,0.0,0.0,0.0,1.0,1.0,0.9,10.0,-1.0,,
Facklamia,Facklamia,0.1,0.5886487604404943,0.0,0.0,0.0,0.0,0.0,0.0,0.0,1.0,0.0,,
Williamsia,Williamsia,0.1,0.6082530018748321,0.0,0.0,0.0,0.0,1.0,1.0,1.0,1.0,-1.0,,
Cloacibacterium,Cloacibacterium,0.1,0.6082530018748321,0.0,1.0,0.0,0.0,0.0,1.0,0.0,1.0,1.0,,
Methylobacterium,Methylobacterium,0.0952380952380952,0.6111403728323437,0.0,0.0,0.0,0.0,1.0,1.0,0.9545454545454546,22.0,-1.0,0.0,24.0
Peredibacter,Peredibacter,0.0967741935483871,0.6114143824771845,0.0,0.0,0.0,0.0,1.0,0.0,0.0,2.0,-1.0,,
Terrisporobacter,Terrisporobacter,0.0967741935483871,0.6114143824771845,1.0,1.0,0.0,0.0,0.0,0.0,0.0,5.0,1.0,,
Granulicatella,Granulicatella,0.0952380952380952,0.6117004170520003,0.3333333333333333,0.0,0.0,0.0,0.0,0.0,0.0,2.0,0.0,,
Halomonas,Halomonas,0.09375,0.6333164809193795,0.0,0.0,0.0,0.0,0.9736842105263158,0.7631578947368421,1.0,38.0,-0.9736842105263158,0.0,6.0
Gordonia,Gordonia,0.0952380952380952,0.6352700362282919,0.0,0.0,0.0,0.0,1.0,0.88,1.0,25.0,-1.0,0.0,14.0
Acidibacter,Acidibacter,0.0909090909090909,0.6543424954238868,,,,,,,,,,,
Turicibacter,Turicibacter,0.0909090909090909,0.6604455124559978,1.0,1.0,0.0,0.0,0.0,0.0,0.0,5.0,1.0,,
Alloprevotella,Alloprevotella,0.0909090909090909,0.6604455124559978,1.0,,,,,,,,,,
Hungatella,Hungatella,0.0909090909090909,0.6608011336923114,1.0,1.0,0.0,0.0,0.0,1.0,0.0,1.0,1.0,,
Limnobacter,Limnobacter,0.0909090909090909,0.6608011336923114,0.0,0.0,0.0,0.0,1.0,1.0,0.5,2.0,-1.0,,
Arcobacter,Arcobacter,0.0909090909090909,0.6608011336923114,0.0526315789473684,0.0,0.0,0.0,0.0,0.5384615384615384,0.6923076923076923,13.0,0.0,0.0,3.0
Peptoniphilus,Peptoniphilus,0.0892857142857142,0.6706712131335167,1.0,1.0,0.0,0.0,0.0,0.4,0.0,5.0,1.0,1.0,3.0
Ralstonia,Ralstonia,0.088235294117647,0.6744867738362695,0.0,0.0,0.0,0.0,1.0,0.6875,0.9375,16.0,-1.0,0.0,14.0
Ilumatobacter,Ilumatobacter,0.0869565217391304,0.6848733113012442,0.0,0.0,0.0,0.0,1.0,1.0,1.0,1.0,-1.0,,
Peptococcus,Peptococcus,0.087719298245614,0.6860039469102792,1.0,,,,,,,,,,
Weissella,Weissella,0.0869565217391304,0.6880561169183461,0.0555555555555555,0.0,0.0,0.0,0.0,0.3333333333333333,0.7333333333333333,15.0,0.0,0.0,17.0
Candidatus_Saccharimonas,Candidatus_Saccharimonas,0.0851063829787234,0.7044129671607624,,,,,,,,,,,
Caproiciproducens,Caproiciproducens,0.0833333333333333,0.7075230420514673,,0.3333333333333333,0.0,0.0,0.0,0.0,0.0,3.0,0.3333333333333333,,
Sellimonas,Sellimonas,0.0833333333333333,0.7075230420514673,,1.0,0.0,0.0,0.0,0.0,0.0,3.0,1.0,,
Lachnoclostridium,Lachnoclostridium,0.0869565217391304,0.7120145513804161,1.0,1.0,0.0,0.0,0.0,0.5,0.0,2.0,1.0,1.0,4.0
Haemophilus,Haemophilus,0.0851063829787234,0.7343157532397324,0.0769230769230769,0.0,0.0,0.0,0.0,0.8695652173913043,1.0,23.0,0.0,0.03125,32.0
Microbacterium,Microbacterium,0.0816326530612244,0.7352337339766317,0.0,0.0,0.0,0.0,0.967741935483871,0.5967741935483871,0.9193548387096774,62.0,-0.967741935483871,0.0,14.0
Roseomonas,Roseomonas,0.0789473684210526,0.7463302211239846,0.0,0.0,0.0,0.0,1.0,1.0,1.0,6.0,-1.0,,
Planococcus,Planococcus,0.0769230769230769,0.7487357043078514,0.0,0.0,0.0,0.0,0.8095238095238095,0.9047619047619048,0.7619047619047619,21.0,-0.8095238095238095,0.0,6.0
Actinomyces,Actinomyces,0.0823529411764705,0.7578449260136146,0.4594594594594595,0.0869565217391304,0.0,0.0,0.0,0.391304347826087,0.9565217391304348,23.0,0.0869565217391304,0.5,8.0
Shuttleworthia,Shuttleworthia,0.0784313725490196,0.763562609007388,1.0,,,,,,,,,,
Peptostreptococcus,Peptostreptococcus,0.0784313725490196,0.763562609007388,1.0,1.0,0.0,0.0,0.0,0.0,0.0,3.0,1.0,,
Candidatus_Stoquefichus,Candidatus_Stoquefichus,0.074074074074074,0.7674010519878396,,,,,,,,,,,
Pirellula,Pirellula,0.074074074074074,0.7674010519878396,0.0,0.0,0.0,0.0,1.0,0.0,0.5,2.0,-1.0,,
Vibrio,Vibrio,0.074074074074074,0.7674010519878396,0.0109890109890109,0.1847826086956521,0.0,0.0,0.6847826086956522,0.6847826086956522,1.0,92.0,-0.5,0.03164556962025317,158.0
Arenimonas,Arenimonas,0.074074074074074,0.7674010519878396,0.0,,,,,,,,,,
Bifidobacterium,Bifidobacterium,0.0816326530612244,0.775278475920071,0.8285714285714286,0.0,0.0,0.0,0.0,0.03125,0.109375,64.0,0.0,0.9166666666666666,60.0
Fusobacterium,Fusobacterium,0.0808080808080808,0.784763296071283,1.0,1.0,0.0,0.0,0.0,0.0,0.0,17.0,1.0,1.0,54.0
Dyadobacter,Dyadobacter,0.0714285714285714,0.7848459730887516,0.0,0.0,0.0,0.0,1.0,0.8571428571428571,1.0,7.0,-1.0,0.0,3.0
Gemmatirosa,Gemmatirosa,0.0714285714285714,0.7848459730887516,,1.0,0.0,0.0,1.0,0.0,1.0,1.0,0.0,,
Faecalitalea,Faecalitalea,0.0714285714285714,0.7848459730887516,1.0,1.0,0.0,0.0,0.0,0.0,0.0,1.0,1.0,1.0,4.0
Paraprevotella,Paraprevotella,0.073170731707317,0.7914253184930894,1.0,1.0,0.0,0.0,0.0,0.0,1.0,1.0,1.0,,
Psychrobacter,Psychrobacter,0.073170731707317,0.7914253184930894,0.0256410256410256,0.0,0.0,0.0,0.0,0.9444444444444444,0.8888888888888888,18.0,0.0,0.0,5.0
Anaerofustis,Anaerofustis,0.0689655172413793,0.8011278994496028,1.0,,,,,,,,,,
Gaiella,Gaiella,0.0689655172413793,0.8011278994496028,,,,,,,,,,,
Aquabacterium,Aquabacterium,0.0689655172413793,0.8011278994496028,0.0,0.0,0.0,0.0,1.0,0.5,0.5,2.0,-1.0,,
Rubrobacter,Rubrobacter,0.0689655172413793,0.8011278994496028,0.0,0.25,0.0,0.0,0.0,0.25,1.0,4.0,0.25,,
Streptomyces,Streptomyces,0.0792079207920792,0.8028386628328019,0.0053475935828877,0.024,0.0,0.0,1.0,0.984,1.0,250.0,-0.976,0.01,100.0
Eggerthella,Eggerthella,0.0666666666666666,0.8163049808073963,1.0,1.0,0.0,0.0,0.0,1.0,1.0,3.0,1.0,,
Legionella,Legionella,0.0697674418604651,0.8176186853856384,0.0,0.0,0.0,0.0,1.0,0.3,0.9666666666666668,30.0,-1.0,0.0,16.0
Deinococcus,Deinococcus,0.0681818181818181,0.8296311089521422,0.0,0.0,0.0,0.0,0.6153846153846154,0.9230769230769232,0.3461538461538461,26.0,-0.6153846153846154,0.21428571428571427,28.0
Flavonifractor,Flavonifractor,0.0681818181818181,0.8296311089521422,1.0,1.0,0.0,0.0,0.0,0.0,0.0,1.0,1.0,,
Roseburia,Roseburia,0.0736842105263157,0.848933539294995,1.0,0.7142857142857143,0.0,0.0,0.0,0.0,0.0,7.0,0.7142857142857143,1.0,5.0
Staphylococcus,Staphylococcus,0.0736842105263157,0.848933539294995,0.0833333333333333,0.0,0.0,0.0,0.0,0.982608695652174,0.9130434782608696,115.0,0.0,0.7846829880728186,3186.0
Fusicatenibacter,Fusicatenibacter,0.0704225352112676,0.8499618939444202,1.0,,,,,,,,,,
Tyzzerella,Tyzzerella,0.0652173913043478,0.8516246193425087,1.0,,,,,,,,,,
Holdemanella,Holdemanella,0.0652173913043478,0.8516246193425087,1.0,,,,,,,,,,
Helicobacter,Helicobacter,0.0606060606060606,0.8557852795477143,0.0789473684210526,0.0,0.0,0.0,0.0,0.988095238095238,0.0833333333333333,84.0,0.0,0.0,43.0
Dialister,Dialister,0.0705882352941176,0.8640122599861861,1.0,1.0,0.0,0.0,0.0,0.0,0.0,3.0,1.0,,
Bacillus,Bacillus,0.0727272727272727,0.870161480012168,0.0112994350282485,0.0462427745664739,0.0,0.0,0.9826589595375722,0.9710982658959536,0.9826589595375722,173.0,-0.9364161849710982,0.0031847133757961785,314.0
Dietzia,Dietzia,0.0571428571428571,0.8776235086447748,0.0,0.0,0.0,0.0,1.0,1.0,0.75,8.0,-1.0,,
Aquicella,Aquicella,0.05,0.8784233454094308,0.0,0.0,0.0,0.0,1.0,0.0,1.0,2.0,-1.0,,
Photobacterium,Photobacterium,0.05,0.8784233454094308,0.0625,0.5714285714285714,0.0,0.0,1.0,0.2857142857142857,1.0,7.0,-0.4285714285714286,0.0,15.0
Kocuria,Kocuria,0.0612244897959183,0.8799573346772351,0.0,0.0,0.0,0.0,0.8571428571428571,1.0,0.4285714285714285,7.0,-0.8571428571428571,0.0,4.0
Catenibacterium,Catenibacterium,0.0612244897959183,0.8799573346772351,1.0,1.0,0.0,0.0,0.0,0.0,0.0,1.0,1.0,,
Ruminiclostridium,Ruminiclostridium,0.0612244897959183,0.8799573346772351,1.0,1.0,0.0,0.0,0.0,0.0,0.0,3.0,1.0,,
Eisenbergiella,Eisenbergiella,0.0555555555555555,0.887358002275304,,,,,,,,,,,
Solirubrobacter,Solirubrobacter,0.0555555555555555,0.887358002275304,0.0,,,,,,,,,,
Flavisolibacter,Flavisolibacter,0.0476190476190476,0.8905810108684877,0.0,0.0,0.0,0.0,1.0,0.5,0.0,2.0,-1.0,,
Chryseobacterium,Chryseobacterium,0.0615384615384615,0.9004471748135983,0.0,0.0,0.0,0.0,0.0,1.0,0.8723404255319149,47.0,0.0,0.0,21.0
Jeotgalicoccus,Jeotgalicoccus,0.0454545454545454,0.9015229097816388,0.0,0.0,0.0,0.0,1.0,1.0,1.0,1.0,-1.0,,
Chthoniobacter,Chthoniobacter,0.0454545454545454,0.9015229097816388,0.0,,,,,,,,,,
Acidaminococcus,Acidaminococcus,0.0454545454545454,0.9015229097816388,1.0,1.0,0.0,0.0,0.0,0.0,0.0,3.0,1.0,,
Novosphingobium,Novosphingobium,0.0454545454545454,0.9015229097816388,0.0,0.0588235294117647,0.0,0.0,1.0,0.8235294117647058,0.7058823529411765,17.0,-0.9411764705882352,0.0,20.0
Porphyromonas,Porphyromonas,0.0606060606060606,0.9068051410155196,1.0,0.8888888888888888,0.0,0.0,0.0,0.1111111111111111,1.0,9.0,0.8888888888888888,0.9230769230769231,13.0
Lactococcus,Lactococcus,0.0588235294117647,0.918447882785011,0.0,0.9545454545454546,0.0,0.0,0.0,0.0,1.0,22.0,0.9545454545454546,0.058823529411764705,34.0
Erysipelatoclostridium,Erysipelatoclostridium,0.0588235294117647,0.918447882785011,1.0,,,,,,,,,,
Hyphomicrobium,Hyphomicrobium,0.05,0.9195263039855228,0.0,0.0,0.0,0.0,1.0,1.0,1.0,5.0,-1.0,0.0,3.0
Caldicoprobacter,Caldicoprobacter,0.0416666666666666,0.9202335569231276,1.0,,,,,,,,,,
Leucobacter,Leucobacter,0.0416666666666666,0.9202335569231276,0.0,0.0,0.0,0.0,1.0,0.4166666666666667,0.9166666666666666,12.0,-1.0,,
Faecalibaculum,Faecalibaculum,0.04,0.9282102012308148,,1.0,0.0,0.0,0.0,0.0,0.0,1.0,1.0,,
Oscillibacter,Oscillibacter,0.0571428571428571,0.9287694277368974,1.0,1.0,0.0,0.0,0.0,0.0,0.0,2.0,1.0,,
Rubellimicrobium,Rubellimicrobium,0.0384615384615384,0.9353891811077332,0.0,,,,,,,,,,
Anaerococcus,Anaerococcus,0.0517241379310344,0.938209796729051,1.0,1.0,0.0,0.0,0.0,0.75,0.0,4.0,1.0,1.0,6.0
Pedomicrobium,Pedomicrobium,0.037037037037037,0.94185026299696,0.0,,,,,,,,,,
Gemmatimonas,Gemmatimonas,0.037037037037037,0.94185026299696,0.0,0.0,0.0,0.0,1.0,0.3333333333333333,0.6666666666666666,3.0,-1.0,0.7142857142857143,7.0
Lawsonella,Lawsonella,0.0454545454545454,0.9428911025791792,,1.0,0.0,0.0,0.0,1.0,0.0,1.0,1.0,,
Brevibacterium,Brevibacterium,0.0444444444444444,0.9476322185914736,0.0,0.0,0.0,0.0,0.9,1.0,0.8,10.0,-0.9,0.0,6.0
Desulfosporosinus,Desulfosporosinus,0.0344827586206896,0.9528987130275376,1.0,1.0,0.0,1.0,0.0,0.0,1.0,3.0,1.0,,
Intestinibacter,Intestinibacter,0.0344827586206896,0.9528987130275376,1.0,1.0,0.0,0.0,0.0,0.0,0.0,1.0,1.0,,
Nakamurella,Nakamurella,0.0344827586206896,0.9528987130275376,0.0,0.3333333333333333,0.0,0.0,1.0,0.6666666666666666,1.0,3.0,-0.6666666666666667,,
Iamia,Iamia,0.0333333333333333,0.9576088417247838,0.0,0.5,0.0,0.0,1.0,1.0,0.5,2.0,-0.5,,
Medicago,Medicago,0.032258064516129,0.9618479575523056,,0.0,0.0,0.0,0.0,1.0,0.0,1.0,0.0,,
Pajaroellobacter,Pajaroellobacter,0.032258064516129,0.9618479575523056,,0.0,0.0,0.0,1.0,0.0,0.0,1.0,-1.0,,
Lysobacter,Lysobacter,0.032258064516129,0.9618479575523056,0.0,0.0,0.0,0.0,1.0,0.9375,0.9375,16.0,-1.0,,
Mycobacterium,Mycobacterium,0.05,0.9646937415188622,0.0,0.1363636363636363,0.0,0.0,0.990909090909091,0.5636363636363636,0.9181818181818182,110.0,-0.8545454545454546,0.0,131.0
Altererythrobacter,Altererythrobacter,0.0303030303030303,0.9690968456173674,0.0,0.0,0.0,0.0,1.0,0.1666666666666666,0.5,6.0,-1.0,,
Marmoricola,Marmoricola,0.0303030303030303,0.9690968456173674,0.0,,,,,,,,,,
Ferruginibacter,Ferruginibacter,0.0303030303030303,0.9690968456173674,0.0,0.5,0.0,0.0,1.0,0.5,0.0,2.0,-0.5,,
Gemella,Gemella,0.044776119402985,0.969280674082702,0.1428571428571428,0.0,0.0,0.0,0.0,0.0,1.0,5.0,0.0,0.0,5.0
Nocardioides,Nocardioides,0.044776119402985,0.969280674082702,0.0,0.125,0.0,0.0,0.84375,0.78125,0.84375,32.0,-0.71875,0.0,4.0
Faecalibacterium,Faecalibacterium,0.0515463917525773,0.9708660715848146,1.0,1.0,0.0,0.0,0.0,0.0,0.0,6.0,1.0,0.75,4.0
Romboutsia,Romboutsia,0.0481927710843373,0.97160705391133,1.0,1.0,0.0,0.0,0.0,0.0,0.0,3.0,1.0,,
Paracoccus,Paracoccus,0.0384615384615384,0.9717057741118126,0.0,0.0,0.0,0.0,0.967741935483871,0.7096774193548387,0.6129032258064516,31.0,-0.967741935483871,0.0,10.0
Sphingomonas,Sphingomonas,0.0476190476190476,0.973614419469635,0.0,0.0,0.0,0.0,0.9818181818181818,0.6363636363636364,0.6545454545454545,55.0,-0.9818181818181818,0.0,19.0
Paenibacillus,Paenibacillus,0.0428571428571428,0.975818701642854,0.0139860139860139,0.6274509803921569,0.0,0.0,0.6862745098039216,0.9019607843137256,0.803921568627451,102.0,-0.0588235294117647,0.0,63.0
Oscillospira,Oscillospira,0.0277777777777777,0.9774716004550608,,,,,,,,,,,
Clostridium,Clostridium,0.0490196078431372,0.9793640065142518,1.0,1.0,0.4615384615384615,0.0,0.0,0.1282051282051282,0.0128205128205128,78.0,1.0,0.9936305732484076,157.0
Hymenobacter,Hymenobacter,0.025,0.9852191170585656,0.0,0.0,0.0,0.0,1.0,0.8518518518518519,0.2592592592592592,27.0,-1.0,0.0,5.0
Rothia,Rothia,0.0389610389610389,0.9863104260537002,0.0,0.0,0.0,0.0,0.8333333333333334,0.8333333333333334,1.0,6.0,-0.8333333333333334,0.0,4.0
Megamonas,Megamonas,0.024390243902439,0.9866972053527088,1.0,0.5,0.0,0.0,0.0,0.0,1.0,2.0,0.5,,
Lactobacillus,Lactobacillus,0.0483870967741935,0.987759962986042,0.1719745222929936,0.0,0.0,0.0,0.0,0.0,0.3,40.0,0.0,0.05,80.0
Veillonella,Veillonella,0.0421052631578947,0.9884599362038464,1.0,1.0,0.0,0.0,0.0,0.5714285714285714,1.0,7.0,1.0,1.0,10.0
Devosia,Devosia,0.0222222222222222,0.9912720364319124,0.0,0.0,0.0,0.0,1.0,0.6428571428571429,0.8571428571428571,14.0,-1.0,,
Rhodococcus,Rhodococcus,0.0212765957446808,0.9929303495098488,0.0,0.180327868852459,0.0,0.0,1.0,0.9836065573770492,0.9836065573770492,61.0,-0.819672131147541,0.0,47.0
Pseudomonas,Pseudomonas,0.0441176470588235,0.994695056461212,0.0,0.0,0.0,0.0,0.8790322580645161,0.9637096774193548,0.9919354838709676,248.0,-0.8790322580645161,0.0058823529411764705,170.0
Flavobacterium,Flavobacterium,0.027027027027027,0.9962087599681586,0.0192307692307692,0.0149253731343283,0.0,0.0,0.9850746268656716,0.4776119402985074,0.4328358208955223,67.0,-0.9701492537313432,0.0,17.0
Streptococcus,Streptococcus,0.037037037037037,0.998208418667266,0.1648351648351648,0.053475935828877,0.0,0.0,0.0,0.0053475935828877,0.1711229946524064,187.0,0.053475935828877,0.05106382978723404,235.0
Prevotella,Prevotella,0.0138888888888888,0.9994924712139436,1.0,1.0,0.0,0.0,0.0,0.0,0.9411764705882352,17.0,1.0,1.0,14.0
Bacteroides,Bacteroides,0.018018018018018,0.999888863354428,1.0,1.0,0.0,0.0,0.0,0.5517241379310345,0.9655172413793104,29.0,1.0,0.9583333333333334,48.0
Geodermatophilus,Geodermatophilus,0.0,1.0,0.0,0.0,0.0,0.0,1.0,1.0,1.0,2.0,-1.0,,
Conexibacter,Conexibacter,0.0,1.0,0.0,0.0,0.0,0.0,1.0,0.0,1.0,1.0,-1.0,,
Exiguobacterium,Exiguobacterium,0.0,1.0,0.0,0.0,0.0,0.0,1.0,1.0,1.0,13.0,-1.0,0.0,9.0
Aerococcus,Aerococcus,0.0,1.0,0.0,0.0,0.0,0.0,0.0,0.1,0.0,10.0,0.0,0.25,4.0
Acidovorax,Acidovorax,0.0,1.0,0.0,0.0,0.0,0.0,1.0,0.8125,0.375,16.0,-1.0,0.0,17.0
Bdellovibrio,Bdellovibrio,0.0,1.0,0.0,0.0,0.0,0.0,1.0,0.6,0.5,10.0,-1.0,,
Blastocatella,Blastocatella,0.0,1.0,0.0,,,,,,,,,,
Butyrivibrio,Butyrivibrio,0.0,1.0,1.0,1.0,0.0,0.0,0.0,0.0,0.0,3.0,1.0,1.0,4.0
Bryobacter,Bryobacter,0.0,1.0,0.0,,,,,,,,,,
Capnocytophaga,Capnocytophaga,0.0,1.0,0.2857142857142857,0.0,0.0,0.0,0.125,0.3125,0.625,16.0,-0.125,0.0,7.0
Cellvibrio,Cellvibrio,0.0,1.0,0.0,0.0,0.0,0.0,1.0,0.6,1.0,5.0,-1.0,,
Haliangium,Haliangium,0.0,1.0,0.0,0.0,0.0,0.0,1.0,1.0,0.0,1.0,-1.0,,
Luteolibacter,Luteolibacter,0.0,1.0,0.0,0.0,0.0,0.0,1.0,1.0,0.0,3.0,-1.0,,
Micrococcus,Micrococcus,0.0,1.0,0.0,0.0,0.0,0.0,1.0,1.0,0.8571428571428571,7.0,-1.0,0.0,4.0
Pseudonocardia,Pseudonocardia,0.0,1.0,0.0,0.0,0.0,0.0,1.0,0.9166666666666666,1.0,12.0,-1.0,0.0,3.0
Sediminibacterium,Sediminibacterium,0.0,1.0,0.0,0.0,0.0,0.0,1.0,0.0,0.0,2.0,-1.0,,
Reyranella,Reyranella,0.0,1.0,0.0,,,,,,,,,,
Pseudolabrys,Pseudolabrys,0.0,1.0,,0.0,0.0,0.0,1.0,0.0,1.0,1.0,-1.0,,
Undibacterium,Undibacterium,0.0,1.0,0.0,0.0,0.0,0.0,1.0,0.5,0.0,2.0,-1.0,,
