study,biome,n,taxa,median_prior,median_interaction,gain,int_better_frac,wilcoxon_p,q_bh,biome_short,int_wins,prior_wins
MGYS00006862,root:Host-associated:Human:Digestive system,84,55,0.173176287419284,0.1695392663269075,0.0036370210923765,0.5714285714285714,0.1174934141540573,0.1372185858733516,Digestive system,False,False
MGYS00005791,root:Host-associated:Human:Digestive system,243,47,0.178322688275812,0.1722757956873634,0.0060468925884486,0.6213991769547325,4.8384265757998056e-05,7.819679314423929e-05,Digestive system,True,False
MGYS00006825,root:Host-associated:Human:Digestive system,197,57,0.1742349620942899,0.1677779720236758,0.006456990070614,0.6040609137055838,0.0051888744323153,0.007282630782196913,Digestive system,True,False
MGYS00006824,root:Host-associated:Human:Digestive system,40,66,0.1750829379495774,0.1795595865743582,-0.0044766486247807,0.55,0.97349265041521,0.9818728245707431,Digestive system,False,False
MGYS00006822,root:Host-associated:Human:Digestive system,55,58,0.1916778316218771,0.188703722679043,0.002974108942834,0.6727272727272727,0.0874094952304293,0.10436954654379618,Digestive system,False,False
MGYS00006814,root:Host-associated:Human:Digestive system,68,70,0.1765973530523711,0.1745547981212004,0.0020425549311707,0.5882352941176471,0.3404810744509645,0.3783123049455161,Digestive system,False,False
MGYS00006815,root:Host-associated:Human:Digestive system,67,46,0.1668713924546034,0.1673476181227544,-0.0004762256681509,0.4925373134328358,0.851347514124289,0.884516897791469,Digestive system,False,False
MGYS00006811,root:Host-associated:Human:Digestive system,98,39,0.1603236913459396,0.15361335979717,0.0067103315487696,0.5918367346938775,0.0116937067032781,0.015722630861550388,Digestive system,True,False
MGYS00006807,root:Host-associated:Human:Digestive system,60,65,0.1785432355874572,0.1795416523593933,-0.000998416771936,0.6333333333333333,0.192573487700825,0.21852310661086524,Digestive system,False,False
MGYS00006805,root:Host-associated:Human:Digestive system,86,66,0.1796254351075732,0.1624188511677929,0.0172065839397803,0.5930232558139535,0.0159873022676302,0.02096695379361338,Digestive system,True,False
MGYS00006806,root:Host-associated:Human:Digestive system,74,60,0.1783189103744488,0.1804092830452004,-0.0020903726707516,0.6891891891891891,0.0059561819902366,0.008286861899459617,Digestive system,False,True
MGYS00006760,root:Host-associated:Human:Digestive system,218,69,0.1693464032956211,0.1644909671231957,0.0048554361724253,0.6834862385321101,1.180088084167273e-09,2.452131083983944e-09,Digestive system,True,False
MGYS00002338,root:Host-associated:Human:Digestive system,303,44,0.1539351057030666,0.1479625584870288,0.0059725472160378,0.6006600660066007,0.002728300451495,0.003932685335488289,Digestive system,True,False
MGYS00006797,root:Host-associated:Human:Digestive system,175,72,0.1625147465787932,0.160119455207214,0.0023952913715791,0.5657142857142857,0.0254205801722315,0.032538342620456316,Digestive system,True,False
MGYS00006551,root:Host-associated:Human:Digestive system,400,63,0.1673253753929969,0.1623767222768821,0.0049486531161148,0.585,0.0001113060975781,0.0001745978001225098,Digestive system,True,False
MGYS00006789,root:Host-associated:Human:Digestive system,108,63,0.1779942621275612,0.1790237662035187,-0.0010295040759574,0.6203703703703703,0.0169520637921749,0.022051465095512063,Digestive system,False,True
MGYS00006787,root:Host-associated:Human:Digestive system,108,56,0.180178110665,0.1766570102363656,0.0035211004286343,0.5185185185185185,0.5418861206076111,0.5898080224300528,Digestive system,False,False
MGYS00006786,root:Host-associated:Human:Digestive system,134,52,0.1734861095547034,0.1691222037537868,0.0043639058009165,0.582089552238806,0.0144364716231558,0.019089549253759736,Digestive system,True,False
MGYS00006759,root:Host-associated:Human:Digestive system,400,72,0.1829192393732432,0.1764715506289398,0.0064476887443034,0.7125,3.964715623438228e-19,1.3790315211959056e-18,Digestive system,True,False
MGYS00006780,root:Host-associated:Human:Digestive system,24,27,0.1294933563248909,0.1300252939107855,-0.0005319375858945,0.4583333333333333,0.943392056822656,0.9675815967411856,Digestive system,False,False
MGYS00006779,root:Host-associated:Human:Digestive system,57,63,0.1849792366320467,0.185117486815567,-0.0001382501835202,0.5263157894736842,0.6420785027937037,0.6932460461686921,Digestive system,False,False
MGYS00006769,root:Host-associated:Human:Digestive system,116,54,0.1864955054457113,0.1872629398176905,-0.0007674343719791,0.5517241379310345,0.8169950973439684,0.8543739580067642,Digestive system,False,False
MGYS00006765,root:Host-associated:Human:Digestive system,28,43,0.1540911114589141,0.1592172117474819,-0.0051261002885678,0.6071428571428571,0.6455853804945946,0.6932460461686921,Digestive system,False,False
MGYS00005333,root:Host-associated:Human:Digestive system,244,53,0.1651039508894602,0.1576020144028602,0.0075019364866,0.6311475409836066,1.8156083569124025e-07,3.2640150236627463e-07,Digestive system,True,False
MGYS00005230,root:Host-associated:Human:Digestive system,400,114,0.3629769354595903,0.3106996353211544,0.0522773001384359,0.75,2.5108503132493804e-33,1.6069442004796035e-32,Digestive system,True,False
MGYS00002675,root:Host-associated:Human:Digestive system,24,23,0.1423219568404783,0.1358038026087197,0.0065181542317586,0.5,0.704756498336792,0.7418489456176758,Digestive system,False,False
MGYS00006069,root:Host-associated:Human:Digestive system,400,48,0.1665395659048119,0.1578605281738658,0.0086790377309461,0.5925,4.343497031756574e-07,7.636917858033536e-07,Digestive system,True,False
MGYS00006006,root:Host-associated:Human:Digestive system,400,106,0.1809318492754375,0.1764040330574082,0.0045278162180293,0.705,3.3971201874549978e-22,1.4410776916888094e-21,Digestive system,True,False
MGYS00002061,root:Host-associated:Human:Digestive system,52,40,0.1415884120280695,0.1416337453188199,-4.533329075040449e-05,0.6153846153846154,0.160154524509844,0.18568640522880464,Digestive system,False,False
MGYS00000633,root:Host-associated:Human:Digestive system,400,68,0.5723116867602365,0.4378009238702008,0.1345107628900356,0.67,7.59928368626225e-21,2.89496521381419e-20,Digestive system,True,False
MGYS00002238,root:Host-associated:Human:Digestive system,111,111,0.4021630511613855,0.3013191524984709,0.1008438986629146,0.8018018018018018,2.366731168120885e-13,6.010745823799073e-13,Digestive system,True,False
MGYS00006562,root:Host-associated:Human:Digestive system,400,44,0.1668602514590521,0.162528656392023,0.004331595067029,0.64,8.224596795214574e-11,1.802651352375797e-10,Digestive system,True,False
MGYS00006649,root:Host-associated:Human:Digestive system,20,44,0.1761670362911383,0.1762671578388998,-0.0001001215477615,0.35,0.2305126190185547,0.25791621708369755,Digestive system,False,False
MGYS00006641,root:Host-associated:Human:Digestive system,87,52,0.158793100198113,0.1563905408389578,0.0024025593591552,0.5632183908045977,0.175661084603356,0.20075552526097828,Digestive system,False,False
MGYS00006642,root:Host-associated:Human:Digestive system,57,19,0.1488843718813779,0.1499666035427931,-0.0010822316614152,0.631578947368421,0.0689068793681605,0.08416107403744795,Digestive system,False,False
MGYS00006364,root:Host-associated:Human:Digestive system,160,33,0.1902144679986067,0.1907387628569962,-0.0005242948583894,0.675,0.0006405387930733,0.000957815017679701,Digestive system,False,True
MGYS00006640,root:Host-associated:Human:Digestive system,60,53,0.1696284188992331,0.1755563238384327,-0.0059279049391995,0.5333333333333333,0.6725238936938076,0.7126080992782068,Digestive system,False,False
MGYS00005253,root:Host-associated:Human:Digestive system:Oral,400,83,0.3152495862380051,0.2856212676163667,0.0296283186216383,0.6325,5.630794366587373e-13,1.3860416902368916e-12,Oral,True,False
MGYS00006320,root:Host-associated:Human:Digestive system:Oral,392,68,0.3469486719445969,0.2841741710948841,0.0627745008497128,0.6785714285714286,2.6018524371287146e-18,8.672841457095715e-18,Oral,True,False
MGYS00006263,root:Host-associated:Human:Digestive system:Oral,400,101,0.2915055377883308,0.2592471356080287,0.032258402180302,0.6675,1.6144709003228016e-16,4.967602770224005e-16,Oral,True,False
MGYS00006017,root:Host-associated:Human:Digestive system:Oral,53,144,0.3140502739685977,0.2906649201888112,0.0233853537797865,0.6792452830188679,0.0063127550930951,0.008707248404269103,Oral,True,False
MGYS00005592,root:Host-associated:Human:Digestive system:Oral,160,104,0.3225551926191073,0.2574972253694332,0.0650579672496741,0.71875,2.954937077626768e-12,6.754141891718327e-12,Oral,True,False
MGYS00005569,root:Host-associated:Human:Digestive system:Oral,71,112,0.3295013152778752,0.2462051277214958,0.0832961875563793,0.7887323943661971,3.1296273722221307e-09,6.106589994579767e-09,Oral,True,False
MGYS00005528,root:Host-associated:Human:Digestive system:Oral,400,68,0.312046594502497,0.2667251093383687,0.0453214851641283,0.705,2.9447749914759767e-24,1.3857764665769303e-23,Oral,True,False
MGYS00005506,root:Host-associated:Human:Digestive system:Oral,400,78,0.2588583056200041,0.2370534839776907,0.0218048216423134,0.5925,1.2543867896369403e-26,6.271933948184702e-26,Oral,True,False
MGYS00005223,root:Host-associated:Human:Digestive system:Oral,400,99,0.2879487341612851,0.2177170830751389,0.0702316510861461,0.785,6.025984438246577e-36,4.820787550597262e-35,Oral,True,False
MGYS00005143,root:Host-associated:Human:Digestive system:Oral,400,142,0.3721177823374642,0.3260804083146225,0.0460373740228416,0.7825,7.399471504901985e-36,5.637692575163417e-35,Oral,True,False
MGYS00002272,root:Host-associated:Human:Digestive system:Oral,40,96,0.5254107689641051,0.4907327003608469,0.0346780686032581,0.625,0.0101974231565691,0.013827014449585222,Oral,True,False
MGYS00002269,root:Host-associated:Human:Digestive system:Oral,147,105,0.410473984270506,0.3416171178593932,0.0688568664111127,0.8027210884353742,1.7603056013155362e-16,5.314130117178977e-16,Oral,True,False
MGYS00002229,root:Host-associated:Human:Digestive system:Oral,100,85,0.4478731786713825,0.357803980731926,0.0900691979394565,0.8,5.5634556953558915e-12,1.2363234878568648e-11,Oral,True,False
MGYS00005232,root:Host-associated:Human:Skin,400,96,0.3654855158974848,0.3250859733639284,0.0403995425335564,0.66,9.31108298430499e-22,3.724433193721996e-21,Skin,True,False
MGYS00006246,root:Host-associated:Human:Skin,50,93,0.3544036470884003,0.2558920367971861,0.0985116102912142,0.7,0.0065166499849652,0.00891165809909771,Skin,True,False
MGYS00005384,root:Host-associated:Human:Skin,400,99,0.42198393225582,0.2600156413987459,0.1619682908570741,0.8,8.321844748869964e-43,8.876634398794629e-42,Skin,True,False
MGYS00006795,root:Host-associated:Human:Digestive system,31,150,0.5824786218854058,0.5046345232971338,0.077844098588272,0.8064516129032258,0.0004954077303409,0.0007477852533447546,Digestive system,True,False
MGYS00006794,root:Host-associated:Human:Digestive system,184,150,0.398860220209057,0.3141653015890642,0.0846949186199927,0.8532608695652174,3.4225595177609226e-22,1.4410776916888094e-21,Digestive system,True,False
MGYS00006755,root:Host-associated:Human:Digestive system,83,150,0.5616903137825443,0.3748983690308464,0.1867919447516978,0.927710843373494,1.3575561479460158e-13,3.620149727856042e-13,Digestive system,True,False
MGYS00005154,root:Host-associated:Human:Digestive system,400,150,0.4917245945766727,0.3894347076771242,0.1022898868995485,0.8325,9.623147369597524e-46,1.1843873685658492e-44,Digestive system,True,False
MGYS00006276,root:Host-associated:Human:Digestive system:Oral,91,150,0.2978831273772592,0.2825538162721699,0.0153293111050892,0.7032967032967034,0.0001867751839014,0.00029013620800217476,Oral,True,False
MGYS00005189,root:Host-associated:Human:Digestive system:Oral,400,150,0.656398929623887,0.4074767931629786,0.2489221364609084,0.915,6.400607441863894e-60,1.743481613609476e-58,Oral,True,False
MGYS00005197,root:Host-associated:Human:Digestive system:Oral,400,150,0.1965145018288259,0.1697066216770993,0.0268078801517265,0.8075,7.298198067237661e-42,7.298198067237661e-41,Oral,True,False
MGYS00002159,root:Host-associated:Human:Digestive system:Oral,21,150,0.5734714737892447,0.493853903554622,0.0796175702346226,0.6666666666666666,0.0887985229492187,0.10524269386574067,Oral,False,False
MGYS00003719,root:Host-associated:Human:Digestive system:Oral,21,150,0.3055368473682078,0.2872125983999508,0.018324248968257,0.7142857142857143,0.0546932220458984,0.068366527557373,Oral,False,False
MGYS00002395,root:Host-associated:Human:Digestive system:Oral,68,150,0.351324294670395,0.3462567499155814,0.0050675447548136,0.6323529411764706,0.0257289247729506,0.0326716505053341,Oral,True,False
MGYS00002394,root:Host-associated:Human:Digestive system:Oral,20,150,0.4167327774723925,0.4003045078171336,0.0164282696552588,0.55,0.164957046508789,0.18987861468637585,Oral,False,False
MGYS00006648,root:Host-associated:Human:Skin,67,150,0.4701013450324132,0.3442460360109425,0.1258553090214706,0.7313432835820896,1.019274076851618e-07,1.896323863909987e-07,Skin,True,False
MGYS00005156,root:Host-associated:Human:Skin,400,150,0.3990683734822952,0.3392934291370271,0.059774944345268,0.755,3.7584514383668004e-33,2.312893192841108e-32,Skin,True,False
MGYS00005172,root:Host-associated:Human:Skin,400,150,0.4005585770149872,0.3015992027746972,0.0989593742402899,0.755,1.9412619707417544e-34,1.4118268878121851e-33,Skin,True,False
MGYS00005533,root:Host-associated:Human:Skin,400,150,0.3165140990640541,0.3156924872920411,0.000821611772013,0.7125,8.614275319605027e-22,3.53406166958155e-21,Skin,True,False
MGYS00005212,root:Host-associated:Human:Skin,400,150,0.3743594421488422,0.2917462859876069,0.0826131561612352,0.7425,4.02228790630517e-33,2.3835780185512117e-32,Skin,True,False
MGYS00005238,root:Host-associated:Human:Skin,400,106,0.3964325703252488,0.357742362381616,0.0386902079436327,0.67,2.735510294668256e-13,6.83877573667064e-13,Skin,True,False
MGYS00005101,root:Host-associated:Human:Skin,71,91,0.3670943240407658,0.2916724085115708,0.075421915529195,0.6338028169014085,0.0011761665974237,0.0017264830787870826,Skin,True,False
MGYS00005102,root:Host-associated:Human:Skin,179,150,0.3813564351539267,0.2637355081101025,0.1176209270438242,0.8212290502793296,7.298919552265234e-19,2.4847385709839095e-18,Skin,True,False
MGYS00005135,root:Host-associated:Human:Skin,109,150,0.4701305752668179,0.4201023490934044,0.0500282261734134,0.7064220183486238,1.4252348445599325e-07,2.591336081018059e-07,Skin,True,False
MGYS00005098,root:Host-associated:Human:Skin,101,150,0.1273995601879924,0.1019313337596334,0.0254682264283589,0.7425742574257426,1.5388621128648606e-10,3.32726943322132e-10,Skin,True,False
MGYS00005037,root:Host-associated:Human:Skin,106,150,0.3109416617045752,0.2331422157585117,0.0777994459460635,0.7075471698113207,6.006215258961562e-07,1.0445591754715758e-06,Skin,True,False
MGYS00005090,root:Host-associated:Human:Skin,120,7,0.0822351544421842,0.0771557147760491,0.005079439666135,0.5333333333333333,0.9498798977422346,0.9680304690366722,Skin,False,False
MGYS00002184,root:Host-associated:Human:Skin,400,150,0.4709383756818818,0.2610191068093461,0.2099192688725357,0.9475,2.8787756556564227e-63,1.5353470163500922e-61,Skin,True,False
MGYS00002072,root:Host-associated:Human:Skin,258,150,0.232509762268896,0.1899263557990802,0.0425834064698158,0.7209302325581395,2.005891268846024e-19,7.132057844785863e-19,Skin,True,False
MGYS00006855,root:Host-associated:Mammals,116,150,0.2931626789449437,0.2324569850674828,0.0607056938774609,0.7931034482758621,1.6553837550067386e-12,3.874556942432846e-12,Mammals,True,False
MGYS00006799,root:Host-associated:Mammals,27,150,0.4057989820228067,0.4165980846116967,-0.0107991025888899,0.7037037037037037,0.0318958312273025,0.04018372438085355,Mammals,False,True
MGYS00002673,root:Host-associated:Mammals,93,150,0.6496339338218889,0.5333421965666398,0.1162917372552491,0.8602150537634409,1.1556875270009098e-13,3.1340678698329756e-13,Mammals,True,False
MGYS00006747,root:Host-associated:Mammals,101,150,0.5677359107708844,0.3858425860692751,0.1818933247016093,0.99009900990099,4.170399034793852e-18,1.361762950136768e-17,Mammals,True,False
MGYS00001223,root:Host-associated:Mammals,30,98,0.1938786761295876,0.1727613325137048,0.0211173436158828,0.7333333333333333,0.0840654782950878,0.10123867864319627,Mammals,False,False
MGYS00001224,root:Host-associated:Mammals,66,89,0.3885117262196993,0.2415223947943032,0.146989331425396,0.8484848484848485,1.6687130603014276e-09,3.423001149336262e-09,Mammals,True,False
MGYS00005267,root:Host-associated:Mammals,400,71,0.3425145764365265,0.2542945920035953,0.0882199844329312,0.8625,3.2675706524688328e-52,4.3567608699584436e-51,Mammals,True,False
MGYS00000426,root:Host-associated:Mammals,44,66,0.2718660060339858,0.2451298332771732,0.0267361727568126,0.5454545454545454,0.4011977486671867,0.4396687656626704,Mammals,False,False
MGYS00005228,root:Host-associated:Mammals,400,63,0.2573432140186822,0.205558682545039,0.0517845314736431,0.7625,2.0703660093129248e-33,1.3802440062086165e-32,Mammals,True,False
MGYS00006537,root:Host-associated:Mammals,85,150,0.4945425428661553,0.4066088099257047,0.0879337329404505,0.6470588235294118,0.000370597312174,0.0005647197137889524,Mammals,True,False
MGYS00006536,root:Host-associated:Mammals,65,150,0.3840542011967514,0.3843246642249508,-0.0002704630281994,0.7076923076923077,8.467639424268034e-05,0.00013414082256266193,Mammals,False,True
MGYS00006538,root:Host-associated:Mammals,40,150,0.5145858371752492,0.5116494462396826,0.0029363909355666,0.575,0.0841546516221569,0.10123867864319627,Mammals,False,False
MGYS00005628,root:Host-associated:Mammals,400,150,0.338022021447547,0.2758045766027762,0.0622174448447707,0.7775,7.073539193762629e-38,5.9566645842211614e-37,Mammals,True,False
MGYS00006450,root:Host-associated:Mammals,144,81,0.4438482115144155,0.3097590903460714,0.1340891211683441,0.7569444444444444,1.825681723805164e-13,4.788673373915184e-13,Mammals,True,False
MGYS00006456,root:Host-associated:Mammals,24,76,0.3309020965025373,0.3134603046134837,0.0174417918890535,0.4583333333333333,0.975736119417176,0.9818728245707431,Mammals,False,False
MGYS00006446,root:Host-associated:Mammals,400,62,0.3165249647088871,0.2469134045351701,0.0696115601737169,0.695,4.7792782613624835e-25,2.3172258236909013e-24,Mammals,True,False
MGYS00006433,root:Host-associated:Mammals,25,150,0.556744509898974,0.5370867388981747,0.0196577710007992,0.76,0.0187447071075439,0.024186718848443742,Mammals,True,False
MGYS00006430,root:Host-associated:Mammals,32,150,0.3972021143494303,0.2985830286833969,0.0986190856660334,0.65625,0.0141185337206244,0.0188247116274992,Mammals,True,False
MGYS00006427,root:Host-associated:Mammals,85,109,0.3885812149306127,0.3408234251205275,0.0477577898100852,0.6352941176470588,0.0024595858966449,0.003577579486028946,Mammals,True,False
MGYS00006424,root:Host-associated:Mammals,142,150,0.2795255196737156,0.2521374311590261,0.0273880885146895,0.7816901408450704,2.5100543778701536e-14,7.171583936771867e-14,Mammals,True,False
MGYS00006652,root:Host-associated:Plants,400,150,0.250330937349411,0.1748227050275744,0.0755082323218366,0.875,2.8719573482573207e-56,5.105701952457459e-55,Plants,True,False
MGYS00001412,root:Host-associated:Plants,48,98,0.7271913283767604,0.63882547491603,0.0883658534607303,0.5833333333333334,0.0044995473130455,0.006371040443250265,Plants,True,False
MGYS00001368,root:Host-associated:Plants,400,150,0.2758505450036383,0.1898744098086053,0.085976135195033,0.9475,5.315213480136056e-65,4.2521707841088447e-63,Plants,True,False
MGYS00003172,root:Host-associated:Plants,45,150,0.2467564727574947,0.1014399494421162,0.1453165233153784,1.0,5.684341886080803e-14,1.5680943134016008e-13,Plants,True,False
MGYS00006578,root:Host-associated:Plants,27,150,0.1616812315604081,0.1704804298023257,-0.0087991982419176,0.5555555555555556,0.9153143465518953,0.9448406157955048,Plants,False,False
MGYS00000957,root:Host-associated:Plants,70,61,0.3811827309282182,0.3513174048798366,0.0298653260483815,0.6142857142857143,0.0010592552437449,0.001569267027770222,Plants,True,False
MGYS00001704,root:Host-associated:Plants,383,150,0.2520688838418655,0.1644869066450149,0.0875819771968505,0.8981723237597912,2.432607986872169e-55,3.8921727789954704e-54,Plants,True,False
MGYS00000867,root:Host-associated:Plants,32,150,0.0008073298965428,0.0008073298965427,2.3852447794681098e-18,0.5625,0.3450076319835797,0.3806980766715362,Plants,False,False
MGYS00006031,root:Host-associated:Plants,89,150,0.4769420106671706,0.4015044269941779,0.0754375836729927,0.7191011235955056,1.1054300201400449e-07,2.0329747496828412e-07,Plants,True,False
MGYS00006021,root:Host-associated:Plants,135,18,0.2330486411288276,0.2157316702380219,0.0173169708908057,0.6,0.0035382477408565,0.005054639629795,Plants,True,False
MGYS00006018,root:Host-associated:Plants,181,150,0.4522307820482501,0.2865784260473744,0.1656523560008757,0.7292817679558011,7.976256015721753e-13,1.9336378219931522e-12,Plants,True,False
MGYS00001349,root:Host-associated:Plants,108,150,0.4015096945339799,0.2114352898904745,0.1900744046435054,0.925925925925926,9.800115982359504e-18,3.1360371143550414e-17,Plants,True,False
MGYS00005260,root:Host-associated:Plants,400,150,0.3958213972031565,0.2478187511777845,0.148002646025372,0.93,1.2745313376300465e-61,5.098125350520187e-60,Plants,True,False
MGYS00005227,root:Host-associated:Plants,400,150,0.2227849208903049,0.2008678247598715,0.0219170961304334,0.665,2.4755145503466964e-21,9.660544586718814e-21,Plants,True,False
MGYS00000983,root:Host-associated:Plants,400,150,0.1777377993187132,0.1412770351657958,0.0364607641529173,0.79,7.250624660443202e-39,6.444999698171734e-38,Plants,True,False
MGYS00001347,root:Host-associated:Plants,400,150,0.4706681381312991,0.2181852745670703,0.2524828635642288,0.965,6.620371482312784e-66,1.0592594371700453e-63,Plants,True,False
MGYS00005740,root:Host-associated:Plants,34,150,0.4003640726375886,0.3387007711507032,0.0616633014868854,0.8823529411764706,3.218883648514748e-07,5.722459819581775e-07,Plants,True,False
MGYS00005726,root:Host-associated:Plants,33,150,0.3824988887156704,0.3368194529688147,0.0456794357468556,0.7575757575757576,5.099480040371418e-05,8.159168064594268e-05,Plants,True,False
MGYS00005169,root:Host-associated:Plants,400,150,0.3109229129514368,0.1709461953288222,0.1399767176226145,0.9125,2.3653008551996965e-59,5.4064019547421636e-58,Plants,True,False
MGYS00005151,root:Host-associated:Plants,400,150,0.3484400803487985,0.1106353437902534,0.237804736558545,0.94,6.538056051035535e-60,1.743481613609476e-58,Plants,True,False
MGYS00006750,root:Host-associated:Birds,340,89,0.1422154166746833,0.1350745123314765,0.0071409043432067,0.6558823529411765,1.1556877632363245e-12,2.759851374892715e-12,Birds,True,False
MGYS00006533,root:Host-associated:Birds,94,150,0.4037626368943351,0.322402024332504,0.0813606125618311,0.7446808510638298,2.1203049163202955e-09,4.240609832640591e-09,Birds,True,False
MGYS00006532,root:Host-associated:Birds,40,150,0.4783359738626282,0.2521639032833934,0.2261720705792348,0.825,5.7232682593166835e-08,1.0773210841066699e-07,Birds,True,False
MGYS00005766,root:Host-associated:Birds,138,150,0.4736303454820654,0.2445513416794648,0.2290790038026005,0.9565217391304348,7.806550735727007e-23,3.4695781047675586e-22,Birds,True,False
MGYS00006062,root:Host-associated:Birds,220,92,0.1858686811401629,0.1659335849494749,0.0199350961906879,0.7318181818181818,2.1652952739860387e-13,5.587858771576874e-13,Birds,True,False
MGYS00006042,root:Host-associated:Birds,355,96,0.2835501008793834,0.1238379155046093,0.159712185374774,0.7718309859154929,1.1028252358036625e-43,1.2603716980613285e-42,Birds,True,False
MGYS00005621,root:Host-associated:Birds,60,150,0.2648289589304209,0.1726286149615001,0.0922003439689208,0.7833333333333333,1.0181154208756968e-06,1.7147207088432787e-06,Birds,True,False
MGYS00005611,root:Host-associated:Birds,117,115,0.3340800549447064,0.1778449671199747,0.1562350878247316,0.8205128205128205,3.7943076303670404e-14,1.0650688085240816e-13,Birds,True,False
MGYS00005610,root:Host-associated:Birds,251,87,0.3762790931148898,0.3169268177561026,0.0593522753587871,0.7051792828685259,1.1443357306387731e-14,3.390624387077847e-14,Birds,True,False
MGYS00005609,root:Host-associated:Birds,314,68,0.4704335480380808,0.3949420945874104,0.0754914534506703,0.7484076433121019,1.378535992219997e-23,6.301878821577129e-23,Birds,True,False
MGYS00005600,root:Host-associated:Birds,286,150,0.2703475630751868,0.1749012636740136,0.0954462994011731,0.8986013986013986,2.858796510429502e-40,2.690632009816002e-39,Birds,True,False
MGYS00005593,root:Host-associated:Birds,150,129,0.5885566486630917,0.3607853617104376,0.227771286952654,0.86,1.9022991582307127e-20,7.078322449230558e-20,Birds,True,False
MGYS00005576,root:Host-associated:Birds,34,150,0.3736634619852029,0.2203314411460162,0.1533320208391866,0.9117647058823528,3.5739503800868995e-08,6.807524533498855e-08,Birds,True,False
MGYS00005187,root:Host-associated:Birds,400,4,0.1471024514441974,0.130703715257108,0.0163987361870893,0.515,0.2003818024257847,0.22578231259243348,Birds,False,False
MGYS00005316,root:Host-associated:Birds,400,145,0.5421392498194821,0.2568559623755629,0.2852832874439192,0.9025,1.5060954194771922e-57,3.0121908389543843e-56,Birds,True,False
MGYS00005317,root:Host-associated:Birds,400,150,0.4907007452171599,0.349465146533104,0.1412355986840558,0.8775,1.3522978810793892e-53,1.966978736115475e-52,Birds,True,False
MGYS00005309,root:Host-associated:Birds,72,150,0.3116226258396322,0.1936274564577218,0.1179951693819103,0.9027777777777778,1.6709026814241645e-12,3.874556942432846e-12,Birds,True,False
MGYS00004995,root:Host-associated:Birds,43,150,0.2558296117933217,0.2229569601991196,0.032872651594202,0.6744186046511628,0.1022076401111462,0.12024428248370142,Birds,False,False
MGYS00003706,root:Host-associated:Birds,400,150,0.5160892467975213,0.4221106650053141,0.0939785817922072,0.7725,2.0461254236329354e-34,1.4233915990489986e-33,Birds,True,False
MGYS00003681,root:Host-associated:Birds,122,150,0.6741644165689983,0.4435000708241504,0.2306643457448479,0.7622950819672131,4.108703914852822e-12,9.259051075724668e-12,Birds,True,False
MGYS00006764,root:Host-associated:Fish,21,150,0.2621035799511046,0.1807137841004104,0.0813897958506942,0.8571428571428571,1.811981201171875e-05,2.9888349710051545e-05,Fish,True,False
MGYS00006763,root:Host-associated:Fish,39,150,0.4196237621965643,0.3642860643921059,0.0553376978044583,0.8205128205128205,2.3796659661456943e-05,3.885168924319501e-05,Fish,True,False
MGYS00006762,root:Host-associated:Fish,137,150,0.4277122065796519,0.2895796138658811,0.1381325927137707,0.8029197080291971,1.8514010984288663e-14,5.385894104520338e-14,Fish,True,False
MGYS00006761,root:Host-associated:Fish,123,150,0.2951308579281724,0.2310030145312807,0.0641278433968917,0.7154471544715447,8.880400175577093e-10,1.8695579317004405e-09,Fish,True,False
MGYS00006758,root:Host-associated:Fish,135,143,0.5218039357864425,0.3124396652280896,0.2093642705583528,0.7333333333333333,2.601298498785815e-10,5.549436797409738e-10,Fish,True,False
MGYS00006041,root:Host-associated:Fish,400,30,0.2776490751498113,0.1643352144956464,0.1133138606541648,0.71,6.995323507416229e-32,3.997327718523559e-31,Fish,True,False
MGYS00006117,root:Host-associated:Fish,90,72,0.0280783844865868,0.0303911095857515,-0.0023127250991647,0.7,1.0043017278491953e-06,1.7094497495305453e-06,Fish,False,True
MGYS00006086,root:Host-associated:Fish,135,3,0.0,0.0,0.0,0.0888888888888888,1.0,1.0,Fish,False,False
MGYS00005503,root:Host-associated:Fish,400,150,0.5939884747165409,0.4670692000609014,0.1269192746556394,0.7,1.997264670376712e-30,1.065207824200913e-29,Fish,True,False
MGYS00003166,root:Host-associated:Fish,70,150,0.4174644979875987,0.3520884692564712,0.0653760287311275,0.7857142857142857,8.973570568522901e-07,1.5438400978103916e-06,Fish,True,False
MGYS00004672,root:Host-associated:Fish,33,150,0.4223023206692097,0.3721664218373613,0.0501358988318483,0.696969696969697,0.0575279225595295,0.07135246208933892,Fish,False,False
MGYS00002905,root:Host-associated:Fish,66,134,0.1914697157529315,0.0693671566905608,0.1221025590623706,0.8787878787878788,2.107866932199474e-09,4.240609832640591e-09,Fish,True,False
MGYS00002608,root:Host-associated:Fish,101,150,0.589337994457195,0.4285677085753994,0.1607702858817956,0.7227722772277227,4.037951900494873e-09,7.784003663604576e-09,Fish,True,False
MGYS00002413,root:Host-associated:Fish,173,150,0.5880647701683933,0.3563451171213158,0.2317196530470775,0.7283236994219653,1.5085083419406482e-16,4.732575190402034e-16,Fish,True,False
MGYS00002065,root:Host-associated:Fish,214,150,0.4987719354284047,0.3632668931507878,0.1355050422776168,0.7476635514018691,6.023085537966328e-20,2.1902129228968467e-19,Fish,True,False
MGYS00006798,root:Host-associated:Insecta,24,150,0.567204000434608,0.174270858892703,0.3929331415419049,0.875,8.344650268554688e-06,1.3907750447591146e-05,Insecta,True,False
MGYS00006019,root:Host-associated:Insecta,20,150,0.344717130783173,0.2151051901641342,0.1296119406190388,0.9,0.0002098083496093,0.000322782076322,Insecta,True,False
MGYS00005862,root:Host-associated:Insecta,21,150,0.3206689074416648,0.3463232120273244,-0.0256543045856596,0.7142857142857143,0.0595073699951171,0.07323983999399028,Insecta,False,False
MGYS00005215,root:Host-associated:Insecta,400,92,0.2964864175536165,0.2441628429867527,0.0523235745668637,0.7375,6.3458092987800204e-27,3.2752564122735585e-26,Insecta,True,False
MGYS00005163,root:Host-associated:Insecta,386,150,0.547997758186828,0.4673605334734203,0.0806372247134077,0.7461139896373057,2.789722004048674e-31,1.5391569677509925e-30,Insecta,True,False
MGYS00003800,root:Host-associated:Insecta,154,96,0.1841526296935407,0.184083222809472,6.940688406867346e-05,0.487012987012987,0.6706023900543987,0.7126080992782068,Insecta,False,False
MGYS00003705,root:Host-associated:Insecta,384,70,0.4083886527782269,0.3701932094092057,0.0381954433690211,0.6067708333333334,2.7686978173767286e-09,5.469032725682427e-09,Insecta,True,False
