,,0
2,0,0.37689926360118475
2,1,0.9861341464575357
2,2,0.9036291473174174
2,3,0.7010172319147676
2,4,0.4978092875122355
2,5,0.7510779137494557
2,6,0.7060295396135546
2,7,0.6340656038106477
2,8,0.9419384172450835
2,9,0.4693354118747461
2,10,0.6180437783085596
2,11,0.3616147733845678
2,12,0.6067429800613597
2,13,0.46332089616321176
2,14,1.4147238678125404
2,15,0.344547227592887
2,16,0.48283957833445196
2,17,0.7685460178097776
2,18,1.2931272174760657
2,19,1.0014763531241209
2,20,0.6125515436883286
2,21,0.5813366296487603
2,22,0.6108557631638785
2,23,0.37608219829808626
2,24,1.3108056772414578
2,25,1.2617794213585198
2,26,0.6801078790817062
2,27,0.5873264513772813
2,28,0.4408779191431851
2,29,0.4810687742143048
2,30,0.9418327774759234
2,31,1.4907155150120093
2,32,0.866393807753001
2,33,0.4813034430812786
2,34,0.5127282452071489
2,35,1.5131845414803171
2,36,0.6215922430983033
2,37,0.836540005798537
2,38,0.5924011582995494
2,39,0.6561408399783306
2,40,1.0509444077571093
2,41,1.0120421691169277
2,42,0.7401845282872692
2,43,1.255692566995443
2,44,0.5654465541357131
2,45,0.6553634556540546
2,46,1.5170681586614048
2,47,0.6716970989562613
2,48,1.3779606508613012
2,49,1.6948271397175598
2,50,1.6203389783989661
2,51,1.05802863999016
2,52,0.6647740291594337
2,53,1.260041403179023
2,54,0.5022037375213092
2,55,0.7790222390661452
2,56,0.9871387682927163
2,57,1.1766227412984684
2,58,0.8969564280044988
2,59,2.3112826376274462
2,60,1.0921593240753777
2,61,0.9183556835553792
2,62,1.0466622159180294
2,63,0.9736584820887122
2,64,2.8494514320661875
2,65,2.0550532068794576
2,66,0.6214953561038492
2,67,0.6749523105813663
2,68,0.625028378956477
2,69,0.35973891101518074
2,70,0.5711778109342135
2,71,0.9347986716598348
2,72,0.6995622264033468
2,73,0.5210083012882123
2,74,1.440963804903491
2,75,1.8277355107596238
2,76,1.2583290270300773
2,77,0.45943665959188834
2,78,1.1397639451970545
2,79,1.2787704952979666
2,80,1.009861731297192
2,81,1.6340131415984673
2,82,0.40363832695680507
2,83,3.1416954503208294
2,84,0.8732612816409264
2,85,0.37295980690649116
2,86,0.6046774770909686
2,87,1.3829106616622846
2,88,1.1842466908312594
2,89,1.2848468223487308
2,90,1.6801995608847349
2,91,1.24809317571405
2,92,1.1388559247828955
2,93,2.084972381558804
2,94,2.0625991609344263
2,95,0.5276264622015471
2,96,1.0594351718754234
2,97,1.1988512947832006
2,98,0.39410885252852806
2,99,2.3707703820283945
2,100,0.32190269874522015
2,101,0.45845580214341924
2,102,1.174627536112063
2,103,1.633049468227735
2,104,0.7798737966298667
2,105,1.6981396208852257
2,106,0.6830553925347042
2,107,0.8485335664537925
2,108,0.5410842652952328
2,109,1.359225921207275
2,110,3.20364965508117
2,111,0.7994196001820573
2,112,0.517613356849438
2,113,1.094466975292371
2,114,2.1185578892799626
2,115,1.0846360459388786
2,117,2.125239852337118
2,118,0.46907967337681994
2,119,2.1042249683148744
2,120,0.5123194602892357
2,121,0.7723938496421864
2,122,0.8867789372315551
2,123,1.6368244680049104
2,124,1.1317757993047912
2,125,0.7905407476744176
2,126,2.2190672368470703
2,127,0.7817830593725189
2,128,1.8382983080703585
2,129,1.7340007284514771
2,130,1.4542604676693305
2,131,1.427984391874188
2,132,1.177734206385932
2,133,1.0925474341756576
2,134,1.3737776912821738
2,135,1.5519946668422568
2,136,0.8433499942570907
2,137,2.4553964613270627
2,138,1.1475775869237326
2,139,2.3274927824123366
2,140,1.902605494956917
3,0,0.32633394313046954
3,1,0.7980714007832185
3,2,0.7663556075950257
3,3,0.6217274923243813
3,4,0.4222975651545384
3,5,1.0315615587754685
3,6,0.4852345677372094
3,7,0.4752332995612812
3,8,0.7150132326256596
3,9,0.3591764240625923
3,10,0.6291971073835754
3,11,0.3488734126834112
3,12,0.6683713501854535
3,13,0.4178612512050236
3,14,0.6923352823394133
3,15,0.5303673567631413
3,16,0.5866264603686002
3,17,0.550496868726298
3,18,0.4888024475063233
3,19,1.111744976090924
3,20,1.3612301324353417
3,21,1.5331674259967651
3,22,0.45627286225699687
3,23,0.9451268975114996
3,24,1.652220204023333
3,25,0.8628122687912454
3,26,0.7388644376986289
3,27,0.6712768858407371
3,28,0.5695621856204759
3,29,0.40997387362496707
3,30,2.372188314444411
3,31,0.8655220655050815
3,32,1.0188815384027448
3,33,0.4507544838197228
3,34,0.5081551395968767
3,35,1.3126906300299197
3,36,0.5837763031563772
3,37,1.3037931028450238
3,38,0.9048647386321285
3,39,0.8321022113900763
3,40,0.5371718119520907
3,41,1.6856008263301498
3,42,0.5709083369270808
3,43,1.571859560723046
3,44,0.981676854256043
3,45,0.8866181121812768
3,46,0.5964296047379964
3,47,0.7082946917651387
3,48,1.6999927993174246
3,49,0.7229926303859074
3,50,0.5334755463204767
3,51,0.5325814647237109
3,52,0.9202389796315928
3,53,0.39944379000333496
3,54,0.7936614186366585
3,55,0.7400266043765396
3,56,1.199648830612596
3,57,1.2394399301339587
3,58,0.5030070964566639
3,59,1.7626256920028007
3,60,1.240573906387523
3,61,1.2599144048483475
3,62,0.9594289030390589
3,63,0.8219697105261559
3,64,1.827148725246345
3,65,1.9124113181124147
3,66,0.7415813090727171
3,67,1.5916690296788945
3,68,0.5890855906165283
3,69,1.1886745714719735
3,70,0.6956470398713505
3,71,0.8270676363483609
3,72,1.2462443608854294
3,73,0.6007844296304448
3,74,2.1367817095613875
3,75,0.9536479404923749
3,76,0.9062483165528018
3,77,0.4283709763539524
3,78,0.7207007041181935
3,79,0.43737441507713104
3,80,0.9687442597985765
3,81,0.7561535030318615
3,82,0.39956626206242524
3,83,1.5104967398577536
3,84,0.9036062052030381
3,85,1.7290603621353355
3,86,1.7397169914184805
3,87,0.48761543148497427
3,88,1.207692352522824
3,89,0.6660766158867613
3,90,0.56771431027877
3,91,1.2334336883838475
3,92,1.8228963962080074
3,93,0.8080872510159697
3,94,0.3318993041041759
3,95,1.8434159356882531
3,96,0.35481916860256596
3,97,1.316087993337147
3,98,1.278151124043641
3,99,1.8861738444252671
3,100,0.3976074130590211
3,101,0.4528107492742394
3,102,1.0890877527067093
3,103,0.3983618750717616
3,104,1.3154444637886664
3,105,1.3667061880021283
3,106,0.6332581763578753
3,107,0.981409968034788
3,108,1.3761558044508495
3,109,3.051609080402461
3,110,1.518543213749233
3,112,1.1107030613367443
3,113,0.997713630513305
3,114,1.6340819384456244
3,115,0.48538943968554205
3,117,0.9653137347185006
3,118,0.6017532718687967
3,119,1.9610970957817837
3,120,0.3983394256878541
3,121,1.498401008583018
3,122,1.6721429610288723
3,123,0.4560944802753114
3,124,1.6700480269794873
3,125,0.8999868565003248
3,126,1.5302292246125762
3,127,0.8367051201585508
3,128,2.266555584423961
3,129,1.4167384233331293
3,130,1.6985548885129205
3,131,2.006858468433121
3,132,0.7907646310783549
3,133,1.4556805374593635
3,134,1.3567968787690163
3,135,1.5934583271999807
3,136,1.7946440101029177
3,137,2.54843278417674
3,138,1.9276955659881712
3,139,2.618180182006298
3,140,1.6034794472460685
4,0,0.40731431675942215
4,1,0.8129293645044738
4,2,1.41619342231608
4,3,0.6238648331593247
4,4,0.683240245829549
4,5,0.6731016707738332
4,6,0.5685105154912167
4,7,0.7822118412530388
4,8,0.6951077850104563
4,9,0.44073050829717414
4,10,0.7871032154550586
4,11,0.44567411191310774
4,12,0.9241103264823
4,13,0.3691655145792801
4,14,0.7629029305616891
4,15,0.40113085793426545
4,16,0.7765433629757278
4,17,0.6111820449733395
4,18,1.1503340493678864
4,19,1.153307966382971
4,20,1.5908708124647626
4,21,0.756559402148289
4,22,0.7104223163901823
4,23,0.9935172604866399
4,24,1.1443831113769163
4,25,1.1371767279327314
4,26,1.0829393231378421
4,27,1.228285039670292
4,28,0.6496269946340817
4,29,0.351038851785306
4,30,2.472039974646637
4,31,0.7440227449721374
4,32,0.8787282237754978
4,33,1.0248568925969381
4,34,0.6318934410699124
4,35,1.5100796353701342
4,36,1.366322190189189
4,37,1.8579875802734513
4,38,1.631527861970356
4,39,0.45822949622040515
4,40,0.6759767553995765
4,41,1.8357467205786147
4,42,1.1485153092141112
4,43,1.5316101486045117
4,44,0.7990094534292893
4,45,0.6208886764802635
4,46,1.0466458161140182
4,47,0.47186954962144445
4,48,2.219173592200493
4,49,0.928981111585828
4,50,1.699001658760479
4,51,0.8851862168269866
4,52,0.576772962060317
4,53,1.3802020160072277
4,54,0.4092664419838948
4,55,0.36724588814530523
4,56,1.2756485802006876
4,57,1.7405957822336946
4,58,0.6035467856781069
4,59,1.2652154872496144
4,60,0.7443499001835696
4,61,1.7420880511780619
4,62,0.7512625447858827
4,63,1.7736229520294735
4,64,1.1878016354936216
4,65,0.38559599464240424
4,66,0.5070557547733228
4,67,0.5262630919323064
4,68,0.7725521772089075
4,69,0.9196349946498195
4,70,0.7590277401635473
4,71,0.8187082109526591
4,72,0.5932361480169831
4,73,0.7743834244311762
4,74,1.087208715556967
4,75,1.9176189206827305
4,76,0.4437533886258242
4,77,0.6133763237969336
4,78,0.8528866971530796
4,79,0.7425360977911302
4,80,0.42187214614128327
4,81,1.1649495397132257
4,82,0.7480367738874881
4,84,0.3273009404785063
4,85,0.6639089698823832
4,86,0.7062816788126146
4,87,0.5538226910396705
4,88,0.3582044352272776
4,89,0.7604342493815526
4,90,1.5696629508395192
4,91,0.295597168071191
4,93,0.6203967138880702
4,94,0.520944152044226
4,95,1.774481156229488
4,96,0.8730511036367232
4,97,0.8157436461160158
4,98,0.39363142895223896
4,99,2.2309540020721856
4,100,0.4512263913906849
4,101,0.5627049877104746
4,102,1.8430609101022102
4,103,1.638337621722962
4,104,0.9082159092672853
4,105,0.30466726788552817
4,106,0.5519631644546383
4,107,1.3600986172030105
4,108,1.6124330184234281
4,109,2.5067441494562948
4,110,1.742092330623016
4,111,3.3584178942729435
4,112,1.4702929977231702
4,113,1.8686613007838426
4,114,1.762747105222885
4,115,1.1830447231535717
4,116,3.114994820622121
4,117,2.1865208879082028
4,118,0.7457878238440528
4,119,2.238907988696709
4,120,0.4263826428588134
4,121,0.565992082386155
4,122,0.8770784098141134
4,123,0.8414311535656196
4,124,0.855177273280261
4,125,1.1201294523644787
4,126,1.1094093716503466
4,127,0.40077341354200263
4,128,2.370361831176207
4,129,0.9921665024327062
4,130,0.8832614159243402
4,131,1.5486000530084816
4,132,1.0988849581000468
4,133,1.2461791804339735
4,134,1.1467983532241366
4,135,1.98826422741078
4,136,1.1762901413660354
4,137,1.798524636225347
4,138,2.1540982272156035
4,139,2.883585022872233
4,140,0.7355973505444193
5,0,0.4440985745213627
5,1,0.869795724347327
5,2,1.1065782757268021
5,3,0.8561664563017204
5,4,0.8061620502084392
5,5,1.7326505696407992
5,6,0.5633074022673876
5,7,0.7122035635529979
5,8,1.060591428162002
5,9,0.40358277180866575
5,10,0.8661552199376632
5,11,0.5902116425519685
5,12,0.8876085010759792
5,13,0.5293563933512923
5,14,1.396750639108815
5,15,0.46002057939459823
5,16,0.6818656924223658
5,17,0.6321412687331662
5,18,0.9420332537822258
5,19,1.6858658770394683
5,20,1.1096729862224521
5,21,0.9560640411094714
5,22,0.5791285075645752
5,23,0.8915416614860378
5,24,0.9328769743714365
5,25,1.2662649087997606
5,26,1.435785619513046
5,27,0.8253788009970731
5,28,0.7032968896587861
5,29,0.48127449884280354
5,30,4.307229181645005
5,31,0.7183545741386697
5,32,0.9105797225634568
5,33,0.4177683712630526
5,34,0.627542028486537
5,35,1.114762982843488
5,36,1.0066137338161616
5,37,3.102923611448045
5,38,1.3405341554707335
5,39,1.440510272341655
5,40,0.833848807343135
5,41,3.414919344135748
5,42,1.06936561770951
5,43,3.4270057009050143
5,44,0.5059447993835048
5,45,1.6139334282357873
5,46,1.7436592383337568
5,47,0.5389964334235615
5,48,1.363387933341068
5,49,1.385354209325343
5,50,0.636380827119619
5,51,0.8596006108308438
5,52,0.5870565204494081
5,53,0.8581352827730094
5,54,0.4230791689534699
5,55,0.9513253153075424
5,56,1.4862231648480253
5,57,1.5809864240441378
5,58,0.6549818311063885
5,59,2.06007872661262
5,60,1.4770973475915028
5,61,1.0223295600003686
5,62,0.6083530825823651
5,63,1.5483832244198508
5,64,1.6045894296050114
5,65,0.318048740548817
5,66,0.5816331548262414
5,67,0.6673867035651551
5,68,2.138176950952557
5,69,0.4545256360866885
5,70,0.720256210534009
5,71,1.1284173530743042
5,72,0.43630409216798155
5,73,0.4169520150185353
5,74,1.1339774707555677
5,75,2.415517638675547
5,76,1.0057820929995018
5,77,0.39540884661658127
5,78,1.5032683248107137
5,79,1.7622781288289817
5,80,0.6902818785694101
5,81,1.42542765898171
5,82,2.5252352591544405
5,83,2.0745787886221687
5,84,0.4010639017411298
5,85,0.963307504816675
5,86,0.44736896788873454
5,87,0.3961421248306499
5,88,2.0094175199193214
5,89,0.9209178645373205
5,90,0.849389134326528
5,91,0.40519268056203717
5,92,1.2024383824853953
5,93,1.603021793274493
5,94,1.0603005008781523
5,95,1.6468319129656674
5,96,0.5035970315333619
5,97,0.5526225030432576
5,98,0.5322331229918803
5,99,1.017720980162286
5,100,1.2369508532085889
5,101,0.5535610017542077
5,102,1.426645931618927
5,103,0.5808971647418749
5,104,0.6309155899860824
5,105,0.8392165462145601
5,106,1.4153331711542987
5,107,1.1649839568598288
5,108,0.9960790541015072
5,109,1.061650924918446
5,110,2.0050071432529295
5,111,1.6406273114478507
5,112,0.8002123346260984
5,113,0.538767580733457
5,114,0.435929555403423
5,115,1.6253820908936394
5,116,3.8813284236460444
5,118,0.8396549294927828
5,119,1.0494728881205788
5,120,0.5722909879589677
5,121,1.0402375386186478
5,122,1.5623064051423237
5,123,0.8438026506000532
5,124,1.347194040265376
5,125,1.2706204414571103
5,126,1.314988813814201
5,127,0.8771738219337167
5,128,0.41718213702957463
5,129,1.2233533295754884
5,130,1.3237041441714237
5,132,1.6335244249023952
5,133,1.466938537190791
5,134,1.436456155686086
5,135,3.514795634286402
5,136,0.5017598437854411
5,138,1.2825855347204984
5,139,2.851949998343235
5,140,1.5813738041093104
