tool,kind,where_used,counts_for_gate,note
NumPy,library,src/microtwin; run_bench.py; scripts/,True,
SciPy,library,src/microtwin/audit.py; scripts/ (stats; FDR inputs),True,
pandas,library,scripts/; paper/build_paper.py,True,
PyTorch,library,src/microtwin/models.py; run_bench.py (cNODE and graph-twin models),True,
Matplotlib,library,scripts/summarise_audit.py (fig_mgnify_audit.png),True,
python-docx,library,paper/paperkit.py,False,infrastructure (excluded per program convention 25 Sep 01:18)
pytest,test framework,tests/test_microtwin.py; tests/test_audit.py,False,infrastructure (excluded per program convention 25 Sep 01:18)
LibreOffice (soffice headless),application,paper docx -> pdf render,False,infrastructure (excluded per program convention 25 Sep 01:18)
poppler pdfinfo,application,page count of rendered paper,False,infrastructure (excluded per program convention 25 Sep 01:18)
Git + GitHub,service,repo hosting and pushes,False,infrastructure (excluded per program convention 25 Sep 01:18)
EBI MGnify REST API v1,web API,scripts fetching data/raw/mgnify (manifest.csv); scripts/keystone_mgnify.py,True,
cNODE published benchmark data (Michel-Mata et al. 2022),public data release,data/raw/cnode/*.csv; run_bench.py,True,
MDSINE2 published data and Source Data (Gibson et al. 2025),public data release,data/raw/mdsine2*; mdsine2 head-to-head results,True,
scikit-bio,library,"scripts/predictors_audit.py (Shannon alpha, Bray-Curtis beta diversity)",True,
scikit-learn,library,"scripts/predictors_audit.py (random forest, CV, permutation importance)",True,
networkx,library,"scripts/predictors_audit.py (co-occurrence network density, modularity)",True,
statsmodels,library,scripts/predictors_audit.py (OLS with HC3 robust SEs),True,
NCBI Taxonomy (E-utilities esearch/efetch),database/web API,scripts/keystone_taxonomy.py (genus -> phylum lineage),True,
BugSigDB (genus signature export),database,data/ref/bugsigdb_signatures_genus_taxname.gmt; scripts/keystone_bugsigdb.py (literature cross-check),True,
GTDB (release v232 bac120 taxonomy),database,scripts/keystone_gtdb.py,True,independent phylogenomic taxonomy replication of keystone phylum enrichment
Madin et al. 2020 bacterial/archaeal trait database (condensed_species_NCBI),database,scripts/keystone_traits.py,True,keystone physiological trait association
KEGG REST (genome list + KO-gene links),database,scripts/keystone_kegg.py,True,genomic anaerobic/aerobic marker check of keystones
BV-BRC genome API (oxygen_requirement facets),database,scripts/keystone_bvbrc.py,True,third-source anaerobe annotation for keystone genera
"IJSEM phenotypic database (Barberan et al. 2017, figshare 4272392)",database,scripts/keystone_ijsem.py,True,oxygen preference per genus; pre-registered check 142c972; overlaps Madin sources (not independent)
NCBI Datasets v2 API (genome dataset_report),database/service,scripts/keystone_genomesize.py,True,reference-genome size and GC per genus; pre-registered 66d7f05
Open Tree of Life API v3 (TNRS match_names + induced synthetic subtree),web API,scripts/keystone_otol.py,True,independent phylogeny for anaerobe-keystone PGLS; pre-registered ce6fd94
ProTraits (Brbic et al. 2016; protraits.irb.hr integrated Pr>=0.95),database,scripts/keystone_protraits.py,True,pre-registered oxygen check 4f748be; coverage gate FAILED (51 genera)
Disbiome (disbiome.ugent.be experiment API),database/web API,scripts/keystone_disbiome.py,True,pre-registered literature check 899f554; D1 PASS
Europe PMC REST API (search hitCount),web API,scripts/keystone_europepmc.py,True,pre-registered study-bias control 0358299; E1 PASS
gglasso (Schaipp et al. 2021 graphical lasso),library,scripts/keystone_gglasso.py,True,alternative network inference for keystones; pre-registered 3129971; H1 FAILED
Wikidata SPARQL endpoint (P2597 Gram staining),web API/knowledge graph,scripts/keystone_wikidata.py,True,pre-registered 0ecdd41 (+QID fix 1f20b4a); Madin Gram null replicated
ENA portal API + ENA taxonomy REST (assembly counts),web API,scripts/keystone_ena.py,True,pre-registered sequencing-effort control 9451f14; A1 PASS
GBIF API v1 (species/match + occurrence country facets),web API,scripts/keystone_gbif.py,True,pre-registered generalism rival 9f6cc62; B1 PASS
UniProt REST API (uniprotkb search counts, reference proteomes),web API,scripts/keystone_uniprot.py,True,pre-registered anaerobe-index replication c9ea858; U1 PASS
Crossref REST API (works total-results),web API,scripts/keystone_crossref.py,True,pre-registered literature control 6ff904c (replaces OpenAlex 429); C1 PASS C2 PASS
python-igraph (betweenness centrality),library,scripts/keystone_igraph.py,True,pre-registered third network definition 0962035; I1 FAIL (p=0.34)
EBI Search REST (Ensembl Genomes genome domain),web API,scripts/keystone_ensembl.py,True,pre-registered sequencing-effort replication be7175d; S1 PASS
XGBoost (gradient-boosted trees),library,scripts/keystone_xgboost.py,True,pre-registered out-of-sample GAI test 9cf67ae; X1 PASS by criterion but absolute CV R2 negative
InterPro API (protein counts per taxon and entry),web API,scripts/keystone_interpro.py,True,pre-registered anaerobe-index replication b327560; P1 PASS
HOMD expanded Human Oral Microbiome Database (taxon table v4.2),database,scripts/keystone_homd.py,True,pre-registered oral-taxon rival 0aa4eb0 (+parser addendum 5658ee6); M1 PASS
EBI Search REST (RNAcentral rRNA sequences),web API,scripts/keystone_rnacentral.py,True,pre-registered rRNA-effort control 9814c7a; R1 PASS
bambi / PyMC (Bayesian hierarchical logistic),library,scripts/keystone_bambi.py,True,pre-registered Bayesian re-fit 45e3254; BY1 PASS
NCBI PubTator3 API (search counts),web API,scripts/keystone_pubtator.py,True,pre-registered oral-index replication 45e3254 (+addendum 3d16589); PT1 FAIL
Biopython Bio.Phylo (synthetic-tree topology),library,scripts/keystone_biophylo.py,True,pre-registered a2e24b7; BP1 FAIL oral clustering p=0.53
LightGBM,library,scripts/keystone_boosters.py,True,pre-registered fd7a9e2; B1 PASS absolute out-of-fold R2 0.133
CatBoost,library,scripts/keystone_boosters.py,True,pre-registered fd7a9e2; B1 PASS absolute out-of-fold R2 0.119
SHAP TreeExplainer,library,scripts/keystone_shap.py,True,pre-registered c12838f; SH1 PASS GAI largest mean absolute attribution in full LightGBM
SymPy symbolic algebra,library,scripts/keystone_sympy.py,True,pre-registered c12838f; SY1 PASS RHS invariants for cNODE and gLV
