genus,studies,top,frac_top,p,q_bh
Acinetobacter,32,22,0.6875,2.3627632274605656e-15,1.3231474073779166e-13
Pseudomonas,34,20,0.5882352941176471,3.4367075799906436e-12,7.966283892670575e-11
Staphylococcus,31,19,0.6129032258064516,4.267652085359237e-12,7.966283892670575e-11
Abiotrophia,20,15,0.75,9.481303720000011e-12,8.849216805333343e-11
Peptostreptococcus,20,15,0.75,9.481303720000011e-12,8.849216805333343e-11
Solobacterium,20,15,0.75,9.481303720000011e-12,8.849216805333343e-11
Bifidobacterium,26,17,0.6538461538461539,1.2810380798769867e-11,1.0248304639015893e-10
Lautropia,21,15,0.7142857142857143,3.0079956880000025e-11,1.6844775852800012e-10
Treponema,21,15,0.7142857142857143,3.0079956880000025e-11,1.6844775852800012e-10
Peptococcus,21,15,0.7142857142857143,3.0079956880000025e-11,1.6844775852800012e-10
Fastidiosipila,24,16,0.6666666666666666,3.338913051015403e-11,1.6998102805169325e-10
Lactobacillus,34,19,0.5588235294117647,4.1649432962360486e-11,1.943640204910156e-10
Blautia,28,17,0.6071428571428571,7.224555155610398e-11,3.112116067032171e-10
Atopobium,26,16,0.6153846153846154,1.9801912820122747e-10,7.392714119512492e-10
Haemophilus,26,16,0.6153846153846154,1.9801912820122747e-10,7.392714119512492e-10
Oribacterium,23,15,0.6521739130434783,2.2334682015370022e-10,7.817138705379508e-10
Fusobacterium,30,17,0.5666666666666667,3.3066653970711365e-10,1.0892544837410803e-09
Porphyromonas,27,16,0.5925925925925926,4.4047421570989916e-10,1.174597908559731e-09
Bacillus,27,16,0.5925925925925926,4.4047421570989916e-10,1.174597908559731e-09
Campylobacter,27,16,0.5925925925925926,4.4047421570989916e-10,1.174597908559731e-09
Alloprevotella,27,16,0.5925925925925926,4.4047421570989916e-10,1.174597908559731e-09
Megasphaera,21,14,0.6666666666666666,5.862435922000005e-10,1.4922564165090922e-09
Corynebacterium,31,17,0.5483870967741935,6.633469751291385e-10,1.6151056785752935e-09
Streptococcus,35,18,0.5142857142857142,8.392276849505598e-10,1.9581979315513063e-09
Rothia,28,16,0.5714285714285714,9.314457679149592e-10,2.0864385201295085e-09
Sphingomonas,25,15,0.6,1.2237906522763768e-09,2.63585678951835e-09
Gemella,29,16,0.5517241379310345,1.8831752383432304e-09,3.6364763223179623e-09
Bacteroides,29,16,0.5517241379310345,1.8831752383432304e-09,3.6364763223179623e-09
Dialister,29,16,0.5517241379310345,1.8831752383432304e-09,3.6364763223179623e-09
Granulicatella,23,14,0.6086956521739131,3.3893083142128034e-09,6.3267088531972326e-09
Veillonella,30,16,0.5333333333333333,3.6574708939273636e-09,6.607044195481689e-09
Candidatus_Saccharimonas,21,13,0.6190476190476191,9.345820848490006e-09,1.635518648485751e-08
Leptotrichia,22,13,0.5909090909090909,2.0733271281667017e-08,3.4148917405098616e-08
Parvimonas,22,13,0.5909090909090909,2.0733271281667017e-08,3.4148917405098616e-08
Prevotella,26,14,0.5384615384615384,2.9898767348013516e-08,4.783802775682162e-08
Enterococcus,27,14,0.5185185185185185,5.633569708213213e-08,8.569352819678743e-08
Bergeyella,20,12,0.6,5.814917984782005e-08,8.569352819678743e-08
Flavobacterium,20,12,0.6,5.814917984782005e-08,8.569352819678743e-08
Actinomyces,31,15,0.4838709677419355,6.254190796362579e-08,8.98037652811037e-08
Anaerococcus,24,13,0.5416666666666666,8.571006345337504e-08,1.1706740374119517e-07
Roseburia,24,13,0.5416666666666666,8.571006345337504e-08,1.1706740374119517e-07
Streptomyces,21,12,0.5714285714285714,1.2322032518026007e-07,1.6429376690701342e-07
Neisseria,25,13,0.52,1.620834160186066e-07,2.1108537900097603e-07
Mogibacterium,20,11,0.55,7.088606331722206e-07,9.02186260401008e-07
Faecalibacterium,25,12,0.48,1.4839299027245375e-06,1.8466683233905356e-06
Anaerostipes,22,11,0.5,2.4599251540681827e-06,2.869912679746213e-06
Paucibacter,22,11,0.5,2.4599251540681827e-06,2.869912679746213e-06
Methylobacterium,22,11,0.5,2.4599251540681827e-06,2.869912679746213e-06
Lactococcus,25,11,0.44,1.1681031371598862e-05,1.3349750138970126e-05
Parabacteroides,21,10,0.47619047619047616,1.242166679301143e-05,1.3377179623243079e-05
Subdoligranulum,21,10,0.47619047619047616,1.242166679301143e-05,1.3377179623243079e-05
Lachnoclostridium,21,10,0.47619047619047616,1.242166679301143e-05,1.3377179623243079e-05
Clostridium,22,10,0.45454545454545453,2.072311815879747e-05,2.1896124847031288e-05
Cutibacterium,20,9,0.45,5.985853174036023e-05,6.094686868109405e-05
Dorea,20,9,0.45,5.985853174036023e-05,6.094686868109405e-05
Peptoniphilus,21,9,0.42857142857142855,9.54361804508718e-05,9.54361804508718e-05
